type,path_id,name
MonoScript,35,HeroSelectedTargetingPanel
MonoScript,59,UpgradeObject
MonoScript,81,UpgradesGemsCell
MonoScript,100,PlayFabExperimentationModels
MonoScript,103,HeroSelectedLevelMultCell
MonoScript,105,UpgradesWeeklyPanel
MonoScript,116,UpgradesRunesPanel
MonoScript,118,MultiplayFleetBuildConfigurationSwitchRequest
MonoScript,147,HeroSelectedLevelMilestoneCell
MonoScript,209,RawImage
MonoScript,230,UpgradesUltimusPanel
MonoScript,251,HeroMenu
MonoScript,262,HeroSelectedRankPanel
MonoScript,292,ExponentialBackOffRetryPolicy
MonoScript,293,MapPlacementUpgradeCell
MonoScript,306,HeroMenuAttributeCell
MonoScript,321,AutomationUpgradeActiveCell
MonoScript,401,HeroSelectedSynergyCell
MonoScript,412,HeroBuildMenu
MonoScript,414,AutomationUpgradeCell
MonoScript,419,MapPerkUpgradeCell
MonoScript,446,HeroSelectedPanel
MonoScript,485,HeroMenuSynergyCell
MonoScript,498,WavePerksPanel
MonoScript,548,UpgradesWeeklyCell
MonoScript,570,NewRunesCell
MonoScript,644,PromoHeroPanel
MonoScript,646,NewRunesPanel
MonoScript,735,HeroSelectedStatsPanel
MonoScript,740,HeroSelectedSynergyCellMinimized
MonoScript,792,HeroMenuSettingsPanel
MonoScript,819,PvpWeeklyBossPanel
MonoScript,824,HeroBuildCell
MonoScript,840,UpgradesUltimusCell
MonoScript,851,HeroMenuInfoPanel
MonoScript,891,UpgradesSpellsPanel
MonoScript,896,PresetsSpellPanel
MonoScript,990,BossPanel
MonoScript,991,UpgradeManager
MonoScript,1012,WavePerksCell
MonoScript,1045,UpgradesTournamentCell
MonoScript,1082,UpgradesPowerUpsPanel
MonoScript,1200,WavePerkPriorityPanel
MonoScript,1235,UpgradesPanel
MonoScript,1239,WavePerkPriorityCell
MonoScript,1284,UpgradesMasteryCell
MonoScript,1356,LeaderboardVersionRange
MonoScript,1400,FogImageEffect
MonoScript,1425,UsecaseSwitcher
MonoScript,1432,HeroManager
MonoScript,1449,PresetsHeroPanel
MonoScript,1485,BossPanelSidePanel
MonoScript,1507,HeroMenuSynergyPanel
MonoScript,1556,MapPlacementBonusPrestigeMenu
MonoScript,1576,OutlineImageEffect
MonoScript,1589,AutoSwitchLayout
MonoScript,1606,PlayFabExperimentationAPI
MonoScript,1640,ParticleImage
MonoScript,1641,HeroSelectedSynergyPanel
MonoScript,1700,UpgradesPowerUpsCell
MonoScript,1713,Map_AstralSwitch
MonoScript,1726,UpgradesSpellsCell
MonoScript,1731,ImagesManager
MonoScript,1739,LeaderboardVersionRange
MonoScript,1752,TextDamage
MonoScript,1768,UpgradesResearchCell
MonoScript,1783,UpgradesTournamentPanel
MonoScript,1845,UpgradesInfoPanel
MonoScript,1877,MultiplayFleetBuildConfigurationSwitchStatus
MonoScript,1904,UpgradesMasteryPanel
MonoScript,1946,HeroObjTracker
MonoScript,1961,HeroData
MonoScript,1967,Hero
MonoScript,1971,SpellButton
MonoScript,2048,FiltersProducer
MonoScript,2077,HeroSelectedCombatStylePanel
MonoScript,2088,Shadow
MonoScript,2139,HotkeySpellsPanel
MonoScript,2145,UpgradesTechCell
MonoScript,2158,MapPerkUpgradePanel
MonoScript,2163,HeroSelectedCombatStyleCell
MonoScript,2253,GetLeaderboardPlayerRange400OneOf
MonoScript,2260,HeroPlacement
MonoScript,2330,UpgradesResearchPanel
MonoScript,2332,WavePerksCard
MonoScript,2335,HeroMenuButton
MonoScript,2339,PlayFabExperimentationInstanceAPI
MonoScript,2375,PrestigePanel
MonoScript,2386,UpgradesRunesCell
MonoScript,2413,UpgradesGemsPanel
MonoScript,2428,HeroMenuRankPanel
MonoScript,2481,HeroSelectedLevelPanel
MonoScript,2487,UpgradesTechPanel
MonoScript,2488,Image
Material,17,Alien Big Blink
Material,18,supreme alien
Material,19,ultimus blue
Material,20,ultimus green
Material,21,ultimus red
Material,22,ultimus supreme
Material,23,Alien Wreck
Material,63,ring_shockwave_ADD
Material,70,wave3_ADD
Material,72,explosion_spritesheet_3x3_AB
Material,82,magic_runecircle_ADD
Material,93,skill_chaos
Material,94,skill_critBoost
Material,95,skill_curse
Material,96,skill_dmgBoost
Material,97,skill_powerBoost
Material,98,skill_skillBoost
Material,99,skill_speedBoost
Material,100,skill_splashBoost
Material,147,Tree 02 Leaves Orange
Material,149,FX Power Stone Spell
Material,169,Mimic Chest Gold
Material,197,Shadow
Material,198,Supreme Shadow
Material,214,Training Dummy golden var
Material,220,Cactus Boss
Material,243,Soul Mage
Material,246,Angel Mage
Material,251,Death Mage
Material,255,Fire Mage
Material,261,Ice Mage
Material,268,Eyeball Mage Green
Material,269,power mage golden var
Material,271,Goblin Trooper
Material,272,Weapon  golden var
Material,274,goblin golden variant
Material,276,Cyclops Bat Mage
Texture2D,352,Angel Mage
Texture2D,356,energyBoss_head
Texture2D,359,techBoss_supreme
Texture2D,363,Alien Big Blink
Texture2D,364,_runeCommon
Texture2D,366,inRange
Texture2D,369,Cyclops Bat Mage
Texture2D,377,energy1
Texture2D,392,_hero
Texture2D,396,_gem
Texture2D,399,FX Power Stone Spell
Texture2D,403,worldBoss2
Texture2D,404,shadow
Texture2D,405,druid
Texture2D,406,shadow
Texture2D,409,gems3
Texture2D,411,ultimusBoss_head
Texture2D,420,Death Mage
Texture2D,423,_energy2
Texture2D,428,_prestigeBg
Texture2D,429,militia
Texture2D,430,_bosses
Texture2D,436,_archmage
Texture2D,438,_expUltra
Texture2D,443,_skillCd
Texture2D,448,_damage
Texture2D,449,shadow
Texture2D,452,Icon_ShopIcon_Gem0
Texture2D,456,Alien Wreck
Texture2D,460,_trainerExp2
Texture2D,463,goldBossesSingleWave
Texture2D,465,goldHoarder_golden
Texture2D,472,prestigeOver40k
Texture2D,477,energyBoss
Texture2D,481,worldBoss1
Texture2D,491,_functionUpgrade
Texture2D,495,_wavePerkWaves2
Texture2D,498,Training Dummy golden var
Texture2D,504,viking2
Texture2D,506,Btn_MainButton_Orange
Texture2D,511,heroRanks1
Texture2D,513,gems2
Texture2D,520,_goldUltra
Texture2D,524,killsUltimus
Texture2D,532,button_grey_noShadow
Texture2D,533,Eyeball Mage Green
Texture2D,534,_upgrades
Texture2D,535,Shadow
Texture2D,538,_expSuper
Texture2D,541,militia_head
Texture2D,551,button_sky_noShadow
Texture2D,559,heroRanks6
Texture2D,576,_rune
Texture2D,578,rogue_head
Texture2D,597,_rune
Texture2D,604,gems4
Texture2D,607,Soul Mage
Texture2D,609,techBoss_head
Texture2D,610,ultimusSupreme
Texture2D,624,magic_runecircle
Texture2D,625,meleeKills10m
Texture2D,626,_skillDuration
Texture2D,629,_rune2
Texture2D,643,heroRanks2
Texture2D,644,_skillPower
Texture2D,645,heroRanks5
Texture2D,649,expBoss_golden
Texture2D,651,goldBoss_head
Texture2D,652,supremeBoss
Texture2D,656,_heroes
Texture2D,661,_heroHelm
Texture2D,666,viking_head
Texture2D,668,apprentice
Texture2D,669,_runeRare
Texture2D,671,Ice Mage
Texture2D,674,_ultimusCharge
Texture2D,675,hunter
Texture2D,676,shadow
Texture2D,686,killsBosses
Texture2D,691,Icon_ShopIcon_Gold4
Texture2D,692,killsAliens
Texture2D,694,viking
Texture2D,702,zeroPerksWave50k
Texture2D,712,_typeMelee
Texture2D,716,ring_shockwave
Texture2D,717,rogue
Texture2D,718,_prestigePower
Texture2D,721,_allHeroes
Texture2D,731,ranger
Texture2D,732,gold
Texture2D,734,gems9
Texture2D,735,gems11
Texture2D,740,heroRanks3
Texture2D,741,_expand
Texture2D,743,rogue
Texture2D,744,prestige4
Texture2D,754,Weapon golden var
Texture2D,761,killsGoblins
Texture2D,770,_spellBook
Texture2D,772,noGoldWave25k
Texture2D,774,_bossDmg
Texture2D,775,Fire Mage
Texture2D,782,_runeSupreme
Texture2D,799,battlemage
Texture2D,808,_skillPower
Texture2D,811,Icon_ShopIcon_Gold3
Texture2D,813,Icon_ShopIcon_Gold0
Texture2D,817,gems6
Texture2D,819,skymage_head
Texture2D,823,exp
Texture2D,825,goldHoarder
Texture2D,826,prestige3
Texture2D,829,_typeMage
Texture2D,835,Mimic Chest Gold
Texture2D,837,druid
Texture2D,841,_skillcd
Texture2D,845,_gold
Texture2D,860,shadow
Texture2D,861,_coinBoss
Texture2D,865,killsShadows
Texture2D,869,shadowBoss
Texture2D,874,wave3
Texture2D,877,_hoarderGold
Texture2D,880,Icon_ShopIcon_Gold2
Texture2D,881,battlemage_head
Texture2D,882,goblin golden variant
Texture2D,887,_spellCd
Texture2D,888,_runeShard
Texture2D,898,expBoss_head
Texture2D,906,button_yellow_noShadow
Texture2D,909,Icon_ShopIcon_Gem4
Texture2D,911,_boss
Texture2D,915,expBoss
Texture2D,919,_typeRange
Texture2D,920,_shadow
Texture2D,925,goldProcs2
Texture2D,931,_range
Texture2D,939,_energyUltra
Texture2D,941,gems12
Texture2D,942,Icon_ShopIcon_Gem3
Texture2D,946,_bossExp
Texture2D,953,spelldancer_head
Texture2D,958,button_green_noShadow
Texture2D,959,ultimus_blueMelee
Texture2D,960,_skill
Texture2D,961,heroCard
Texture2D,963,sovereign_head
Texture2D,969,shadow
Texture2D,970,_exp
Texture2D,971,gems1
Texture2D,978,witch
Texture2D,980,shadow_head
Texture2D,996,killsPowerMages
Texture2D,999,spelldancer
Texture2D,1000,prestige1
Texture2D,1015,_runeMythic
Texture2D,1017,tooltip (rune)
Texture2D,1019,rangecircle
Texture2D,1022,ultimus_greenRange
Texture2D,1032,_prestige
Texture2D,1034,prestige2
Texture2D,1041,cloud_2x2_hardshadow
Texture2D,1046,energy2
Texture2D,1047,immune_melee
Texture2D,1049,_startingGold
Texture2D,1052,_prestigePower
Texture2D,1054,Goblin Trooper
Texture2D,1060,exp2
Texture2D,1064,heroRanks4
Texture2D,1065,killsTrainers
Texture2D,1067,_research
Texture2D,1070,power mage golden var
Texture2D,1073,gems10
Texture2D,1080,pvpBoss_head
Texture2D,1083,exp1
Texture2D,1086,_prestige2
Texture2D,1087,skymage
Texture2D,1098,_runeEpic
Texture2D,1102,Icon_ShopIcon_GemBox
Texture2D,1103,Icon_ShopIcon_Gem1
Texture2D,1104,druid_head
Texture2D,1109,apprentice_head
Texture2D,1118,sovereign
Texture2D,1123,explosion_round_3x3
Texture2D,1130,_tokenSupreme
Texture2D,1131,witch_head
Texture2D,1135,ultimusBoss
Texture2D,1136,_killExp
Texture2D,1139,_energy
Texture2D,1151,shadow
Texture2D,1154,_battlepassExp
Texture2D,1161,_goldSuper
Texture2D,1167,goldProcs1
Texture2D,1172,ultimus_supreme
Texture2D,1175,_energy
Texture2D,1178,energy
Texture2D,1180,hunter_head
Texture2D,1181,_runeUncommon
Texture2D,1183,ranger_head
Texture2D,1184,_techScroll_supreme
Texture2D,1193,ultimus_redMage
Texture2D,1195,immune_mage
Texture2D,1197,_runeLegendary
Texture2D,1209,techBoss
Texture2D,1211,ranger
Texture2D,1212,Cactus Boss
Texture2D,1226,_skillPower2
Texture2D,1227,_gem
Texture2D,1228,gems5
Texture2D,1233,_range
Texture2D,1234,energyBoss_golden
Texture2D,1236,supreme alien
Texture2D,1237,immune_range
Texture2D,1246,_heroAll
Texture2D,1247,icon_skill
Texture2D,1255,supreme shadow
AnimationClip,1803,battlepass exp text
AnimationClip,1808,_charSkill
AnimationClip,1810,energy income text
AnimationClip,1811,first prestige popup arrow
AnimationClip,1815,wave hp skip text
AnimationClip,1818,Cast Spell
AnimationClip,1837,Cast Spell
AnimationClip,1838,Cast Spell
AnimationClip,1840,Cast Spell
AnimationClip,1841,Cast Spell
AnimationClip,1843,Fly Cast Spell
AnimationClip,1847,Cast Spell
AnimationClip,1850,Cast Spell 02
AnimationClip,1855,Cast Spell
AnimationClip,1856,Cast Spell
AnimationClip,1866,Cast Spell
AnimationClip,1870,Cast Spell
AnimationClip,1872,TH Sword Melee Attack 02
AnimationClip,1873,Cast Spell
AnimationClip,1878,Cast Spell
AnimationClip,1880,Cast Spell
AnimationClip,1884,Cast Spell
AnimationClip,1888,Cast Spell
AnimationClip,1891,Cast Spell
AnimationClip,1892,Melee Right Attack 03
AnimationClip,1893,Cast Spell
AnimationClip,1918,Cast Spell
AnimationClip,1920,Cast Spell
AnimationClip,1923,Cast Spell
AnimationClip,1924,Melee Right Attack 01
AnimationClip,1925,Cast Spell
AnimationClip,1930,Cast Spell
AnimationClip,1931,Cast Spell
AnimationClip,1932,Cast Spell
AnimationClip,1935,Cast Spell
AnimationClip,1940,TH Sword Melee Attack 01
AnimationClip,1941,Cast Spell
AnimationClip,1942,Cast Spell
AnimationClip,1947,Cast Spell
AnimationClip,1953,Cast Spell 01
AnimationClip,1959,Cast Spell
AnimationClip,1966,Cast Spell
AnimationClip,1985,Cast Spell
AnimationClip,1987,Cast Spell
AnimationClip,1990,Cast Spell
AnimationClip,2004,Cast Spell
AnimationClip,2007,Cast Spell
AnimationClip,2024,Cast Spell
AnimationClip,2026,Cast Spell
AnimationClip,2027,Fly Cast Spell
AnimationClip,2030,Cast Spell
AnimationClip,2031,Cast Spell
AnimationClip,2032,Cast Spell
AnimationClip,2036,Cast Spell
AnimationClip,2040,Cast Spell
AnimationClip,2044,Cast Spell
AnimationClip,2045,Cast Spell
AnimationClip,2048,Cast Spell
AnimationClip,2054,Cast Spell
AnimationClip,2065,Cast Spell
AnimationClip,2072,Cast Spell
AnimationClip,2076,Cast Spell
AnimationClip,2080,Cast Spell
AnimationClip,2084,Cast Spell
AnimationClip,2089,Cast Spell
AnimationClip,2092,Cast Spell
AnimationClip,2095,Cast Spell
AnimationClip,2098,Cast Spell
AnimationClip,2101,Cast Spell
AnimationClip,2103,Cast Spell
AnimationClip,2107,Cast Spell 01
AnimationClip,2110,Cast Spell 01
AnimationClip,2113,Cast Spell
AnimationClip,2118,Cast Spell
AnimationClip,2124,Cast Spell
AnimationClip,2128,Cast Spell
AnimationClip,2132,Cast Spell
AnimationClip,2139,Cast Spell
AnimationClip,2142,Cast Spell
AnimationClip,2157,Cast Spell
AnimationClip,2159,Cast Spell
AnimationClip,2160,Cast Spell
AnimationClip,2163,Cast Spell
AnimationClip,2164,Cast Spell
AnimationClip,2167,Cast Spell
AnimationClip,2172,Cast Spell 01
AnimationClip,2173,Cast Spell
AnimationClip,2176,Cast Spell
AnimationClip,2178,Cast Spell
AnimationClip,2180,Cast Spell 01
AnimationClip,2183,Cast Spell
AnimationClip,2191,Cast Spell
AudioClip,2196,spell_skillCd
AudioClip,2197,spell_mapDmg
AudioClip,2199,spell_gold
AudioClip,2203,spell_range
AudioClip,2206,spell_attSpeed
AudioClip,2207,tower_skill
AudioClip,2208,spell_dmg
AudioClip,2209,spell_critChance
AudioClip,2211,spell_energy
AudioClip,2214,spell_skillPower
AudioClip,2215,prestige
AudioClip,2218,spell_freeze
AudioClip,2219,spell_gamespeed
AudioClip,2220,spell_critDmg
AudioClip,2223,spell_exp
AudioClip,2224,enemyBoss
AnimatorController,2327,Switch 01
AnimatorController,2339,battlepass exp text
AnimatorController,2342,energy income text
AnimatorController,2343,first prestige popup arrow
AnimatorController,2347,wave hp skip text
Sprite,2355,_range_0
Sprite,2356,_boss_0
Sprite,2360,_bossDmg_0
Sprite,2361,_energy_0
Sprite,2362,_runeRare_0
Sprite,2365,_expand_0
Sprite,2366,RuneIcon_Frame_0_0
Sprite,2369,_goldUltra_0
Sprite,2371,_prestige3_0
Sprite,2373,_gem_0
Sprite,2375,_skillCd_0
Sprite,2388,_skillDuration_0
Sprite,2389,_gold_0
Sprite,2391,_runeEpic_0
Sprite,2395,_damage_0
Sprite,2404,_runeMythic_0
Sprite,2421,_exp_0
Sprite,2423,_energy2_0
Sprite,2430,_archmage_0
Sprite,2433,_skill_0
Sprite,2439,_rune_0
Sprite,2446,energyBoss_head
Sprite,2447,techBoss_supreme
Sprite,2450,inRange
Sprite,2457,energy1
Sprite,2469,worldBoss2
Sprite,2470,druid
Sprite,2473,gems3
Sprite,2474,ultimusBoss_head
Sprite,2480,_prestigeBg
Sprite,2481,militia
Sprite,2482,_bosses
Sprite,2493,Icon_ShopIcon_Gem0
Sprite,2497,_trainerExp2
Sprite,2498,goldBossesSingleWave
Sprite,2499,goldHoarder_golden
Sprite,2503,prestigeOver40k
Sprite,2506,energyBoss
Sprite,2508,worldBoss1
Sprite,2513,viking2
Sprite,2514,Btn_MainButton_Orange
Sprite,2517,heroRanks1
Sprite,2519,gems2
Sprite,2523,killsUltimus
Sprite,2525,button_grey_noShadow
Sprite,2528,_expSuper
Sprite,2530,militia_head
Sprite,2536,button_sky_noShadow
Sprite,2540,heroRanks6
Sprite,2550,rogue_head
Sprite,2561,gems4
Sprite,2563,techBoss_head
Sprite,2564,ultimusSupreme
Sprite,2572,meleeKills10m
Sprite,2577,heroRanks2
Sprite,2578,_skillPower
Sprite,2579,heroRanks5
Sprite,2581,expBoss_golden
Sprite,2582,goldBoss_head
Sprite,2583,supremeBoss
Sprite,2588,_heroHelm
Sprite,2592,viking_head
Sprite,2594,apprentice
Sprite,2595,_ultimusCharge
Sprite,2596,hunter
Sprite,2601,killsBosses
Sprite,2603,Icon_ShopIcon_Gold4
Sprite,2604,killsAliens
Sprite,2605,viking
Sprite,2607,zeroPerksWave50k
Sprite,2616,rogue
Sprite,2618,_allHeroes
Sprite,2625,ranger
Sprite,2626,gold
Sprite,2627,gems9
Sprite,2628,gems11
Sprite,2630,heroRanks3
Sprite,2632,rogue
Sprite,2633,prestige4
Sprite,2642,killsGoblins
Sprite,2647,noGoldWave25k
Sprite,2651,_runeSupreme
Sprite,2662,battlemage
Sprite,2666,Icon_ShopIcon_Gold3
Sprite,2667,Icon_ShopIcon_Gold0
Sprite,2668,gems6
Sprite,2670,skymage_head
Sprite,2671,exp
Sprite,2673,goldHoarder
Sprite,2674,prestige3
Sprite,2678,druid
Sprite,2679,_skillcd
Sprite,2688,killsShadows
Sprite,2690,shadowBoss
Sprite,2694,Icon_ShopIcon_Gold2
Sprite,2695,battlemage_head
Sprite,2701,expBoss_head
Sprite,2705,button_yellow_noShadow
Sprite,2706,Icon_ShopIcon_Gem4
Sprite,2709,expBoss
Sprite,2713,_shadow
Sprite,2716,goldProcs2
Sprite,2719,_range
Sprite,2723,gems12
Sprite,2724,Icon_ShopIcon_Gem3
Sprite,2726,_bossExp
Sprite,2731,spelldancer_head
Sprite,2732,button_green_noShadow
Sprite,2733,sovereign_head
Sprite,2734,gems1
Sprite,2738,witch
Sprite,2739,shadow_head
Sprite,2744,killsPowerMages
Sprite,2746,spelldancer
Sprite,2747,prestige1
Sprite,2754,rangecircle
Sprite,2758,_prestige
Sprite,2760,prestige2
Sprite,2764,energy2
Sprite,2765,immune_melee
Sprite,2769,exp2
Sprite,2771,heroRanks4
Sprite,2772,killsTrainers
Sprite,2775,gems10
Sprite,2779,pvpBoss_head
Sprite,2780,exp1
Sprite,2781,_prestige2
Sprite,2782,skymage
Sprite,2788,Icon_ShopIcon_GemBox
Sprite,2789,Icon_ShopIcon_Gem1
Sprite,2790,druid_head
Sprite,2791,apprentice_head
Sprite,2795,sovereign
Sprite,2801,_tokenSupreme
Sprite,2802,witch_head
Sprite,2805,ultimusBoss
Sprite,2817,goldProcs1
Sprite,2819,energy
Sprite,2821,hunter_head
Sprite,2822,ranger_head
Sprite,2823,_techScroll_supreme
Sprite,2829,immune_mage
Sprite,2834,techBoss
Sprite,2836,ranger
Sprite,2846,_skillPower2
Sprite,2847,gems5
Sprite,2851,energyBoss_golden
Sprite,2853,immune_range
Sprite,2857,icon_skill
Sprite,2862,_runeShard_0
Sprite,2863,_battlepassExp_0
Sprite,2865,_heroes_0
Sprite,2867,_energy_0
Sprite,2871,icon_gemstone_rune_0
Sprite,2873,_startingGold_0
Sprite,2876,_typeMage_0
Sprite,2878,_runeLegendary_0
Sprite,2888,_expUltra_0
Sprite,2890,_coinBoss_0
Sprite,2892,_goldBonus_0
Sprite,2894,heroCard_0
Sprite,2896,_energyUltra_0
Sprite,2897,_typeRange_0
Sprite,2900,_upgrades_0
Sprite,2906,_prestigeTempBoost_0
Sprite,2912,_hoarderGold_0
Sprite,2916,_spellCd_0
Sprite,2918,_spellBook_0
Sprite,2919,_gem_0
Sprite,2925,_runeUncommon_0
Sprite,2926,_wavePerkWaves2_0
Sprite,2934,_skillPower2_0
GameObject,3052,damage text (7)
GameObject,3053,skymage - teleport
GameObject,3065,Ice Mage
GameObject,3095,arbalest - energy source
GameObject,3098,damage text (9)
GameObject,3131,gold icon
GameObject,3145,Goblin Trooper Mage (gold boss)
GameObject,3152,Soul Mage
GameObject,3171,Goblin golden variant
GameObject,3180,skill effect icons panel (1)
GameObject,3238,witch - curse
GameObject,3240,Death Mage
GameObject,3254,Alien Galaxia (ultimus boss) (green range)
GameObject,3265,Alien Galaxia
GameObject,3325,enemy ui follower GLOBAL BOSS (1)
GameObject,3359,damage text (18)
GameObject,3379,exp icon
GameObject,3421,skill effect icons panel
GameObject,3424,Training Dummy (exp boss)
GameObject,3432,damage text (12)
GameObject,3454,damage text (13)
GameObject,3456,hunter - gold lust
GameObject,3484,MysticExplosionWhite
GameObject,3494,damage text (15)
GameObject,3552,damage text (8)
GameObject,3565,Fire Mage
GameObject,3625,damage text (10)
GameObject,3626,energy icon
GameObject,3640,skill effect icons panel
GameObject,3643,Alien Big Blink
GameObject,3652,damage text (2)
GameObject,3670,damage text (13)
GameObject,3678,Goblin Trooper
GameObject,3698,mage projectile -
GameObject,3700,MysticExplosionWhite
GameObject,3704,Eyeball Mage
GameObject,3817,damage text (2)
GameObject,3838,ranger - gamble shot
GameObject,3866,damage text (1)
GameObject,3869,Eyeball Mage
GameObject,3899,damage text (4)
GameObject,3908,battlemage - crit chance boost
GameObject,3910,damage text (3)
GameObject,3911,druid - damage boost
GameObject,3919,damage text
GameObject,3920,damage text (3)
GameObject,3936,forester - bleed
GameObject,4008,damage text (10)
GameObject,4021,Cyclops Bat Mage
GameObject,4027,damage text (7)
GameObject,4062,Alien Galaxia
GameObject,4075,damage text
GameObject,4092,immune range
GameObject,4093,Cyclops Bat Mage
GameObject,4132,Alien Wreck
GameObject,4148,damage text
GameObject,4172,Alien Big Blink (tech boss)
GameObject,4209,captain - energy aura
GameObject,4216,Cactus Boss
GameObject,4226,Ice Mage
GameObject,4235,damage text (8)
GameObject,4251,damage text
GameObject,4258,Fire Mage
GameObject,4263,Alien Big Blink
GameObject,4274,Angel Mage
GameObject,4280,immune mage
GameObject,4298,Supreme Alien (supreme tech)
GameObject,4306,Gold 01
GameObject,4317,damage text (9)
GameObject,4319,damage text (6)
GameObject,4347,damage text (1)
GameObject,4382,damage text (17)
GameObject,4387,enemy ui follower BOSS (1)
GameObject,4406,damage text (11)
GameObject,4437,Alien Galaxia (ultimus boss) (red mage)
GameObject,4490,damage text (11)
GameObject,4499,melee projectile - BulletSmallBlue
GameObject,4558,Basket 01 Gold
GameObject,4619,damage text (13)
GameObject,4671,Death Mage
GameObject,4685,immune range
GameObject,4695,damage text (10)
GameObject,4727,energy icon
GameObject,4737,rogue - gold aura
GameObject,4751,Alien Big Blink
GameObject,4753,energy icon
GameObject,4787,Alien Galaxia (ultimus boss) (blue melee)
GameObject,4828,viking - berserk
GameObject,4836,damage text (19)
GameObject,4875,SlamWave
GameObject,4915,damage text (15)
GameObject,5011,damage text (4)
GameObject,5033,damage text (20)
GameObject,5045,supreme ultimus
GameObject,5049,exp icon
GameObject,5095,Soul Mage
GameObject,5127,damage text (14)
GameObject,5155,damage text (12)
GameObject,5181,damage text (5)
GameObject,5197,Alien Wreck (global boss)
GameObject,5230,damage text (12)
GameObject,5240,Shadow
GameObject,5243,damage text (2)
GameObject,5272,templar - range boost
GameObject,5278,range projectile - SharpMissileGreen
GameObject,5303,Mimic Chest Gold
GameObject,5312,Training Dummy golden variant
GameObject,5341,damage text (15)
GameObject,5343,damage text (14)
GameObject,5369,damage text (17)
GameObject,5374,Alien Galaxia
GameObject,5379,Alien Big Blink
GameObject,5398,damage text (18)
GameObject,5447,damage text (1)
GameObject,5448,damage text (16)
GameObject,5474,sniper - explosive shot
GameObject,5475,Cactus Boss
GameObject,5476,damage text (8)
GameObject,5519,ballista - exp aura
GameObject,5530,immune mage
GameObject,5536,power mage golden variant
GameObject,5540,Gold 01
GameObject,5551,damage text (7)
GameObject,5553,damage text (4)
GameObject,5565,immune melee
GameObject,5654,archer - exp bonus
GameObject,5690,damage text (19)
GameObject,5735,Supreme Shadow (supreme runes)
GameObject,5737,crusader - golden arrows
GameObject,5746,Ancient Shadow (rune boss)
GameObject,5769,damage text (6)
GameObject,5826,Basket 01 Gold
GameObject,5864,spell dancer - power boost
GameObject,5868,Eyeball Mage Green (energy boss)
GameObject,5882,Angel Mage
GameObject,5895,apprentice - slow
GameObject,5904,damage text (5)
GameObject,5911,exp icon
GameObject,5943,Goblin Trooper
GameObject,5954,gold icon
GameObject,5993,immune melee
GameObject,6027,Alien Galaxia
GameObject,6065,Shadow
GameObject,6074,damage text (16)
GameObject,6185,gold icon
GameObject,6191,damage text (14)
GameObject,6194,militia - spin attack
GameObject,6195,damage text (6)
GameObject,6215,damage text (5)
GameObject,6261,damage text (11)
GameObject,6273,damage text (9)
GameObject,6299,damage text (20)
GameObject,6304,damage text (3)
GameObject,12,gems text
GameObject,15,BulletFatExplosionBlue (19)
GameObject,17,shadow
GameObject,18,buy button (gems)
GameObject,22,supreme cover (1)
GameObject,26,purchase button (gems)
GameObject,30,prestige pts
GameObject,32,exp slider
GameObject,35,Image (1)
GameObject,37,ultra boss dmg
GameObject,39,Image
GameObject,40,buy button (gems)
GameObject,41,Image (2)
GameObject,45,mage
GameObject,46,upgrade (2)
GameObject,48,mimic chest prestige pts
GameObject,52,automation function details/upgrades/settings panel
GameObject,53,instant spell cd
GameObject,54,Image (1)
GameObject,55,alien galaxia (ultimus boss)
GameObject,63,shadow
GameObject,64,hero name bg
GameObject,68,hero frame (1)
GameObject,75,ultimus spawns
GameObject,77,prestige text
GameObject,83,warning image (glow)
GameObject,97,Image (1)
GameObject,98,exp icon
GameObject,103,wave num text
GameObject,119,Image
GameObject,121,shadow
GameObject,124,supreme variant spawn chance
GameObject,125,shadow
GameObject,129,shadow
GameObject,130,BulletFatExplosionGreen (5)
GameObject,141,shadow
GameObject,143,Image (5)
GameObject,147,Image (6)
GameObject,151,shadow
GameObject,167,Image
GameObject,170,shadow
GameObject,176,Image (2)
GameObject,177,map upgrades button
GameObject,181,promo hero (4)
GameObject,192,reroll button (cost gems)
GameObject,196,Image
GameObject,198,gems text
GameObject,201,BulletExplosionFire (16)
GameObject,216,Image
GameObject,230,Image
GameObject,232,enemy skill immune limit
GameObject,233,Image (1)
GameObject,236,prestige text
GameObject,245,gems (6)
GameObject,253,BulletFatExplosionGreen (14)
GameObject,261,BulletFatExplosionGreen (2)
GameObject,271,skill impact - SwordHitMagicBlue (17)
GameObject,281,skill impact - SwordHitMagicBlue (13)
GameObject,297,kill energy
GameObject,303,BulletExplosionFire (18)
GameObject,305,shadow
GameObject,306,shadow
GameObject,312,shadow
GameObject,313,skill
GameObject,320,BulletFatExplosionBlue
GameObject,328,skill duration
GameObject,329,shadow
GameObject,331,synergy cell (reworked) (2 heroes)
GameObject,338,starting gold
GameObject,342,Image (1)
GameObject,348,Image
GameObject,354,Image
GameObject,366,rune icon (2)
GameObject,367,Image (1)
GameObject,370,Image (2)
GameObject,378,BulletExplosionGreen (10)
GameObject,394,Image (2)
GameObject,435,spell (5)
GameObject,443,exp text
GameObject,447,Image
GameObject,448,bonus gems text
GameObject,459,spells panel
GameObject,460,map upgrades button
GameObject,475,Image
GameObject,476,damage texts
GameObject,479,prestige button
GameObject,483,expire text
GameObject,488,Image
GameObject,492,skill boss only
GameObject,495,spell cd instant chance (agility)
GameObject,498,preset images (2)
GameObject,500,rune icon (3)
GameObject,503,exp icon
GameObject,505,runes (2)
GameObject,514,Image
GameObject,517,hero icon
GameObject,523,shadow
GameObject,529,BulletFatExplosionGreen (4)
GameObject,547,Image
GameObject,551,Image
GameObject,557,gems panel
GameObject,564,BulletExplosionFire (11)
GameObject,568,hero (3)
GameObject,570,Image
GameObject,572,damage icon
GameObject,574,shadow
GameObject,575,Image
GameObject,584,BulletExplosionGreen (5)
GameObject,616,Image (1)
GameObject,619,Image
GameObject,630,promo hero (1)
GameObject,641,Image
GameObject,652,gems (1)
GameObject,671,spell cd instant chance (rags to riches)
GameObject,679,bonus gems text (1)
GameObject,686,Image (1)
GameObject,690,Image
GameObject,693,eyeball mage (energy boss)
GameObject,698,range
GameObject,703,exotic alien
GameObject,707,BulletFatExplosionBlue (11)
GameObject,712,skill power
GameObject,722,hero (6)
GameObject,723,boss energy
GameObject,729,exp text
GameObject,731,Image
GameObject,741,gold text
GameObject,743,Image (6)
GameObject,746,Image (7)
GameObject,757,Image
GameObject,759,Image (3)
GameObject,766,hero ranks button
GameObject,767,wave perk waves
GameObject,770,promo pack (supreme)
GameObject,780,shadow
GameObject,781,Image
GameObject,784,Image (2)
GameObject,791,energy boss icon
GameObject,798,sup tech prestige1 bonus
GameObject,811,runes (3)
GameObject,813,mastery 2x exp chance (mage)
GameObject,818,hero skill particles
GameObject,821,Image (2)
GameObject,828,upgrade more desc
GameObject,831,gems (4)
GameObject,834,shadow
GameObject,841,Image
GameObject,842,runes (3)
GameObject,850,Image (4)
GameObject,852,impacts (mage crit)
GameObject,871,Image (1)
GameObject,872,Image (2)
GameObject,877,focus boss
GameObject,878,Image
GameObject,879,shadow (wave locked)
GameObject,882,Image
GameObject,888,Image
GameObject,891,goblins
GameObject,896,Image (3)
GameObject,897,Image
GameObject,898,shadow
GameObject,901,Image
GameObject,903,Image (2)
GameObject,904,ultimus cooldown
GameObject,905,gold icon
GameObject,913,prestige text
GameObject,915,hero preset button
GameObject,930,Image
GameObject,932,Image
GameObject,945,highest wave bg
GameObject,949,prestige
GameObject,950,starter task highlight (spawn goblins)
GameObject,957,warning image (glow)
GameObject,966,Image (1)
GameObject,968,skills on bosses only
GameObject,969,Image
GameObject,971,Image (3)
GameObject,973,header image (glow effect)
GameObject,975,producer energy
GameObject,976,BulletFatExplosionFire (12)
GameObject,986,Image
GameObject,990,Image
GameObject,991,skill stacking
GameObject,996,astral gold group perks (2)
GameObject,1001,skill impact - SwordHitMagicBlue (7)
GameObject,1013,Image
GameObject,1014,Image
GameObject,1023,spawn button (melee)
GameObject,1028,shadow
GameObject,1029,Image (1)
GameObject,1040,gift 4 - perm exp (%)
GameObject,1044,na cover (mage)
GameObject,1048,Image
GameObject,1069,gems
GameObject,1075,Image
GameObject,1078,rune icon (6)
GameObject,1079,hero (1)
GameObject,1086,gems (1)
GameObject,1090,Image (3)
GameObject,1092,Image
GameObject,1096,shadow
GameObject,1097,producers
GameObject,1101,shadow
GameObject,1102,Image
GameObject,1106,BulletExplosionBlue (16)
GameObject,1114,Image
GameObject,1118,BulletExplosionBlue (5)
GameObject,1119,BulletFatExplosionFire (16)
GameObject,1126,Image
GameObject,1135,BulletExplosionFire (1)
GameObject,1137,rune icon (2)
GameObject,1143,Image
GameObject,1158,hero presets panel
GameObject,1159,Image (2)
GameObject,1167,skill impact - SwordHitMagicBlue (6)
GameObject,1171,perk upgrades panel
GameObject,1174,shadow
GameObject,1175,Image
GameObject,1176,ultimus
GameObject,1181,Image
GameObject,1187,gems (3)
GameObject,1188,Image
GameObject,1191,Image
GameObject,1196,shadow
GameObject,1197,Image
GameObject,1199,Image (1)
GameObject,1213,Image
GameObject,1214,Image (6)
GameObject,1226,normal gems panel
GameObject,1228,gems (5)
GameObject,1234,Image
GameObject,1235,Image
GameObject,1238,gems text
GameObject,1240,Image
GameObject,1241,boss icon
GameObject,1243,BulletFatExplosionBlue (10)
GameObject,1245,starter task highlight (build viking min)
GameObject,1249,warning image (glow)
GameObject,1253,Image
GameObject,1259,Image
GameObject,1262,mastery 2x exp chance (melee)
GameObject,1270,shadow
GameObject,1273,Image
GameObject,1274,shadow
GameObject,1277,promo heroes panel
GameObject,1279,highest wave
GameObject,1284,spell max level
GameObject,1290,gems (10)
GameObject,1294,Image (3)
GameObject,1295,gems icon
GameObject,1298,Image (2)
GameObject,1300,wave icon
GameObject,1303,Image
GameObject,1304,Image
GameObject,1313,Image
GameObject,1317,video ad gem reward
GameObject,1321,Image (1)
GameObject,1333,sup tech boss exp max level
GameObject,1358,Image (2)
GameObject,1361,map perks
GameObject,1368,energy icon
GameObject,1383,Image
GameObject,1384,alien
GameObject,1388,spell cd instant chance (trainee)
GameObject,1389,Image (1)
GameObject,1396,shadow
GameObject,1399,Image
GameObject,1406,Image
GameObject,1412,Image
GameObject,1413,upgrades panel
GameObject,1414,ancient shadow
GameObject,1420,alien wreck (pvp boss)
GameObject,1428,starter task highlight (tab rune button)
GameObject,1430,gem sale
GameObject,1438,next perk text
GameObject,1441,astral boss group perks (5)
GameObject,1451,BulletFatExplosionBlue (16)
GameObject,1453,Image
GameObject,1456,golden variant spawn chance
GameObject,1457,Image
GameObject,1461,Image
GameObject,1463,shadow
GameObject,1469,Image (1)
GameObject,1471,mastery 2x exp chance (all)
GameObject,1473,shadow
GameObject,1478,Image (3)
GameObject,1487,skill impact - SwordHitMagicBlue (3)
GameObject,1493,promo hero (6)
GameObject,1499,gems text
GameObject,1512,Image
GameObject,1515,Image (1)
GameObject,1524,Image
GameObject,1528,BulletFatExplosionBlue (8)
GameObject,1534,Image
GameObject,1537,sample hero cover
GameObject,1542,Image
GameObject,1547,Image (3)
GameObject,1562,exp text
GameObject,1565,Image (2)
GameObject,1570,promo hero (1)
GameObject,1571,gems icon
GameObject,1586,hero (4)
GameObject,1593,BulletExplosionFire (7)
GameObject,1595,Image (5)
GameObject,1612,damage
GameObject,1623,shadow
GameObject,1633,prestige button
GameObject,1634,pay gems button
GameObject,1636,gold icon
GameObject,1638,exp text
GameObject,1640,shadow
GameObject,1643,Image
GameObject,1646,rune pack (4)
GameObject,1662,prestige text
GameObject,1666,warning image (glow)
GameObject,1667,map image
GameObject,1675,starter task - res gold 2
GameObject,1683,hero frame (3)
GameObject,1686,promo hero (2)
GameObject,1697,supreme alien tech drop
GameObject,1708,Image (6)
GameObject,1710,hero (5)
GameObject,1717,Image
GameObject,1719,gems (2)
GameObject,1724,Image
GameObject,1727,map image
GameObject,1731,hero (10)
GameObject,1736,bosses panel
GameObject,1740,ultra gold chance
GameObject,1744,Image (1)
GameObject,1750,warning image (glow)
GameObject,1756,Image
GameObject,1763,Image
GameObject,1769,Image
GameObject,1783,ultra gold amount
GameObject,1787,research button
GameObject,1793,prestige icon
GameObject,1794,Image
GameObject,1796,hero icon
GameObject,1800,shadow
GameObject,1801,ultimus
GameObject,1804,warning image (glow)
GameObject,1819,shadow
GameObject,1828,Image
GameObject,1829,shadow
GameObject,1836,max heroes cover
GameObject,1837,Image
GameObject,1841,BulletFatExplosionBlue (1)
GameObject,1842,gold text
GameObject,1853,upgrades (after iap - condensed not showing retroactive points)
GameObject,1854,gems (3)
GameObject,1855,hide maxed upgrades
GameObject,1857,supreme tech (wave 20k+)
GameObject,1858,energy
GameObject,1863,skill support
GameObject,1864,gems panel
GameObject,1865,Image (4)
GameObject,1866,starter task highlight (prestige hud button)
GameObject,1867,Image
GameObject,1871,runes (3)
GameObject,1872,damage checkbox
GameObject,1877,boss icon
GameObject,1885,Image
GameObject,1887,Image
GameObject,1894,Image
GameObject,1903,BulletExplosionGreen (6)
GameObject,1917,UpgradeManager
GameObject,1927,prestige text
GameObject,1935,Image (3)
GameObject,1939,Image
GameObject,1940,map perks
GameObject,1948,gems text
GameObject,1968,Image
GameObject,1975,Image (4)
GameObject,1978,Image
GameObject,1979,BulletFatExplosionFire (13)
GameObject,1985,not earning exp or energy income
GameObject,1986,Image
GameObject,1990,Image (1)
GameObject,2005,Image
GameObject,2012,bonus damage icon
GameObject,2017,extra boss chance
GameObject,2037,gift 2 - perm energy
GameObject,2045,gems (8)
GameObject,2051,Image (1)
GameObject,2055,Image
GameObject,2059,spell cd instant chance
GameObject,2062,res gold panel
GameObject,2065,ancient shadow (rune boss)
GameObject,2073,skill impact - SwordHitMagicBlue (9)
GameObject,2076,Image
GameObject,2085,shadow
GameObject,2093,runes (supreme)
GameObject,2095,Image
GameObject,2102,ultra energy amount
GameObject,2116,gems (4)
GameObject,2120,fire mage
GameObject,2126,shadow
GameObject,2131,shadow
GameObject,2133,hero glow
GameObject,2134,hero level cost
GameObject,2137,shadow
GameObject,2141,hero globals
GameObject,2142,reward text (supreme)
GameObject,2154,shadow
GameObject,2159,Image
GameObject,2162,shadow
GameObject,2163,Image
GameObject,2166,Image
GameObject,2174,shadow
GameObject,2180,wave header
GameObject,2186,energy text
GameObject,2191,Image (2)
GameObject,2203,shadow
GameObject,2207,Image (2)
GameObject,2211,Image
GameObject,2219,energy income
GameObject,2220,wave perk unlock
GameObject,2222,Image
GameObject,2232,Image
GameObject,2236,prestige intro skip
GameObject,2246,map upgrades button
GameObject,2248,skills panel
GameObject,2254,Image (7)
GameObject,2257,exp text
GameObject,2259,shadow
GameObject,2261,gems (6)
GameObject,2263,Image
GameObject,2272,Image
GameObject,2279,skill support
GameObject,2280,boss icon
GameObject,2287,Image (1)
GameObject,2294,Image
GameObject,2308,BulletFatExplosionFire (5)
GameObject,2322,shadow
GameObject,2330,Image
GameObject,2335,spell cd instant chance (accelerate)
GameObject,2345,upgrade (2)
GameObject,2348,Image
GameObject,2356,spell cd
GameObject,2360,Image (1)
GameObject,2361,super gold amount
GameObject,2366,BulletFatExplosionBlue (4)
GameObject,2368,spell (3)
GameObject,2371,BulletFatExplosionFire (2)
GameObject,2387,prestige pts
GameObject,2389,Image
GameObject,2401,Image (5)
GameObject,2416,BulletExplosionGreen
GameObject,2417,ultimus supreme tokens
GameObject,2430,gold icon
GameObject,2432,shadow
GameObject,2436,Image
GameObject,2437,shadow
GameObject,2438,damage
GameObject,2455,bosses panel
GameObject,2456,supreme ultimus
GameObject,2466,Image
GameObject,2467,shadow
GameObject,2470,Image (1)
GameObject,2475,shadow
GameObject,2476,supreme panel
GameObject,2478,gems (5)
GameObject,2482,Image
GameObject,2497,hero frame (3)
GameObject,2503,runes (2)
GameObject,2508,highest wave text
GameObject,2509,warning image (glow)
GameObject,2512,BulletExplosionGreen (7)
GameObject,2514,enemy ui followers (boss)
GameObject,2517,golden variant spawn chance
GameObject,2519,Image (6)
GameObject,2520,spell cd instant chance (blizzard)
GameObject,2527,hero (6)
GameObject,2533,golden producer
GameObject,2534,boss rush
GameObject,2536,warning image (glow)
GameObject,2545,rune pack (3)
GameObject,2549,mythic heroes
GameObject,2551,Image (1)
GameObject,2552,gems (2)
GameObject,2554,shadow
GameObject,2556,hero frame (1)
GameObject,2557,boss icon
GameObject,2559,gold icon
GameObject,2561,starter task highlight (bosses hud button)
GameObject,2567,Image
GameObject,2568,Image
GameObject,2570,wave req cover (supreme)
GameObject,2576,Image
GameObject,2580,rune icon (1)
GameObject,2585,BulletFatExplosionFire (18)
GameObject,2595,BulletExplosionGreen (8)
GameObject,2599,warning image (glow)
GameObject,2605,gold icon
GameObject,2608,shadow
GameObject,2610,Image (1)
GameObject,2612,gems (2)
GameObject,2614,shadow
GameObject,2615,num heroes text
GameObject,2619,Image
GameObject,2623,perks text
GameObject,2625,Image (1)
GameObject,2627,Image
GameObject,2631,Image
GameObject,2635,runes (supreme)
GameObject,2636,upgrade (2)
GameObject,2643,starter task highlight (build hunter max)
GameObject,2658,BulletFatExplosionFire (1)
GameObject,2665,Image
GameObject,2668,Image
GameObject,2674,Image
GameObject,2682,hero icon
GameObject,2691,BulletExplosionBlue (6)
GameObject,2694,promo hero (5)
GameObject,2699,daily task gems
GameObject,2706,promo hero (2)
GameObject,2707,Image (2)
GameObject,2709,shadow
GameObject,2715,supreme
GameObject,2717,shadow
GameObject,2718,Image
GameObject,2728,Image (1)
GameObject,2739,prestige panel
GameObject,2745,hide maxed upgrades
GameObject,2746,info - upgrades are multiplicative
GameObject,2749,bonus gems text (2)
GameObject,2752,hero glow
GameObject,2753,Image
GameObject,2758,Image
GameObject,2759,gems icon
GameObject,2760,Image
GameObject,2765,Image
GameObject,2769,Image (2)
GameObject,2780,Image (4)
GameObject,2782,super energy amount
GameObject,2786,super exp amount
GameObject,2803,BulletFatExplosionFire (6)
GameObject,2808,perk text
GameObject,2810,expires text
GameObject,2813,starter task highlight (upgrade hud button)
GameObject,2825,hero glow
GameObject,2827,energy income panel
GameObject,2834,skill impact - SwordHitMagicBlue (12)
GameObject,2842,Image
GameObject,2846,Image
GameObject,2847,empty spell text
GameObject,2854,Image (1)
GameObject,2862,skill impact - SwordHitMagicBlue (1)
GameObject,2864,gift 6 - res gems
GameObject,2871,shadow
GameObject,2873,Image
GameObject,2887,supreme runes info panel
GameObject,2896,Image
GameObject,2900,pvp boss mods panel
GameObject,2903,hero glow bg
GameObject,2911,gems (12)
GameObject,2912,BulletFatExplosionFire (14)
GameObject,2925,gems (7)
GameObject,2926,promo hero (5)
GameObject,2928,Image
GameObject,2929,boss icon
GameObject,2939,BulletFatExplosionGreen (16)
GameObject,2943,hero crit chance
GameObject,2944,Image
GameObject,2945,gift 2 - perm energy
GameObject,2946,Image
GameObject,2950,Image
GameObject,2954,BulletFatExplosionFire (19)
GameObject,2956,rune icon (1)
GameObject,2957,hide maxed upgrades
GameObject,2958,gold text
GameObject,2962,starter task highlight (build viking max)
GameObject,2969,wave perk button
GameObject,2970,gold
GameObject,2972,info panel - map perks
GameObject,2978,epic heroes
GameObject,2980,wave req cover
GameObject,2983,Image
GameObject,2985,melee panel
GameObject,2986,Image
GameObject,2992,Image
GameObject,3000,Image
GameObject,3002,----- center (bosses) -----
GameObject,3003,supreme
GameObject,3007,Image
GameObject,3009,Image
GameObject,3015,Image
GameObject,3025,energy text
GameObject,3027,exp slider
GameObject,3031,Image (1)
GameObject,3034,Image
GameObject,3037,ad bonus ultra gold amount
GameObject,3043,shadow
GameObject,3044,Image
GameObject,3045,first prestige pop up info
GameObject,3051,mastery skill power
GameObject,3052,shadow
GameObject,3060,runes reward
GameObject,3063,BulletExplosionFire (8)
GameObject,3066,upgrade (1)
GameObject,3079,rune icon (5)
GameObject,3087,gems text (normal)
GameObject,3091,wave req cover
GameObject,3093,starter task highlight (spawn goblins)
GameObject,3101,Image
GameObject,3111,gems (2)
GameObject,3115,gold boss icon
GameObject,3116,wave cover
GameObject,3118,hero frame (2)
GameObject,3120,shadow
GameObject,3121,2x gold
GameObject,3124,Image
GameObject,3128,rune pack (1)
GameObject,3133,energy icon
GameObject,3136,Image
GameObject,3143,Image
GameObject,3152,shadow
GameObject,3157,ultimus blue tokens
GameObject,3160,Image
GameObject,3161,upgrades button
GameObject,3162,supreme panel
GameObject,3175,bonus gems text (1)
GameObject,3178,wave req cover (ALL pre wave 5k)
GameObject,3187,shadow
GameObject,3199,super gold chance
GameObject,3200,normal gems panel
GameObject,3203,rune icon (4)
GameObject,3205,Image
GameObject,3206,upgrades text
GameObject,3208,hide maxed upgrades
GameObject,3209,prestige wave
GameObject,3211,exp icon
GameObject,3213,shadow
GameObject,3224,rank exp
GameObject,3228,hero (4)
GameObject,3231,gold icon
GameObject,3237,Image
GameObject,3239,Image
GameObject,3240,Image
GameObject,3241,Image
GameObject,3244,skill impact - SwordHitMagicBlue (19)
GameObject,3255,wave 20k req text
GameObject,3259,Image (1)
GameObject,3262,Image
GameObject,3263,Image
GameObject,3270,gold icon
GameObject,3279,map image
GameObject,3291,hero buffs panel
GameObject,3295,ultimus button (locked cover)
GameObject,3298,Image
GameObject,3301,prestige text
GameObject,3306,expire text
GameObject,3308,hero (6)
GameObject,3310,exp text
GameObject,3322,promo hero (5)
GameObject,3326,Image
GameObject,3327,Image (3)
GameObject,3329,Image
GameObject,3332,Image
GameObject,3335,shadow
GameObject,3340,hero (6)
GameObject,3343,shadow
GameObject,3346,bonus gems text (2)
GameObject,3349,bosses panel
GameObject,3374,runes (3)
GameObject,3387,Image
GameObject,3388,bonus gems text
GameObject,3403,shadow
GameObject,3413,gem sale
GameObject,3421,supreme tech
GameObject,3422,Image
GameObject,3426,bonus gems text (2)
GameObject,3435,upgrade (1)
GameObject,3438,promo hero (6)
GameObject,3439,Image
GameObject,3441,upgrade panel
GameObject,3447,gold text (1)
GameObject,3482,Image
GameObject,3484,Image
GameObject,3487,claim runes panel (after supremes unlocked)
GameObject,3490,BulletFatExplosionGreen (15)
GameObject,3491,spawn button (range)
GameObject,3497,warning image (glow)
GameObject,3502,Image
GameObject,3503,expires text
GameObject,3504,shadow
GameObject,3510,wave perks icon
GameObject,3515,skill power (%)
GameObject,3520,runes (1)
GameObject,3527,shadow
GameObject,3532,boss gold
GameObject,3542,ad bonus ultra energy chance
GameObject,3547,gold icon
GameObject,3550,Image
GameObject,3552,runes (3)
GameObject,3553,upgrades (before iap - showing retroactive points)
GameObject,3559,hero range projectile
GameObject,3574,Image (1)
GameObject,3581,BulletExplosionFire (3)
GameObject,3587,hero glow
GameObject,3594,Image (1)
GameObject,3595,Image (1)
GameObject,3600,skill power
GameObject,3611,Image
GameObject,3625,extra boss chance
GameObject,3629,Image
GameObject,3632,2x ultimus tokens chance
GameObject,3634,warning image (glow)
GameObject,3637,goblins
GameObject,3643,tut border highlight (build militia max)
GameObject,3646,bosses
GameObject,3650,Image (2)
GameObject,3651,Image
GameObject,3654,Image
GameObject,3655,range
GameObject,3667,which heroes to use
GameObject,3669,info panel - upgrade details
GameObject,3677,angel mage
GameObject,3681,Image (6)
GameObject,3684,empty spell text
GameObject,3689,Image
GameObject,3690,boss rush button (not active)
GameObject,3694,exp text
GameObject,3695,starter task highlight (prestige game speed)
GameObject,3698,BulletExplosionBlue (19)
GameObject,3700,rare heroes
GameObject,3701,Image
GameObject,3703,sup tech boss gold max level
GameObject,3708,highest wave text
GameObject,3715,Image
GameObject,3716,spells preset button
GameObject,3720,gems text (normal)
GameObject,3727,Image
GameObject,3728,gift 4 - perm exp (%)
GameObject,3734,shadow
GameObject,3737,supreme tech
GameObject,3745,kill exp texts
GameObject,3749,Image (5)
GameObject,3750,shadow
GameObject,3752,gems
GameObject,3758,shadow
GameObject,3761,BulletFatExplosionFire (9)
GameObject,3768,perks change info
GameObject,3772,Image (3)
GameObject,3780,golden goblin
GameObject,3781,BulletExplosionBlue (18)
GameObject,3784,Image
GameObject,3787,Image
GameObject,3791,hero name bg
GameObject,3794,gems text
GameObject,3797,upgrade (2)
GameObject,3801,hero icon
GameObject,3814,BulletExplosionGreen (14)
GameObject,3820,Image
GameObject,3821,skill support
GameObject,3822,Image (1)
GameObject,3828,header (hero name)
GameObject,3835,Image
GameObject,3836,wave perk slider
GameObject,3839,exp icon
GameObject,3841,Image
GameObject,3844,runes (1)
GameObject,3845,BulletFatExplosionBlue (9)
GameObject,3848,promo hero (6)
GameObject,3859,wave req cover
GameObject,3860,spells panel
GameObject,3871,supreme alien
GameObject,3872,gems
GameObject,3873,hero glow
GameObject,3874,Image (2)
GameObject,3879,rune icon (5)
GameObject,3882,exp icon
GameObject,3889,gems (11)
GameObject,3890,Image
GameObject,3895,pvp boss rewards panel
GameObject,3897,upgrade (1)
GameObject,3903,Image (1)
GameObject,3910,BulletExplosionFire
GameObject,3919,boss panel
GameObject,3921,wave 20k req text
GameObject,3924,gold icon (1)
GameObject,3925,promo hero (3)
GameObject,3932,Image
GameObject,3935,hero name bg
GameObject,3942,Image
GameObject,3948,Image
GameObject,3950,super exp chance
GameObject,3953,Image
GameObject,3970,Image
GameObject,3971,Image
GameObject,3977,hero (10)
GameObject,3982,warning image (glow)
GameObject,3987,Image
GameObject,3988,Image
GameObject,3990,supreme cover (2)
GameObject,3994,Image (1)
GameObject,3997,wave text
GameObject,3999,starter task highlight (tab spells button)
GameObject,4001,na wave cover
GameObject,4007,Image
GameObject,4011,gold drop
GameObject,4013,BulletFatExplosionBlue (18)
GameObject,4031,gem sale
GameObject,4032,3x prestige power
GameObject,4033,hero (1)
GameObject,4040,runes (3)
GameObject,4042,sample image
GameObject,4044,confirm sell hero panel
GameObject,4047,skill impact - SwordHitMagicBlue (11)
GameObject,4051,info - upgrades are multiplicative
GameObject,4054,gold icon
GameObject,4059,skill impact - SwordHitMagicBlue (8)
GameObject,4069,BulletFatExplosionBlue (13)
GameObject,4072,trainers
GameObject,4079,hoarder golden chance
GameObject,4080,perk icon
GameObject,4084,Image
GameObject,4085,Image
GameObject,4086,prestige text
GameObject,4091,hero skill cd
GameObject,4095,Image (2)
GameObject,4101,Image
GameObject,4104,prestige intro skip
GameObject,4105,energy income (%)
GameObject,4109,heroes
GameObject,4111,gem sale
GameObject,4115,shadow
GameObject,4119,Image (1)
GameObject,4121,boss exp
GameObject,4122,promo hero (4)
GameObject,4139,BulletFatExplosionGreen (8)
GameObject,4143,shadow
GameObject,4150,Image (1)
GameObject,4160,2x kill exp
GameObject,4165,shadow
GameObject,4168,shadow
GameObject,4170,Image (1)
GameObject,4179,Image (1)
GameObject,4182,map image
GameObject,4184,BulletExplosionFire (17)
GameObject,4192,hero (1)
GameObject,4193,energy icon
GameObject,4198,warning image (glow)
GameObject,4199,astral dmg group perks (1)
GameObject,4203,res energy panel
GameObject,4221,wave req text
GameObject,4228,BulletFatExplosionBlue (5)
GameObject,4230,Image
GameObject,4247,info panel - boss rush
GameObject,4255,shadow
GameObject,4259,starter task highlight (spawn power mage)
GameObject,4261,claim runes panel
GameObject,4265,BulletFatExplosionGreen (1)
GameObject,4278,BulletExplosionBlue (15)
GameObject,4284,BulletExplosionGreen (9)
GameObject,4292,shadow
GameObject,4295,gold icon
GameObject,4311,Image
GameObject,4315,highest wave text
GameObject,4325,gold icon
GameObject,4342,gems text
GameObject,4343,Image
GameObject,4357,rune icon
GameObject,4362,Image
GameObject,4365,highest wave bg
GameObject,4370,Image (1)
GameObject,4372,Image (5)
GameObject,4376,shadow
GameObject,4386,gold icon
GameObject,4388,hero name text
GameObject,4396,Image
GameObject,4398,Image
GameObject,4402,gold icon
GameObject,4411,Image
GameObject,4412,ultimus button
GameObject,4421,exp slider
GameObject,4422,Image (3)
GameObject,4423,Image
GameObject,4426,Image (1)
GameObject,4428,Image
GameObject,4432,Image
GameObject,4434,map upgrades button
GameObject,4442,shadow
GameObject,4444,Image
GameObject,4445,promo hero (7)
GameObject,4446,wave req cover
GameObject,4448,Image (5)
GameObject,4449,wave perks panel
GameObject,4456,boss rush button (not active)
GameObject,4462,Image (6)
GameObject,4465,energy text
GameObject,4467,show all upgrades
GameObject,4473,BulletExplosionGreen (18)
GameObject,4480,exp slider
GameObject,4485,Image (1)
GameObject,4491,wave req cover
GameObject,4497,Image
GameObject,4500,Image (1)
GameObject,4502,ad bonus ultra crit damage
GameObject,4513,mimic chest max gems
GameObject,4519,gems (9)
GameObject,4520,wave req text
GameObject,4529,gems (4)
GameObject,4534,na cover (supreme)
GameObject,4537,rune icon (3)
GameObject,4540,Image (4)
GameObject,4543,wave header
GameObject,4549,Image (1)
GameObject,4551,Image
GameObject,4554,Image
GameObject,4555,hide maxed upgrades
GameObject,4562,Image
GameObject,4573,Image
GameObject,4578,BulletExplosionBlue (2)
GameObject,4579,upgrade button
GameObject,4583,BulletExplosionBlue (13)
GameObject,4592,mimic chest energy
GameObject,4599,skills button
GameObject,4601,rune packs
GameObject,4602,BulletFatExplosionFire (17)
GameObject,4606,hero name text
GameObject,4610,skill cd instant chance
GameObject,4626,Image
GameObject,4631,boss icon
GameObject,4643,highest wave button
GameObject,4645,bonus gems text
GameObject,4648,Image
GameObject,4650,starter task highlight (build militia min)
GameObject,4655,promo hero (9)
GameObject,4660,BulletExplosionFire (10)
GameObject,4661,synergy button (shows other hero synergies as well)
GameObject,4669,shadow
GameObject,4670,Image
GameObject,4674,2x supreme runes chance
GameObject,4676,Image (1)
GameObject,4680,BulletFatExplosionGreen
GameObject,4682,Image (1)
GameObject,4685,hero (9)
GameObject,4691,warning image (glow)
GameObject,4694,Image (1)
GameObject,4715,runes (1)
GameObject,4718,Image
GameObject,4719,hero frame (0)
GameObject,4725,Image
GameObject,4726,Image
GameObject,4730,runes (3)
GameObject,4735,energy text
GameObject,4738,refund energy text
GameObject,4744,hero name text
GameObject,4755,rune pack (2)
GameObject,4758,Image (5)
GameObject,4761,supreme (combat)
GameObject,4762,hero (3)
GameObject,4764,bg image
GameObject,4776,hero (10)
GameObject,4782,runes (2)
GameObject,4783,shadow
GameObject,4786,Image
GameObject,4787,Image
GameObject,4788,battlepass exp text
GameObject,4791,gems (3)
GameObject,4792,Image
GameObject,4793,hero range
GameObject,4800,Image
GameObject,4802,Image
GameObject,4809,BulletFatExplosionBlue (14)
GameObject,4823,open spell menu button
GameObject,4828,loading image
GameObject,4831,Image
GameObject,4834,perks text
GameObject,4839,Image
GameObject,4852,Image (1)
GameObject,4855,daily gift runes
GameObject,4856,BulletFatExplosionGreen (19)
GameObject,4859,hoarder gold
GameObject,4868,range slider
GameObject,4872,Image
GameObject,4882,Image
GameObject,4888,energy
GameObject,4889,2x rune drop chance
GameObject,4895,gold icon
GameObject,4896,hero level free chance
GameObject,4898,Image (5)
GameObject,4910,boss icon
GameObject,4911,hero name bg
GameObject,4925,Image (2)
GameObject,4926,Image
GameObject,4938,BulletExplosionFire (12)
GameObject,4940,hero frame (3)
GameObject,4942,expires text
GameObject,4951,Image
GameObject,4952,shadow alien hp reduction
GameObject,4954,shadow
GameObject,4966,Image
GameObject,4973,energy text
GameObject,4974,warning image (glow)
GameObject,4982,Image
GameObject,4984,hero (5)
GameObject,4985,spell (2)
GameObject,4990,Image (1)
GameObject,4996,wave perk rerolls
GameObject,4997,BulletExplosionGreen (17)
GameObject,5008,Image
GameObject,5010,gems button
GameObject,5015,BulletExplosionBlue (10)
GameObject,5020,ad bonus ultra energy amount
GameObject,5029,supreme variant spawn chance
GameObject,5030,Image
GameObject,5047,Image
GameObject,5049,Heroes (Active)
GameObject,5055,BulletFatExplosionFire (3)
GameObject,5062,shadow
GameObject,5063,Image
GameObject,5070,Image (2)
GameObject,5074,Image (1)
GameObject,5078,boss icon
GameObject,5084,Image (1)
GameObject,5089,gold text
GameObject,5102,hero name text
GameObject,5110,golden variant spawn chance
GameObject,5112,promo hero (5)
GameObject,5113,BulletExplosionBlue
GameObject,5114,starter task highlight (res rank exp)
GameObject,5117,Image (1)
GameObject,5120,hero glow
GameObject,5126,warning image (glow)
GameObject,5132,gold icon
GameObject,5140,gems (11)
GameObject,5145,new runes text
GameObject,5147,wave % slider
GameObject,5150,Image
GameObject,5159,Image
GameObject,5160,Image (1)
GameObject,5166,hero att speed
GameObject,5168,wave perk priorities
GameObject,5172,BulletExplosionGreen (1)
GameObject,5176,heroes big panel
GameObject,5178,bonus gems text (2)
GameObject,5188,help images
GameObject,5192,perks text
GameObject,5202,ImagesManager
GameObject,5203,Image (3)
GameObject,5204,shadow
GameObject,5206,warning image (glow)
GameObject,5211,bosses panel
GameObject,5221,highest wave bg
GameObject,5225,starter task highlight (build militia max)
GameObject,5228,hero crit dmg
GameObject,5234,Image
GameObject,5238,Image (3)
GameObject,5249,hero (2)
GameObject,5252,hero (7)
GameObject,5259,supreme (progress)
GameObject,5260,skill impact - SwordHitMagicBlue (18)
GameObject,5269,Image (2)
GameObject,5286,Image (1)
GameObject,5297,tech supreme pts
GameObject,5302,shield damage icon
GameObject,5314,Image
GameObject,5329,shadow (1)
GameObject,5339,Image
GameObject,5348,----- supreme tech specific -----
GameObject,5350,shadow
GameObject,5355,Image (7)
GameObject,5359,perk priority panel
GameObject,5360,Image (3)
GameObject,5365,skill impact - SwordHitMagicBlue (4)
GameObject,5369,Image
GameObject,5370,wave toggle (1)
GameObject,5395,prestige panel
GameObject,5396,hero frame (3)
GameObject,5405,rune icon (4)
GameObject,5409,ad gems
GameObject,5424,boss icon
GameObject,5437,skill power text
GameObject,5456,shadow
GameObject,5458,spell cd instant chance (power plant)
GameObject,5461,skill impact - SwordHitMagicBlue (5)
GameObject,5463,----- center (skills) -----
GameObject,5468,hero name bg
GameObject,5471,hero glow
GameObject,5477,Image (1)
GameObject,5484,pvp boss damage info panel
GameObject,5492,ad bonus ultra gold chance
GameObject,5493,BulletExplosionBlue (1)
GameObject,5497,exp slider
GameObject,5500,ultimus boss icon
GameObject,5501,Image
GameObject,5502,shadow
GameObject,5512,Image (4)
GameObject,5513,Image (4)
GameObject,5516,Image
GameObject,5521,rune text
GameObject,5522,empty spell text
GameObject,5523,promo hero (11)
GameObject,5538,gold text
GameObject,5549,shadow
GameObject,5552,battlepass exp (%)
GameObject,5556,wave toggle
GameObject,5558,wave cover
GameObject,5560,BulletExplosionGreen (12)
GameObject,5567,Image
GameObject,5569,Image (2)
GameObject,5575,hide maxed upgrades
GameObject,5582,gems (3)
GameObject,5587,starter task highlight (hud spells button)
GameObject,5592,impacts (melee crit)
GameObject,5593,Image
GameObject,5599,gems text
GameObject,5604,Image (1)
GameObject,5606,perm damage text
GameObject,5612,gems text
GameObject,5615,normal gems panel
GameObject,5620,skill impact - SwordHitMagicBlue (2)
GameObject,5626,exp boss icon
GameObject,5629,Image
GameObject,5632,spell (4)
GameObject,5635,supreme (resource)
GameObject,5636,supreme shadow spawn chance
GameObject,5643,expanded panel
GameObject,5665,promo hero (4)
GameObject,5672,exp icon
GameObject,5673,bonus gems text (2)
GameObject,5685,shadow
GameObject,5688,confirm reroll wave perks panel
GameObject,5703,Image
GameObject,5718,Image (1)
GameObject,5729,hero kills
GameObject,5732,energy text
GameObject,5740,battlepass exp
GameObject,5748,Image
GameObject,5755,BulletExplosionFire (4)
GameObject,5757,promo hero (2)
GameObject,5758,Image
GameObject,5760,rune text
GameObject,5761,gems (5)
GameObject,5764,warning image (glow)
GameObject,5766,perks text
GameObject,5769,skill cooldown
GameObject,5772,hero (1)
GameObject,5777,shadow
GameObject,5780,runes button
GameObject,5785,hero (8)
GameObject,5786,Image
GameObject,5790,hide maxed upgrades
GameObject,5797,gold icon
GameObject,5800,hero icon
GameObject,5805,shadow
GameObject,5812,rank exp (progressive)
GameObject,5820,trainer num spawns
GameObject,5824,skill
GameObject,5830,sup tech gold2 bonus
GameObject,5836,rune text
GameObject,5844,BulletExplosionFire (15)
GameObject,5868,Image
GameObject,5878,shadow
GameObject,5887,help images
GameObject,5891,spawn button (mage)
GameObject,5895,boss icon
GameObject,5899,BulletExplosionBlue (14)
GameObject,5910,empty spell text
GameObject,5917,hero glow
GameObject,5918,Image (2)
GameObject,5922,Image (1)
GameObject,5925,hero icon
GameObject,5929,Image
GameObject,5931,boss rush waves
GameObject,5937,BulletExplosionFire (6)
GameObject,5938,Image
GameObject,5944,hero name bg
GameObject,5947,shadow
GameObject,5952,Image (1)
GameObject,5957,Image
GameObject,5958,Image (3)
GameObject,5964,weekly boss results panel
GameObject,5972,Image
GameObject,5973,Image (1)
GameObject,5976,highest wave bg
GameObject,5978,Image
GameObject,5980,Image
GameObject,5988,Image
GameObject,5993,map upgrades button
GameObject,6002,rank exp
GameObject,6009,trainers
GameObject,6011,pay gems to unlock text
GameObject,6014,gem sale text
GameObject,6017,Image
GameObject,6023,skill impact - SwordHitMagicBlue (15)
GameObject,6041,hero glow
GameObject,6048,supreme panel
GameObject,6071,warning image (glow)
GameObject,6074,gems (1)
GameObject,6081,hero glow
GameObject,6094,prestige text
GameObject,6095,gems (7)
GameObject,6103,hero ui followers
GameObject,6113,starter task - prestige dmg 2
GameObject,6121,BulletFatExplosionGreen (6)
GameObject,6125,ultimus red tokens
GameObject,6142,prestige
GameObject,6147,map perk upgrades panel
GameObject,6157,boss side panel
GameObject,6159,skill types
GameObject,6163,Image (3)
GameObject,6176,gems text (normal)
GameObject,6184,Image
GameObject,6190,highest wave bg
GameObject,6192,shadow
GameObject,6195,hero selected menu
GameObject,6197,starter task highlight (spawn producer)
GameObject,6201,hero name bg
GameObject,6208,Image
GameObject,6213,Image (3)
GameObject,6215,Image
GameObject,6220,Image
GameObject,6221,Image (2)
GameObject,6227,highest wave text
GameObject,6232,Image
GameObject,6233,Image (4)
GameObject,6235,promo hero (6)
GameObject,6243,Image
GameObject,6248,supreme runes
GameObject,6251,Image
GameObject,6254,gold icon
GameObject,6267,hero (2)
GameObject,6268,confirm prestige panel
GameObject,6273,runes rarity
GameObject,6278,Image
GameObject,6280,shadow
GameObject,6283,gem title
GameObject,6292,Image
GameObject,6298,gems text (normal)
GameObject,6299,runes (2)
GameObject,6300,Image (1)
GameObject,6309,wave 20k req text
GameObject,6322,perk icon
GameObject,6325,gems (8)
GameObject,6332,expire text
GameObject,6334,Image (1)
GameObject,6335,shadow
GameObject,6336,boss rush icon
GameObject,6342,Image (1)
GameObject,6347,bosses button
GameObject,6355,gold icon
GameObject,6358,Image
GameObject,6369,supreme panel
GameObject,6374,bonus gems text (1)
GameObject,6375,gold icon
GameObject,6378,gold icon
GameObject,6384,Image
GameObject,6395,Image
GameObject,6398,gems (4)
GameObject,6400,gold
GameObject,6405,Image (5)
GameObject,6406,wave (11)
GameObject,6408,rune icon
GameObject,6410,Image
GameObject,6412,boss icon
GameObject,6416,ultra boss info panels
GameObject,6418,energy
GameObject,6445,hero (7)
GameObject,6446,damage text display
GameObject,6449,death mage
GameObject,6452,gems (8)
GameObject,6460,new runes text
GameObject,6462,supreme shadow
GameObject,6477,upgrade (2)
GameObject,6484,promo hero (8)
GameObject,6489,starter task highlight (res gold 1)
GameObject,6492,BulletExplosionFire (9)
GameObject,6503,shadow
GameObject,6504,gold text
GameObject,6505,Image (5)
GameObject,6512,gold
GameObject,6514,ultimus boss
GameObject,6525,sup tech exp 1 bonus
GameObject,6536,runes (2)
GameObject,6544,mastery exp
GameObject,6557,skill
GameObject,6564,Image
GameObject,6565,gold icon
GameObject,6573,hero name text
GameObject,6579,shadow
GameObject,6580,prestige often
GameObject,6587,Image (1)
GameObject,6590,Image (1)
GameObject,6592,impacts (melee normal)
GameObject,6594,gift 3 - perm prestige
GameObject,6601,Image (1)
GameObject,6602,Image (1)
GameObject,6604,gold icon
GameObject,6605,shadow
GameObject,6606,gold icon
GameObject,6608,energy text
GameObject,6614,promo hero (3)
GameObject,6616,soul mage
GameObject,6619,Image (1)
GameObject,6625,gold icon
GameObject,6629,Image
GameObject,6634,Image
GameObject,6635,spawn button (supreme)
GameObject,6636,Image
GameObject,6637,BulletFatExplosionFire (10)
GameObject,6645,Image
GameObject,6653,BulletExplosionFire (14)
GameObject,6655,Image
GameObject,6658,gold text
GameObject,6660,Image
GameObject,6664,boss icon
GameObject,6666,hero glow
GameObject,6668,gold icon
GameObject,6678,shadow
GameObject,6686,BulletFatExplosionGreen (10)
GameObject,6688,starter task highlight (res prestige 1)
GameObject,6693,Image
GameObject,6694,highest wave text
GameObject,6697,Image
GameObject,6700,super energy chance
GameObject,6702,Image
GameObject,6704,range slider
GameObject,6710,Image (3)
GameObject,6712,Image
GameObject,6713,gold icon
GameObject,6717,BulletFatExplosionGreen (3)
GameObject,6720,Image (1)
GameObject,6721,shadow
GameObject,6723,Image (2)
GameObject,6728,Image
GameObject,6729,supreme cover (3)
GameObject,6731,shadow
GameObject,6734,spell duration
GameObject,6744,mage panel
GameObject,6748,runes (3)
GameObject,6753,locked perks panel
GameObject,6760,melee
GameObject,6763,ultra exp amount
GameObject,6776,promo hero (3)
GameObject,6781,prestige panel
GameObject,6783,shadow
GameObject,6785,Image
GameObject,6786,Image
GameObject,6788,current perks panel
GameObject,6795,rune icon
GameObject,6798,Image
GameObject,6805,exotic alien (tech boss)
GameObject,6807,Image
GameObject,6808,Image
GameObject,6813,main panel (show continue wave offer)
GameObject,6818,BulletFatExplosionBlue (17)
GameObject,6831,Image (4)
GameObject,6832,Image
GameObject,6836,Image (4)
GameObject,6841,supreme alien spawn chance
GameObject,6863,hero glow
GameObject,6865,bosses panel
GameObject,6866,producer num spawns
GameObject,6874,Image
GameObject,6876,Image
GameObject,6885,Image (1)
GameObject,6897,Image (1)
GameObject,6906,Image (1)
GameObject,6909,enemy ui followers (pvp boss)
GameObject,6918,BulletFatExplosionGreen (9)
GameObject,6921,gold icon
GameObject,6941,hero skill power
GameObject,6942,mastery exp
GameObject,6945,starter task highlight (tab research button)
GameObject,6949,Image
GameObject,6960,gift 1 - perm gold
GameObject,6967,runes (1)
GameObject,6968,Image (1)
GameObject,6974,BulletExplosionBlue (3)
GameObject,6977,Image (4)
GameObject,6985,Image (3)
GameObject,6988,ultra exp chance
GameObject,6993,BulletFatExplosionBlue (3)
GameObject,7001,Image
GameObject,7004,boss icon
GameObject,7009,BulletFatExplosionGreen (11)
GameObject,7022,ultimus green tokens
GameObject,7023,Image (1)
GameObject,7024,hero (9)
GameObject,7028,legendary heroes
GameObject,7045,shadow
GameObject,7051,shadow
GameObject,7056,boss rush skipped waves
GameObject,7062,shadow
GameObject,7065,skill duration
GameObject,7067,hero (5)
GameObject,7070,Image (1)
GameObject,7080,ad bonus ultra exp chance
GameObject,7083,shadow
GameObject,7084,warning image (glow)
GameObject,7095,Image
GameObject,7097,shadow
GameObject,7099,shadow
GameObject,7101,bonus gems text
GameObject,7106,Image
GameObject,7109,shadow
GameObject,7114,impacts (mage normal)
GameObject,7115,Image
GameObject,7131,Image
GameObject,7132,energy text
GameObject,7135,battlepass exp
GameObject,7136,supreme shadow runes
GameObject,7142,Image
GameObject,7144,astral synergy group perks (7)
GameObject,7149,Image
GameObject,7161,gold text
GameObject,7164,impacts (range crit)
GameObject,7166,Image
GameObject,7170,warning image (glow)
GameObject,7177,Image (2)
GameObject,7185,rune pack 4
GameObject,7186,pay gems to unlock text
GameObject,7187,Image
GameObject,7189,Image
GameObject,7204,starter task highlight (prestige dmg 1)
GameObject,7209,Image
GameObject,7211,gold icon
GameObject,7215,BulletExplosionBlue (8)
GameObject,7218,Image (1)
GameObject,7224,wave perk effect
GameObject,7225,gems
GameObject,7228,hero name text
GameObject,7235,which upgrades to focus on
GameObject,7236,shadow
GameObject,7239,Image
GameObject,7252,starter task - prestige gold 2
GameObject,7258,Image
GameObject,7260,Image
GameObject,7262,gift 6 - res gems
GameObject,7264,expire text
GameObject,7265,highest wave
GameObject,7267,rune icon (6)
GameObject,7268,active upgrades panel
GameObject,7271,boss icon
GameObject,7274,Image
GameObject,7275,mimic chest exp
GameObject,7278,runes (1)
GameObject,7281,skill mastery
GameObject,7284,wave req text
GameObject,7297,Image (2)
GameObject,7309,starter task highlight (claim rune)
GameObject,7311,Image
GameObject,7317,shadow
GameObject,7327,BulletExplosionBlue (11)
GameObject,7333,BulletFatExplosionGreen (17)
GameObject,7337,gold icon
GameObject,7341,gems (1)
GameObject,7343,exp
GameObject,7354,Image
GameObject,7364,Image (2)
GameObject,7365,research panel
GameObject,7368,Image
GameObject,7373,BulletExplosionBlue (17)
GameObject,7378,BulletExplosionBlue (12)
GameObject,7379,impacts (range normal)
GameObject,7383,splash damage
GameObject,7386,Image
GameObject,7400,shadow
GameObject,7406,highest wave bg
GameObject,7407,supreme alien
GameObject,7410,warning image (glow)
GameObject,7414,upgrade (1)
GameObject,7415,shadow
GameObject,7416,promo hero (4)
GameObject,7418,damage (1)
GameObject,7419,exp icon
GameObject,7421,Image
GameObject,7422,gift 1 - perm gold
GameObject,7423,Image
GameObject,7431,shadow
GameObject,7446,perks text
GameObject,7450,offline perk
GameObject,7457,starter task highlight (build forester min)
GameObject,7461,bonus gems weekend
GameObject,7464,** upgrades panel **
GameObject,7466,boss button
GameObject,7467,hide maxed upgrades
GameObject,7469,astral exp group perks (3)
GameObject,7471,hero (4)
GameObject,7475,BulletFatExplosionFire (8)
GameObject,7481,Image (1)
GameObject,7483,no perks text
GameObject,7494,Image (6)
GameObject,7503,golden trainer
GameObject,7513,spells
GameObject,7525,shadow
GameObject,7532,boss icon
GameObject,7534,shadow
GameObject,7553,BulletFatExplosionBlue (7)
GameObject,7558,gold icon
GameObject,7567,BulletExplosionGreen (4)
GameObject,7570,energy text
GameObject,7577,preset images (1)
GameObject,7582,icon shadow
GameObject,7589,promo bonus gems weekend
GameObject,7591,shadow
GameObject,7598,buy gems button
GameObject,7600,Image (6)
GameObject,7602,Image (1)
GameObject,7603,hero name bg
GameObject,7607,hero name text
GameObject,7617,BulletExplosionFire (5)
GameObject,7623,Image (2)
GameObject,7624,Image (1)
GameObject,7627,Image (2)
GameObject,7629,gems (6)
GameObject,7631,shadow
GameObject,7651,hero frame (0)
GameObject,7652,Image
GameObject,7664,Image (1)
GameObject,7668,warning image (glow)
GameObject,7669,producers
GameObject,7676,Image
GameObject,7677,hero build menu
GameObject,7680,Image
GameObject,7693,hero name text
GameObject,7703,hero (4)
GameObject,7706,skill impact - SwordHitMagicBlue (16)
GameObject,7712,Image
GameObject,7717,boss kills
GameObject,7725,ultimus panel
GameObject,7739,hero mage projectile
GameObject,7748,Image
GameObject,7757,shadow
GameObject,7760,hero name text
GameObject,7762,mimic chest gold
GameObject,7768,warning image (glow)
GameObject,7779,rune text
GameObject,7780,shadow
GameObject,7782,starter task - skiller style
GameObject,7783,wave req text
GameObject,7789,shadow
GameObject,7790,Image (5)
GameObject,7792,Image
GameObject,7800,BulletFatExplosionFire
GameObject,7805,waves
GameObject,7806,shadow
GameObject,7807,supreme spawns
GameObject,7808,Image
GameObject,7813,spells button
GameObject,7815,Image
GameObject,7817,rank exp
GameObject,7826,BulletFatExplosionGreen (13)
GameObject,7831,shadow
GameObject,7834,Image
GameObject,7851,starter task highlight (build hunter min)
GameObject,7852,gems icon
GameObject,7877,Image (1)
GameObject,7880,starter task highlight (boss skills only)
GameObject,7892,Image (1)
GameObject,7898,BulletExplosionGreen (13)
GameObject,7912,shadow
GameObject,7925,Image
GameObject,7927,Image
GameObject,7933,Image
GameObject,7939,energy text
GameObject,7955,BulletExplosionFire (13)
GameObject,7957,gold text
GameObject,7972,Image
GameObject,7974,boss dmg
GameObject,7975,wave lock cover
GameObject,7985,boss icon
GameObject,7991,runes (1)
GameObject,7993,promo hero (3)
GameObject,7994,producer golden chance
GameObject,8005,rune icon
GameObject,8012,BulletFatExplosionFire (4)
GameObject,8029,Image (1)
GameObject,8030,hero icon
GameObject,8031,runes
GameObject,8032,gem pack
GameObject,8037,Image
GameObject,8039,Image
GameObject,8044,BulletFatExplosionBlue (15)
GameObject,8055,Image
GameObject,8058,Image (1)
GameObject,8066,spell cd instant chance (time warp)
GameObject,8074,shadow
GameObject,8087,damage (2)
GameObject,8089,ultimus max spawns
GameObject,8097,expire text
GameObject,8099,starter task highlight (focus boss)
GameObject,8100,Image (2)
GameObject,8108,Image (1)
GameObject,8109,shadow alien hp scaling
GameObject,8115,shadow
GameObject,8116,runes (2)
GameObject,8135,HeroManager
GameObject,8149,hero range circle
GameObject,8152,Image (1)
GameObject,8155,Image (4)
GameObject,8157,supreme ultimus
GameObject,8162,prestige button (1)
GameObject,8166,res gems panel
GameObject,8170,bat mage
GameObject,8175,shadow
GameObject,8188,BulletFatExplosionBlue (12)
GameObject,8191,trainer exp
GameObject,8192,Image
GameObject,8195,Image
GameObject,8196,perks text
GameObject,8201,hero glow
GameObject,8203,prestige bg
GameObject,8208,energy text
GameObject,8218,supreme 1/2 runes
GameObject,8228,rank exp
GameObject,8235,spell cd text
GameObject,8237,rank exp text
GameObject,8239,upgrade (2)
GameObject,8240,Image
GameObject,8246,BulletExplosionFire (2)
GameObject,8259,Image (1)
GameObject,8265,boss icon
GameObject,8278,alien (wave locked)
GameObject,8282,Image
GameObject,8283,starter task highlight (prestige button)
GameObject,8284,hero (8)
GameObject,8289,Image
GameObject,8295,Image (4)
GameObject,8297,expire text
GameObject,8298,BulletExplosionGreen (19)
GameObject,8305,energy income text
GameObject,8313,hero name text
GameObject,8314,prestige panel (new layout)
GameObject,8315,highest wave text
GameObject,8316,ultimus reminder section
GameObject,8321,Image
GameObject,8324,map image
GameObject,8326,trainer cooldown
GameObject,8328,shadow
GameObject,8335,starter task highlight (spawn trainer)
GameObject,8338,HERO PREFABS
GameObject,8343,Image
GameObject,8347,heroes button
GameObject,8348,hero glow
GameObject,8349,hero name bg
GameObject,8356,shadow
GameObject,8360,ultimus reward
GameObject,8364,BulletExplosionGreen (15)
GameObject,8367,Image (1)
GameObject,8372,perks text
GameObject,8375,Image (1)
GameObject,8377,promo hero (10)
GameObject,8381,hero melee projectile
GameObject,8382,shadow
GameObject,8383,Image
GameObject,8385,confirm reset map perks panel
GameObject,8394,hero (9)
GameObject,8398,hero icon
GameObject,8404,Image
GameObject,8409,Image
GameObject,8437,training dummy (exp boss)
GameObject,8439,boss button (locked)
GameObject,8443,starter task highlight (prestige gold 1)
GameObject,8451,shadow
GameObject,8453,Image (1)
GameObject,8455,shadow
GameObject,8462,Image
GameObject,8469,header banner image
GameObject,8473,Image (2)
GameObject,8489,starter task highlight (spawn trainer)
GameObject,8492,runes (1)
GameObject,8493,skill impact - SwordHitMagicBlue (10)
GameObject,8495,gems (10)
GameObject,8500,focus boss
GameObject,8503,Image (3)
GameObject,8508,prestige text
GameObject,8522,promo hero (12)
GameObject,8527,gift 1 - perm gold
GameObject,8528,waves text
GameObject,8536,map upgrades button
GameObject,8541,shadow
GameObject,8548,Image
GameObject,8551,astral map perks (all)
GameObject,8554,2x battlepass exp
GameObject,8560,runes panel
GameObject,8561,energy icon
GameObject,8566,shadow
GameObject,8568,Image (2)
GameObject,8575,Image (3)
GameObject,8591,Image (1)
GameObject,8594,astral skills group perks (6)
GameObject,8595,gems text (normal)
GameObject,8596,prestige power
GameObject,8599,gems
GameObject,8605,Image
GameObject,8609,spell (1)
GameObject,8617,highest wave bg
GameObject,8627,hero glow
GameObject,8628,Image
GameObject,8633,Image
GameObject,8634,normal gems panel
GameObject,8645,***** ULTRA BOSSES *****
GameObject,8649,Image (4)
GameObject,8650,Image
GameObject,8652,Image
GameObject,8661,Image
GameObject,8663,boss icon
GameObject,8665,BulletFatExplosionFire (11)
GameObject,8673,spells presets panel (after upgrades panel because it can cover it)
GameObject,8676,skill cd
GameObject,8677,promo hero (1)
GameObject,8680,gems text
GameObject,8687,gained exp text
GameObject,8689,shadow
GameObject,8694,na cover (melee)
GameObject,8697,shadow
GameObject,8701,Image
GameObject,8707,gold icon
GameObject,8708,exp slider
GameObject,8709,shadow
GameObject,8719,Image (1)
GameObject,8722,goblin (gold boss)
GameObject,8723,gift 4 - perm exp (%)
GameObject,8733,Image (3)
GameObject,8741,Image
GameObject,8744,Image (1)
GameObject,8747,Image
GameObject,8748,hero name bg
GameObject,8757,melee panel
GameObject,8763,hero frame (2)
GameObject,8767,locked wave cover
GameObject,8768,Image
GameObject,8771,collider to detect clicks off hero
GameObject,8775,Image
GameObject,8786,promo hero (1)
GameObject,8794,gems text
GameObject,8797,shadow
GameObject,8801,Image
GameObject,8804,Image
GameObject,8813,shadow
GameObject,8817,starter task highlight (build forester max)
GameObject,8819,bonus gems text
GameObject,8828,Image
GameObject,8838,range panel
GameObject,8843,gift 2 - perm energy
GameObject,8850,warning image (glow)
GameObject,8851,hero frame (2)
GameObject,8852,use skill particles (list)
GameObject,8856,bonus gems text (1)
GameObject,8857,Image (6)
GameObject,8864,Image (2)
GameObject,8867,Image (4)
GameObject,8872,Image
GameObject,8873,Image (2)
GameObject,8877,highest wave text
GameObject,8885,Image
GameObject,8897,hide maxed upgrades
GameObject,8899,shadow
GameObject,8906,purchase hero button
GameObject,8918,gift 3 - perm prestige
GameObject,8932,boss icon
GameObject,8938,ultra boss
GameObject,8941,upgrade (1)
GameObject,8953,Image
GameObject,8955,starter task highlight (tab prestige button)
GameObject,8960,shadow
GameObject,8961,shadow
GameObject,8962,hero (5)
GameObject,8966,normal gems panel
GameObject,8981,rune pack 4
GameObject,8982,Image
GameObject,8986,energy income (1)
GameObject,8987,energy icon
GameObject,8991,Image
GameObject,8993,shadow
GameObject,8996,Image
GameObject,9004,energy icon
GameObject,9012,BulletExplosionGreen (2)
GameObject,9017,Image
GameObject,9022,hero (7)
GameObject,9026,energy icon
GameObject,9029,BulletExplosionBlue (4)
GameObject,9034,active spells panel
GameObject,9043,Image
GameObject,9044,Image (4)
GameObject,9046,mastery 2x exp chance (range)
GameObject,9049,map perks
GameObject,9050,hero (9)
GameObject,9057,shadow
GameObject,9058,hero (2)
GameObject,9062,Image
GameObject,9070,Image
GameObject,9076,Image
GameObject,9083,shadow
GameObject,9084,Image
GameObject,9099,shadow
GameObject,9104,bonus gems text (1)
GameObject,9106,range panel
GameObject,9109,gift 3 - perm prestige
GameObject,9113,Image
GameObject,9119,Image
GameObject,9144,BulletFatExplosionBlue (6)
GameObject,9147,shadow
GameObject,9149,gift 6 - res gems
GameObject,9150,wave amt button
GameObject,9151,rune icon (2)
GameObject,9161,BulletFatExplosionBlue (2)
GameObject,9164,Image
GameObject,9171,prestige text
GameObject,9190,hero (3)
GameObject,9194,shadow
GameObject,9200,Image (2)
GameObject,9209,Image (1)
GameObject,9217,BulletFatExplosionGreen (7)
GameObject,9226,Image (3)
GameObject,9232,BulletExplosionGreen (3)
GameObject,9243,Image (5)
GameObject,9244,Image
GameObject,9251,Image (4)
GameObject,9256,ad bonus ultra exp amount
GameObject,9259,energy text
GameObject,9269,runes (2)
GameObject,9270,Image
GameObject,9272,Image
GameObject,9305,Image (6)
GameObject,9308,warning image (glow)
GameObject,9313,BulletExplosionBlue (9)
GameObject,9315,producer cooldown
GameObject,9317,hero (8)
GameObject,9319,Image (2)
GameObject,9320,Image
GameObject,9323,Image
GameObject,9344,gold icon
GameObject,9345,shadow
GameObject,9360,Image (2)
GameObject,9364,rank exp (%)
GameObject,9365,Image
GameObject,9371,Image (2)
GameObject,9372,weekly boss
GameObject,9381,starter task highlight (claim rune na)
GameObject,9387,Image (1)
GameObject,9395,Image (1)
GameObject,9400,new perks panel
GameObject,9407,Image
GameObject,9413,Image
GameObject,9418,runes (2)
GameObject,9423,shadow
GameObject,9427,Image (1)
GameObject,9428,shadow
GameObject,9441,ice mage
GameObject,9447,supreme heroes
GameObject,9453,Image (1)
GameObject,9455,shadow alien hp skip
GameObject,9456,Image (2)
GameObject,9459,Image
GameObject,9462,sample image (1)
GameObject,9471,Image (2)
GameObject,9477,boss icon
GameObject,9478,gold icon
GameObject,9484,shadow
GameObject,9488,starter task highlight (build druid min)
GameObject,9489,upgrade (1)
GameObject,9493,Image (5)
GameObject,9494,ultra energy chance
GameObject,9496,mage panel
GameObject,9497,hide maxed upgrades
GameObject,9501,Image (7)
GameObject,9505,energy text
GameObject,9508,gems (9)
GameObject,9509,supreme panel
GameObject,9510,map upgrades button
GameObject,9514,hero name text
GameObject,9530,wave req text
GameObject,9537,shadow
GameObject,9545,exp slider
GameObject,9573,Image
GameObject,9581,shadow
GameObject,9582,gems (5)
GameObject,9584,bosses panel
GameObject,9595,hotkey spells panel
GameObject,9601,Image (3)
GameObject,9602,Image (2)
GameObject,9607,Image
GameObject,9612,Image
GameObject,9622,hero (8)
GameObject,9634,Image
GameObject,9637,new runes panel
GameObject,9639,Image
GameObject,9648,Image
GameObject,9657,hero (10)
GameObject,9670,na cover (range)
GameObject,9671,bonus gems text
GameObject,9678,BulletExplosionBlue (7)
GameObject,9681,Image
GameObject,9687,Image
GameObject,9692,hero icon
GameObject,9696,wave boss
GameObject,9698,gem sale
GameObject,9700,Image (5)
GameObject,9703,Image
GameObject,9706,starter task - res prestige 2
GameObject,9707,Image
GameObject,9709,Image
GameObject,9711,boss icon
GameObject,9715,shadow
GameObject,9717,shadow
GameObject,9718,BulletFatExplosionFire (7)
GameObject,9740,Heroes (Removed)
GameObject,9743,Image
GameObject,9759,promo hero (2)
GameObject,9762,shadow
GameObject,9766,Image (2)
GameObject,9767,Image
GameObject,9774,Image
GameObject,9780,Image (2)
GameObject,9782,Image (4)
GameObject,9789,Image
GameObject,9791,hero (2)
GameObject,9799,gems text
GameObject,9800,Image
GameObject,9821,hero (7)
GameObject,9825,Image
GameObject,9829,trainer golden chance
GameObject,9831,Image
GameObject,9839,Image (2)
GameObject,9841,prestige icon
GameObject,9843,supreme panel (minimized)
GameObject,9844,pay gems to unlock text
GameObject,9847,Image
GameObject,9850,empty spell text
GameObject,9853,wave perks
GameObject,9854,skill impact - SwordHitMagicBlue (14)
GameObject,9858,shadow
GameObject,9861,bosses panel
GameObject,9862,Image (2)
GameObject,9868,hero (3)
GameObject,9870,boss rush
GameObject,9872,boss rush button (active)
GameObject,9874,Image
GameObject,9875,shadow
GameObject,9879,supreme cover
GameObject,9885,Image
GameObject,9890,end rush wave
GameObject,9893,Image
GameObject,9895,Image (1)
GameObject,9901,new runes reward panel
GameObject,9904,heroes panel
GameObject,9910,BulletFatExplosionGreen (18)
GameObject,9912,Image
GameObject,9925,gems panel
GameObject,9927,BulletExplosionGreen (11)
GameObject,9933,shadow
GameObject,9935,exp slider
GameObject,9941,gems (7)
GameObject,9943,starter task highlight (build druid max)
GameObject,9944,shadow
GameObject,9948,hide maxed upgrades
GameObject,9956,ultimus (wave locked)
GameObject,9965,sup tech gold1 bonus
GameObject,9982,BulletExplosionFire (19)
GameObject,9989,Image
GameObject,9993,energy text
GameObject,9995,shadow
GameObject,9997,Image
GameObject,10004,alien
GameObject,10006,hero name bg
GameObject,10007,gold texts
GameObject,10016,Image
GameObject,10017,Image
GameObject,10021,Image (4)
GameObject,10033,BulletExplosionGreen (16)
GameObject,10035,help images
GameObject,10039,preset images
GameObject,10040,Image (1)
GameObject,10046,shadow
GameObject,10068,shadow
GameObject,10076,Image
GameObject,10080,Image
GameObject,10082,runes (1)
GameObject,10087,hero promo button
GameObject,10091,energy text
GameObject,10095,Image
GameObject,10096,bonus gems text
GameObject,10104,supreme 2
GameObject,10106,Image
GameObject,10108,Image (1)
GameObject,10113,boss rush max wave
GameObject,10130,BulletFatExplosionFire (15)
GameObject,10137,impacts (skill)
GameObject,10144,shadow
GameObject,10157,BulletFatExplosionGreen (12)
GameObject,10158,Image (3)
GameObject,10161,astral energy group perks (4)
GameObject,10170,kill exp
GameObject,10182,VortexPortalBlue
GameObject,10183,VortexPortalBlue
GameObject,10184,VortexPortalBlue (1)
GameObject,10185,VortexPortalBlue
GameObject,10186,VortexPortalBlue
GameObject,10187,VortexPortalBlue
GameObject,10188,VortexPortalBlue
GameObject,10189,VortexPortalBlue
GameObject,10247,VortexPortalRed (1)
GameObject,10248,VortexPortalRed (1)
GameObject,10249,VortexPortalRed (1)
GameObject,10250,VortexPortalRed
GameObject,10251,VortexPortalRed
GameObject,10252,VortexPortalRed (2)
GameObject,10253,VortexPortalRed (1)
GameObject,10254,VortexPortalRed (1)
GameObject,10307,wave locked cover
GameObject,10308,wave locked cover
GameObject,10309,wave locked cover
GameObject,10310,wave locked cover
GameObject,10311,wave locked cover
GameObject,10312,wave locked cover
GameObject,10313,wave locked cover
GameObject,10314,wave locked cover
GameObject,10315,wave locked cover
GameObject,10402,hero (9)
GameObject,10405,immune mage
GameObject,10542,hero name text
GameObject,10579,Hood Shadow Fire
GameObject,10580,Hood Shadow Fire
GameObject,10766,hero name bg
GameObject,10767,hero name bg
GameObject,10768,hero name bg
GameObject,10769,hero name bg
GameObject,10770,hero name bg
GameObject,10771,hero name bg
GameObject,10814,hero (9)
GameObject,10815,hero (9)
GameObject,10816,hero (9)
GameObject,10817,hero (9)
GameObject,10818,hero (9)
GameObject,10819,hero (9)
GameObject,10820,hero (9)
GameObject,10821,hero (9)
GameObject,10999,spell (3)
GameObject,11012,ranger (medium)
GameObject,11045,hero (9)
GameObject,11046,hero (9)
GameObject,11047,hero (9)
GameObject,11048,hero (9)
GameObject,11049,hero (9)
GameObject,11050,hero (9)
GameObject,11051,hero (9)
GameObject,11052,hero (9)
GameObject,11053,hero (9)
GameObject,11337,damage text
GameObject,11394,hero frame (0)
GameObject,11395,hero frame (0)
GameObject,11396,hero frame (0)
GameObject,11397,hero frame (0)
GameObject,11398,hero frame (0)
GameObject,11399,hero frame (0)
GameObject,11668,immune melee
GameObject,11765,hero name text
GameObject,11868,hero name bg
GameObject,11904,damage text (4)
GameObject,11926,damage text (7)
GameObject,12277,empty spell text
GameObject,12372,hero (6)
GameObject,12373,hero (6)
GameObject,12374,hero (6)
GameObject,12375,hero (6)
GameObject,12376,hero (6)
GameObject,12377,hero (6)
GameObject,12378,hero (6)
GameObject,12379,hero (6)
GameObject,12380,hero (6)
GameObject,12710,damage text (7)
GameObject,12711,damage text (7)
GameObject,12712,damage text (7)
GameObject,12713,damage text (7)
GameObject,12714,damage text (7)
GameObject,12715,damage text (7)
GameObject,12716,damage text (7)
GameObject,12717,damage text (7)
GameObject,12718,damage text (7)
GameObject,12719,damage text (7)
GameObject,12720,damage text (7)
GameObject,12721,damage text (7)
GameObject,12722,damage text (7)
GameObject,12723,damage text (7)
GameObject,12724,damage text (7)
GameObject,12725,damage text (7)
GameObject,12726,damage text (7)
GameObject,12727,damage text (7)
GameObject,12728,damage text (7)
GameObject,12729,damage text (7)
GameObject,12730,damage text (7)
GameObject,12731,damage text (7)
GameObject,12732,damage text (7)
GameObject,12733,damage text (7)
GameObject,12734,damage text (7)
GameObject,12735,damage text (7)
GameObject,12736,damage text (7)
GameObject,12737,damage text (7)
GameObject,12738,damage text (7)
GameObject,12739,damage text (7)
GameObject,12740,damage text (7)
GameObject,12741,damage text (7)
GameObject,12742,damage text (7)
GameObject,12743,damage text (7)
GameObject,12744,damage text (7)
GameObject,12745,damage text (7)
GameObject,12746,damage text (7)
GameObject,12747,damage text (7)
GameObject,12748,damage text (7)
GameObject,12749,damage text (7)
GameObject,12750,damage text (7)
GameObject,12751,damage text (7)
GameObject,12752,damage text (7)
GameObject,12753,damage text (7)
GameObject,12754,damage text (7)
GameObject,12755,damage text (7)
GameObject,12756,damage text (7)
GameObject,12757,damage text (7)
GameObject,12758,damage text (7)
GameObject,12759,skymage - teleport (3)
GameObject,12760,skymage - teleport (2)
GameObject,12761,skymage - teleport (1)
GameObject,12762,skymage - teleport (8)
GameObject,12763,skymage - teleport (5)
GameObject,12764,skymage - teleport (6)
GameObject,12765,skymage - teleport (4)
GameObject,12766,skymage - teleport (7)
GameObject,12838,hero frame (1)
GameObject,13096,Ice Mage (4)
GameObject,13097,Ice Mage (6)
GameObject,13098,Ice Mage (5)
GameObject,13099,Ice Mage (10)
GameObject,13100,Ice Mage (9)
GameObject,13101,Ice Mage (1)
GameObject,13102,Ice Mage (3)
GameObject,13103,Ice Mage (7)
GameObject,13104,Ice Mage (2)
GameObject,13105,Ice Mage (8)
GameObject,13602,gold text
GameObject,13603,militia - spin attack
GameObject,13706,highest hero level
GameObject,13825,Training Dummy golden variant
GameObject,13949,arbalest - energy source (2)
GameObject,13950,arbalest - energy source (1)
GameObject,13984,damage 1
GameObject,14120,damage text (9)
GameObject,14121,damage text (9)
GameObject,14122,damage text (9)
GameObject,14123,damage text (9)
GameObject,14124,damage text (9)
GameObject,14125,damage text (9)
GameObject,14126,damage text (9)
GameObject,14127,damage text (9)
GameObject,14128,damage text (9)
GameObject,14129,damage text (9)
GameObject,14130,damage text (9)
GameObject,14131,damage text (9)
GameObject,14132,damage text (9)
GameObject,14133,damage text (9)
GameObject,14134,damage text (9)
GameObject,14135,damage text (9)
GameObject,14136,damage text (9)
GameObject,14137,damage text (9)
GameObject,14138,damage text (9)
GameObject,14139,damage text (9)
GameObject,14140,damage text (9)
GameObject,14141,damage text (9)
GameObject,14142,damage text (9)
GameObject,14143,damage text (9)
GameObject,14144,damage text (9)
GameObject,14145,damage text (9)
GameObject,14146,damage text (9)
GameObject,14147,damage text (9)
GameObject,14148,damage text (9)
GameObject,14149,damage text (9)
GameObject,14150,damage text (9)
GameObject,14151,damage text (9)
GameObject,14152,damage text (9)
GameObject,14153,damage text (9)
GameObject,14154,damage text (9)
GameObject,14155,damage text (9)
GameObject,14156,damage text (9)
GameObject,14157,damage text (9)
GameObject,14158,damage text (9)
GameObject,14159,damage text (9)
GameObject,14160,damage text (9)
GameObject,14161,damage text (9)
GameObject,14162,damage text (9)
GameObject,14163,damage text (9)
GameObject,14164,damage text (9)
GameObject,14165,damage text (9)
GameObject,14166,damage text (9)
GameObject,14167,damage text (9)
GameObject,14168,damage text (9)
GameObject,14268,damage text (19)
GameObject,14396,damage text (7)
GameObject,14437,energy icon
GameObject,14438,energy icon
GameObject,14439,energy icon
GameObject,14440,energy icon
GameObject,14441,energy icon
GameObject,14442,energy icon
GameObject,14443,energy icon
GameObject,14444,energy icon
GameObject,14445,energy icon
GameObject,14446,energy icon
GameObject,14447,energy icon
GameObject,14448,energy icon
GameObject,14449,energy icon
GameObject,14450,energy icon
GameObject,14458,hero name bg
GameObject,14612,hero name text
GameObject,14613,hero name text
GameObject,14614,hero name text
GameObject,14615,hero name text
GameObject,14616,hero name text
GameObject,14617,hero name text
GameObject,14622,wave locked cover
GameObject,14744,Female Mage 02
GameObject,14745,spelldancer (support)
GameObject,15081,gold icon
GameObject,15082,gold icon
GameObject,15083,gold icon
GameObject,15084,gold icon
GameObject,15085,gold icon
GameObject,15086,gold icon
GameObject,15087,gold icon
GameObject,15088,gold icon
GameObject,15089,gold icon
GameObject,15090,gold icon
GameObject,15091,gold icon
GameObject,15092,gold icon
GameObject,15093,gold icon
GameObject,15094,gold icon
GameObject,15095,gold icon
GameObject,15096,gold icon
GameObject,15097,gold icon
GameObject,15098,gold icon
GameObject,15099,gold icon
GameObject,15100,gold icon
GameObject,15101,gold icon
GameObject,15102,gold icon
GameObject,15103,gold icon
GameObject,15104,gold icon
GameObject,15105,gold icon
GameObject,15106,gold icon
GameObject,15107,gold icon
GameObject,15108,gold icon
GameObject,15109,gold icon
GameObject,15110,gold icon
GameObject,15111,gold icon
GameObject,15112,gold icon
GameObject,15113,gold icon
GameObject,15114,gold icon
GameObject,15115,gold icon
GameObject,15116,gold icon
GameObject,15117,gold icon
GameObject,15118,gold icon
GameObject,15119,gold icon
GameObject,15120,gold icon
GameObject,15121,gold icon
GameObject,15122,gold icon
GameObject,15123,gold icon
GameObject,15124,gold icon
GameObject,15125,gold icon
GameObject,15126,gold icon
GameObject,15127,gold icon
GameObject,15128,gold icon
GameObject,15129,gold icon
GameObject,15370,map image
GameObject,15371,map image
GameObject,15372,map image
GameObject,15373,map image
GameObject,15374,map image
GameObject,15375,map image
GameObject,15376,map image
GameObject,15377,map image
GameObject,15379,hero name text
GameObject,15412,Goblin Trooper Mage (gold boss) (2)
GameObject,15413,Goblin Trooper Mage (gold boss) (4)
GameObject,15414,Goblin Trooper Mage (gold boss) (11)
GameObject,15415,Goblin Trooper Mage (gold boss) (7)
GameObject,15416,Goblin Trooper Mage (gold boss) (13)
GameObject,15417,Goblin Trooper Mage (gold boss) (5)
GameObject,15418,Goblin Trooper Mage (gold boss) (3)
GameObject,15419,Goblin Trooper Mage (gold boss) (14)
GameObject,15420,Goblin Trooper Mage (gold boss) (10)
GameObject,15421,Goblin Trooper Mage (gold boss) (1)
GameObject,15422,Goblin Trooper Mage (gold boss) (6)
GameObject,15423,Goblin Trooper Mage (gold boss) (8)
GameObject,15424,Goblin Trooper Mage (gold boss) (15)
GameObject,15425,Goblin Trooper Mage (gold boss) (9)
GameObject,15426,Goblin Trooper Mage (gold boss) (12)
GameObject,15493,Soul Mage (2)
GameObject,15494,Soul Mage (1)
GameObject,15495,Soul Mage (3)
GameObject,15496,Soul Mage (4)
GameObject,15497,Soul Mage (10)
GameObject,15498,Soul Mage (9)
GameObject,15499,Soul Mage (8)
GameObject,15500,Soul Mage (5)
GameObject,15501,Soul Mage (7)
GameObject,15502,Soul Mage (6)
GameObject,15534,hero (7)
GameObject,15535,hero (7)
GameObject,15536,hero (7)
GameObject,15537,hero (7)
GameObject,15538,hero (7)
GameObject,15539,hero (7)
GameObject,15540,hero (7)
GameObject,15541,hero (7)
GameObject,15542,hero (7)
GameObject,15842,Goblin golden variant (2)
GameObject,15843,Goblin golden variant (1)
GameObject,15844,Goblin golden variant (4)
GameObject,15845,Goblin golden variant (3)
GameObject,15846,locked wave req (1)
GameObject,15847,locked wave req (1)
GameObject,15848,locked wave req (1)
GameObject,15849,locked wave req (1)
GameObject,15850,locked wave req (1)
GameObject,15851,locked wave req (1)
GameObject,15852,locked wave req (1)
GameObject,15853,locked wave req (1)
GameObject,15854,locked wave req (1)
GameObject,15855,locked wave req (1)
GameObject,15856,locked wave req (1)
GameObject,15857,locked wave req (1)
GameObject,15858,locked wave req (1)
GameObject,15859,locked wave req (1)
GameObject,15860,locked wave req (1)
GameObject,15861,locked wave req (1)
GameObject,15862,locked wave req (1)
GameObject,15863,locked wave req (1)
GameObject,15864,locked wave req (1)
GameObject,15865,locked wave req (1)
GameObject,15866,locked wave req (1)
GameObject,15867,locked wave req (1)
GameObject,15868,locked wave req (1)
GameObject,15869,locked wave req (1)
GameObject,15870,locked wave req (1)
GameObject,15871,locked wave req (1)
GameObject,15872,locked wave req (1)
GameObject,15873,locked wave req (1)
GameObject,15874,locked wave req (1)
GameObject,15875,locked wave req (1)
GameObject,15876,locked wave req (1)
GameObject,15877,locked wave req (1)
GameObject,15878,locked wave req (1)
GameObject,15879,locked wave req (1)
GameObject,15880,locked wave req (1)
GameObject,15881,locked wave req (1)
GameObject,15882,locked wave req (1)
GameObject,15883,locked wave req (1)
GameObject,15884,locked wave req (1)
GameObject,15885,locked wave req (1)
GameObject,15886,locked wave req (1)
GameObject,15887,locked wave req (1)
GameObject,15888,locked wave req (1)
GameObject,15889,locked wave req (1)
GameObject,15890,locked wave req (1)
GameObject,15891,locked wave req (1)
GameObject,15892,locked wave req (1)
GameObject,15893,locked wave req (1)
GameObject,15894,locked wave req (1)
GameObject,15895,locked wave req (1)
GameObject,15896,locked wave req (1)
GameObject,15897,locked wave req (1)
GameObject,15898,locked wave req (1)
GameObject,15915,hero (3)
GameObject,15916,hero (3)
GameObject,15917,hero (3)
GameObject,15918,hero (3)
GameObject,15919,hero (3)
GameObject,15920,hero (3)
GameObject,15921,hero (3)
GameObject,15922,hero (3)
GameObject,15923,hero (3)
GameObject,16040,skill effect icons panel (1)
GameObject,16041,skill effect icons panel (1)
GameObject,16042,skill effect icons panel (1)
GameObject,16043,skill effect icons panel (1)
GameObject,16044,skill effect icons panel (1)
GameObject,16045,skill effect icons panel (1)
GameObject,16046,skill effect icons panel (1)
GameObject,16047,skill effect icons panel (1)
GameObject,16048,skill effect icons panel (1)
GameObject,16049,skill effect icons panel (1)
GameObject,16050,skill effect icons panel (1)
GameObject,16051,skill effect icons panel (1)
GameObject,16052,skill effect icons panel (1)
GameObject,16053,skill effect icons panel (1)
GameObject,16054,skill effect icons panel (1)
GameObject,16055,skill effect icons panel (1)
GameObject,16056,skill effect icons panel (1)
GameObject,16057,skill effect icons panel (1)
GameObject,16058,skill effect icons panel (1)
GameObject,16059,skill effect icons panel (1)
GameObject,16060,skill effect icons panel (1)
GameObject,16061,skill effect icons panel (1)
GameObject,16062,skill effect icons panel (1)
GameObject,16063,skill effect icons panel (1)
GameObject,16064,skill effect icons panel (1)
GameObject,16065,skill effect icons panel (1)
GameObject,16066,skill effect icons panel (1)
GameObject,16067,skill effect icons panel (1)
GameObject,16068,skill effect icons panel (1)
GameObject,16069,skill effect icons panel (1)
GameObject,16070,skill effect icons panel (1)
GameObject,16071,skill effect icons panel (1)
GameObject,16072,skill effect icons panel (1)
GameObject,16073,skill effect icons panel (1)
GameObject,16074,skill effect icons panel (1)
GameObject,16075,skill effect icons panel (1)
GameObject,16076,skill effect icons panel (1)
GameObject,16077,skill effect icons panel (1)
GameObject,16078,skill effect icons panel (1)
GameObject,16079,skill effect icons panel (1)
GameObject,16080,skill effect icons panel (1)
GameObject,16081,skill effect icons panel (1)
GameObject,16082,skill effect icons panel (1)
GameObject,16083,skill effect icons panel (1)
GameObject,16084,skill effect icons panel (1)
GameObject,16085,skill effect icons panel (1)
GameObject,16086,skill effect icons panel (1)
GameObject,16087,skill effect icons panel (1)
GameObject,16088,skill effect icons panel (1)
GameObject,16281,hero name text
GameObject,16282,hero name text
GameObject,16283,hero name text
GameObject,16284,hero name text
GameObject,16285,hero name text
GameObject,16286,hero name text
GameObject,16760,spell dancer - power boost
GameObject,17422,witch - curse (2)
GameObject,17423,witch - curse (1)
GameObject,17436,Death Mage
GameObject,17437,Death Mage
GameObject,17438,Death Mage
GameObject,17439,Death Mage
GameObject,17440,Death Mage
GameObject,17441,Death Mage
GameObject,17442,Death Mage
GameObject,17443,Death Mage
GameObject,17444,Death Mage
GameObject,17445,Death Mage
GameObject,17466,upgrade title
GameObject,17673,Alien Galaxia (ultimus boss) (green range) (5)
GameObject,17674,Alien Galaxia (ultimus boss) (green range) (2)
GameObject,17675,Alien Galaxia (ultimus boss) (green range) (3)
GameObject,17676,Alien Galaxia (ultimus boss) (green range) (1)
GameObject,17677,Alien Galaxia (ultimus boss) (green range) (6)
GameObject,17678,Alien Galaxia (ultimus boss) (green range) (4)
GameObject,17679,rune icon
GameObject,17736,Image
GameObject,17853,Alien Galaxia
GameObject,18057,Alien Galaxia (ultimus boss) (red mage)
GameObject,18521,damage
GameObject,18927,damage text (4)
GameObject,18938,hunter - gold lust
GameObject,19074,damage text (11)
GameObject,19108,enemy ui follower GLOBAL BOSS (2)
GameObject,19109,enemy ui follower GLOBAL BOSS (3)
GameObject,19273,spell instant refresh text
GameObject,19274,spell instant refresh text
GameObject,19275,spell instant refresh text
GameObject,19276,spell instant refresh text
GameObject,19277,spell instant refresh text
GameObject,19278,spell instant refresh text
GameObject,19279,spell instant refresh text
GameObject,19280,spell instant refresh text
GameObject,19281,spell instant refresh text
GameObject,19468,Female Mage 02
GameObject,19515,arbalest - energy source
GameObject,19957,Eyeball Mage Green (energy boss)
GameObject,20064,damage text (18)
GameObject,20065,damage text (18)
GameObject,20254,EnergySpread
GameObject,20257,EnergySpread
GameObject,20364,hero (4)
GameObject,20428,exp icon
GameObject,20429,exp icon
GameObject,20430,exp icon
GameObject,20431,exp icon
GameObject,20432,exp icon
GameObject,20433,exp icon
GameObject,20434,exp icon
GameObject,20435,exp icon
GameObject,20436,exp icon
GameObject,20437,exp icon
GameObject,20438,exp icon
GameObject,20439,exp icon
GameObject,20440,exp icon
GameObject,20441,exp icon
GameObject,20442,exp icon
GameObject,20443,exp icon
GameObject,20444,exp icon
GameObject,20445,exp icon
GameObject,20446,exp icon
GameObject,20447,exp icon
GameObject,20448,exp icon
GameObject,20449,exp icon
GameObject,20450,exp icon
GameObject,20451,exp icon
GameObject,20452,exp icon
GameObject,20453,exp icon
GameObject,20454,exp icon
GameObject,20455,exp icon
GameObject,20456,exp icon
GameObject,20457,exp icon
GameObject,20458,exp icon
GameObject,20459,exp icon
GameObject,20460,exp icon
GameObject,20461,exp icon
GameObject,20462,exp icon
GameObject,20463,exp icon
GameObject,20464,exp icon
GameObject,20465,exp icon
GameObject,20466,exp icon
GameObject,20467,exp icon
GameObject,20468,exp icon
GameObject,20469,exp icon
GameObject,20470,exp icon
GameObject,20471,exp icon
GameObject,20472,exp icon
GameObject,20473,exp icon
GameObject,20474,exp icon
GameObject,20475,exp icon
GameObject,20476,exp icon
GameObject,21259,Alien Galaxia (ultimus boss) (green range)
GameObject,21550,skill effect icons panel
GameObject,21551,skill effect icons panel
GameObject,21552,skill effect icons panel
GameObject,21553,skill effect icons panel
GameObject,21554,skill effect icons panel
GameObject,21555,skill effect icons panel
GameObject,21556,skill effect icons panel
GameObject,21557,skill effect icons panel
GameObject,21558,skill effect icons panel
GameObject,21600,Training Dummy (exp boss) (6)
GameObject,21601,Training Dummy (exp boss) (1)
GameObject,21602,Training Dummy (exp boss) (5)
GameObject,21603,Training Dummy (exp boss) (2)
GameObject,21604,Training Dummy (exp boss) (4)
GameObject,21605,Training Dummy (exp boss) (3)
GameObject,21606,Training Dummy (exp boss) (7)
GameObject,21812,Image
GameObject,21813,Image
GameObject,21814,Image
GameObject,21815,Image
GameObject,21816,Image
GameObject,21817,Image
GameObject,21818,Image
GameObject,21819,Image
GameObject,21820,Image
GameObject,21827,damage text (13)
GameObject,21839,damage text (12)
GameObject,21840,damage text (12)
GameObject,21841,damage text (12)
GameObject,21842,damage text (12)
GameObject,21843,damage text (12)
GameObject,21844,damage text (12)
GameObject,21845,damage text (12)
GameObject,21846,damage text (12)
GameObject,21847,damage text (12)
GameObject,21848,damage text (12)
GameObject,21849,damage text (12)
GameObject,21850,damage text (12)
GameObject,21851,damage text (12)
GameObject,21852,damage text (12)
GameObject,21853,damage text (12)
GameObject,21854,damage text (12)
GameObject,21855,damage text (12)
GameObject,21856,damage text (12)
GameObject,21857,damage text (12)
GameObject,21858,damage text (12)
GameObject,21859,damage text (12)
GameObject,21860,damage text (12)
GameObject,21861,damage text (12)
GameObject,21862,damage text (12)
GameObject,21863,damage text (12)
GameObject,21864,damage text (12)
GameObject,21865,damage text (12)
GameObject,21866,damage text (12)
GameObject,21867,damage text (12)
GameObject,21868,damage text (12)
GameObject,21869,damage text (12)
GameObject,21870,damage text (12)
GameObject,21871,damage text (12)
GameObject,21872,damage text (12)
GameObject,21873,damage text (12)
GameObject,21874,damage text (12)
GameObject,21875,damage text (12)
GameObject,21876,damage text (12)
GameObject,21877,damage text (12)
GameObject,21878,damage text (12)
GameObject,21879,damage text (12)
GameObject,21880,damage text (12)
GameObject,21881,damage text (12)
GameObject,21882,damage text (12)
GameObject,21883,damage text (12)
GameObject,21884,damage text (12)
GameObject,21885,damage text (12)
GameObject,21886,damage text (12)
GameObject,21887,damage text (12)
GameObject,22113,hero frame
GameObject,22114,hero frame
GameObject,22115,hero frame
GameObject,22116,hero frame
GameObject,22117,hero frame
GameObject,22118,hero frame
GameObject,22119,hero frame
GameObject,22120,hero frame
GameObject,22121,hero frame
GameObject,22122,hero frame
GameObject,22123,hero frame
GameObject,22124,hero frame
GameObject,22125,hero frame
GameObject,22126,hero frame
GameObject,22127,hero frame
GameObject,22128,hero frame
GameObject,22129,hero frame
GameObject,22130,hero frame
GameObject,22131,hero frame
GameObject,22132,hero frame
GameObject,22133,hero frame
GameObject,22134,hero frame
GameObject,22135,hero frame
GameObject,22136,hero frame
GameObject,22137,hero frame
GameObject,22138,hero frame
GameObject,22139,hero frame
GameObject,22140,hero frame
GameObject,22141,hero frame
GameObject,22142,hero frame
GameObject,22143,hero frame
GameObject,22144,hero frame
GameObject,22145,hero frame
GameObject,22146,hero frame
GameObject,22147,hero frame
GameObject,22148,hero frame
GameObject,22149,hero frame
GameObject,22150,hero frame
GameObject,22151,hero frame
GameObject,22152,hero frame
GameObject,22153,hero frame
GameObject,22178,map image and buttons
GameObject,22335,witch - curse
GameObject,22383,damage text (13)
GameObject,22384,damage text (13)
GameObject,22401,hunter - gold lust (1)
GameObject,22402,hunter - gold lust (2)
GameObject,22446,wave req cover
GameObject,22527,chest shadow
GameObject,22756,gold icon
GameObject,22778,hero frame
GameObject,22833,spell (4)
GameObject,22857,MysticExplosionWhite
GameObject,22858,MysticExplosionWhite
GameObject,23093,wave req cover
GameObject,23094,wave req cover
GameObject,23095,wave req cover
GameObject,23096,wave req cover
GameObject,23097,wave req cover
GameObject,23098,wave req cover
GameObject,23099,wave req cover
GameObject,23100,wave req cover
GameObject,23101,wave req cover
GameObject,23102,wave req cover
GameObject,23103,wave req cover
GameObject,23104,wave req cover
GameObject,23105,wave req cover
GameObject,23106,wave req cover
GameObject,23107,wave req cover
GameObject,23108,wave req cover
GameObject,23109,wave req cover
GameObject,23110,wave req cover
GameObject,23111,wave req cover
GameObject,23112,wave req cover
GameObject,23113,wave req cover
GameObject,23114,wave req cover
GameObject,23115,wave req cover
GameObject,23116,wave req cover
GameObject,23117,wave req cover
GameObject,23118,wave req cover
GameObject,23119,wave req cover
GameObject,23120,wave req cover
GameObject,23121,wave req cover
GameObject,23122,wave req cover
GameObject,23123,wave req cover
GameObject,23124,wave req cover
GameObject,23125,wave req cover
GameObject,23126,wave req cover
GameObject,23127,wave req cover
GameObject,23128,wave req cover
GameObject,23129,wave req cover
GameObject,23130,wave req cover
GameObject,23131,wave req cover
GameObject,23132,wave req cover
GameObject,23133,wave req cover
GameObject,23315,damage text (15)
GameObject,23316,damage text (15)
GameObject,23317,damage text (15)
GameObject,23318,damage text (15)
GameObject,23319,damage text (15)
GameObject,23320,damage text (15)
GameObject,23321,damage text (15)
GameObject,23322,damage text (15)
GameObject,23323,damage text (15)
GameObject,23324,damage text (15)
GameObject,23325,damage text (15)
GameObject,23326,damage text (15)
GameObject,23327,damage text (15)
GameObject,23328,damage text (15)
GameObject,23329,damage text (15)
GameObject,23330,damage text (15)
GameObject,23331,damage text (15)
GameObject,23332,damage text (15)
GameObject,23333,damage text (15)
GameObject,23334,damage text (15)
GameObject,23335,damage text (15)
GameObject,23336,damage text (15)
GameObject,23337,damage text (15)
GameObject,23338,damage text (15)
GameObject,23339,damage text (15)
GameObject,23340,damage text (15)
GameObject,23341,damage text (15)
GameObject,23342,damage text (15)
GameObject,23343,damage text (15)
GameObject,23344,damage text (15)
GameObject,23345,damage text (15)
GameObject,23346,damage text (15)
GameObject,23347,damage text (15)
GameObject,23348,damage text (15)
GameObject,23349,damage text (15)
GameObject,23350,damage text (15)
GameObject,23351,damage text (15)
GameObject,23352,damage text (15)
GameObject,23353,damage text (15)
GameObject,23354,damage text (15)
GameObject,23355,damage text (15)
GameObject,23356,damage text (15)
GameObject,23357,damage text (15)
GameObject,23358,damage text (15)
GameObject,23359,damage text (15)
GameObject,23360,damage text (15)
GameObject,23361,damage text (15)
GameObject,23362,damage text (15)
GameObject,23363,damage text (15)
GameObject,23459,hero frame (2)
GameObject,23460,hero frame (2)
GameObject,23461,hero frame (2)
GameObject,23462,hero frame (2)
GameObject,23463,hero frame (2)
GameObject,23464,hero frame (2)
GameObject,23567,Cactus Boss
GameObject,23652,skill
GameObject,23707,damage text (11)
GameObject,24321,apprentice (battle)
GameObject,24323,Male Mage 01
GameObject,24352,locked wave req (1)
GameObject,24378,range icon
GameObject,24379,range icon
GameObject,24380,range icon
GameObject,24381,range icon
GameObject,24382,range icon
GameObject,24383,range icon
GameObject,24384,range icon
GameObject,24385,range icon
GameObject,24386,range icon
GameObject,24387,range icon
GameObject,24388,range icon
GameObject,24389,range icon
GameObject,24390,range icon
GameObject,24391,range icon
GameObject,24392,range icon
GameObject,24393,range icon
GameObject,24394,range icon
GameObject,24395,range icon
GameObject,24396,range icon
GameObject,24397,range icon
GameObject,24398,range icon
GameObject,24399,range icon
GameObject,24400,range icon
GameObject,24401,range icon
GameObject,24402,range icon
GameObject,24403,range icon
GameObject,24404,range icon
GameObject,24405,range icon
GameObject,24406,range icon
GameObject,24407,range icon
GameObject,24408,range icon
GameObject,24409,range icon
GameObject,24410,range icon
GameObject,24411,range icon
GameObject,24412,range icon
GameObject,24413,range icon
GameObject,24414,range icon
GameObject,24415,range icon
GameObject,24416,range icon
GameObject,24417,range icon
GameObject,24418,range icon
GameObject,24443,upgrade title
GameObject,24454,Male Mage 01
GameObject,24570,locked wave req
GameObject,24572,range text
GameObject,24651,damage text (8)
GameObject,24652,damage text (8)
GameObject,24653,damage text (8)
GameObject,24654,damage text (8)
GameObject,24655,damage text (8)
GameObject,24656,damage text (8)
GameObject,24657,damage text (8)
GameObject,24658,damage text (8)
GameObject,24659,damage text (8)
GameObject,24660,damage text (8)
GameObject,24661,damage text (8)
GameObject,24662,damage text (8)
GameObject,24663,damage text (8)
GameObject,24664,damage text (8)
GameObject,24665,damage text (8)
GameObject,24666,damage text (8)
GameObject,24667,damage text (8)
GameObject,24668,damage text (8)
GameObject,24669,damage text (8)
GameObject,24670,damage text (8)
GameObject,24671,damage text (8)
GameObject,24672,damage text (8)
GameObject,24673,damage text (8)
GameObject,24674,damage text (8)
GameObject,24675,damage text (8)
GameObject,24676,damage text (8)
GameObject,24677,damage text (8)
GameObject,24678,damage text (8)
GameObject,24679,damage text (8)
GameObject,24680,damage text (8)
GameObject,24681,damage text (8)
GameObject,24682,damage text (8)
GameObject,24683,damage text (8)
GameObject,24684,damage text (8)
GameObject,24685,damage text (8)
GameObject,24686,damage text (8)
GameObject,24687,damage text (8)
GameObject,24688,damage text (8)
GameObject,24689,damage text (8)
GameObject,24690,damage text (8)
GameObject,24691,damage text (8)
GameObject,24692,damage text (8)
GameObject,24693,damage text (8)
GameObject,24694,damage text (8)
GameObject,24695,damage text (8)
GameObject,24696,damage text (8)
GameObject,24697,damage text (8)
GameObject,24698,damage text (8)
GameObject,24699,damage text (8)
GameObject,24715,energy text
GameObject,24772,Female Mage 03
GameObject,24773,skymage (support)
GameObject,24946,build hero cell (horiz view) (minimized) (2)
GameObject,24947,build hero cell (horiz view) (minimized) (4)
GameObject,24948,build hero cell (horiz view) (minimized)
GameObject,24949,build hero cell (horiz view) (minimized) (1)
GameObject,24950,build hero cell (horiz view) (minimized) (4)
GameObject,24951,build hero cell (horiz view) (minimized)
GameObject,24952,build hero cell (horiz view) (minimized) (1)
GameObject,24953,build hero cell (horiz view) (minimized) (1)
GameObject,24954,build hero cell (horiz view) (minimized) (5)
GameObject,24955,build hero cell (horiz view) (minimized) (3)
GameObject,24956,build hero cell (horiz view) (minimized) (3)
GameObject,24957,build hero cell (horiz view) (minimized) (3)
GameObject,24958,build hero cell (horiz view) (minimized) (4)
GameObject,24959,build hero cell (horiz view) (minimized) (2)
GameObject,24960,build hero cell (horiz view) (minimized) (1)
GameObject,24961,build hero cell (horiz view) (minimized) (3)
GameObject,24962,build hero cell (horiz view) (minimized) (2)
GameObject,24963,build hero cell (horiz view) (minimized) (3)
GameObject,24964,build hero cell (horiz view) (minimized) (4)
GameObject,24965,build hero cell (horiz view) (minimized)
GameObject,24966,build hero cell (horiz view) (minimized) (1)
GameObject,24967,build hero cell (horiz view) (minimized) (1)
GameObject,24968,build hero cell (horiz view) (minimized) (4)
GameObject,24969,build hero cell (horiz view) (minimized) (4)
GameObject,24970,build hero cell (horiz view) (minimized) (5)
GameObject,24971,build hero cell (horiz view) (minimized)
GameObject,24972,build hero cell (horiz view) (minimized)
GameObject,24973,build hero cell (horiz view) (minimized) (5)
GameObject,24974,build hero cell (horiz view) (minimized) (5)
GameObject,24975,build hero cell (horiz view) (minimized) (2)
GameObject,24976,build hero cell (horiz view) (minimized) (4)
GameObject,24977,build hero cell (horiz view) (minimized) (2)
GameObject,24978,build hero cell (horiz view) (minimized) (3)
GameObject,24979,build hero cell (horiz view) (minimized) (2)
GameObject,24980,build hero cell (horiz view) (minimized) (5)
GameObject,24981,build hero cell (horiz view) (minimized) (5)
GameObject,24982,build hero cell (horiz view) (minimized) (3)
GameObject,24983,build hero cell (horiz view) (minimized)
GameObject,24984,build hero cell (horiz view) (minimized) (1)
GameObject,24985,build hero cell (horiz view) (minimized) (5)
GameObject,24986,build hero cell (horiz view) (minimized) (2)
GameObject,25054,new perk card (1)
GameObject,25130,Fire Mage
GameObject,25131,Fire Mage
GameObject,25132,Fire Mage
GameObject,25133,Fire Mage
GameObject,25134,Fire Mage
GameObject,25135,Fire Mage
GameObject,25136,Fire Mage
GameObject,25137,Fire Mage
GameObject,25138,Fire Mage
GameObject,25139,Fire Mage
GameObject,25150,energy icon
GameObject,25151,energy icon
GameObject,25152,energy icon
GameObject,25153,energy icon
GameObject,25154,energy icon
GameObject,25155,energy icon
GameObject,25156,energy icon
GameObject,25157,energy icon
GameObject,25158,energy icon
GameObject,25159,energy icon
GameObject,25160,energy icon
GameObject,25161,energy icon
GameObject,25162,energy icon
GameObject,25163,energy icon
GameObject,25216,damage text (16)
GameObject,25217,viking - berserk
GameObject,25270,range text
GameObject,25271,range text
GameObject,25272,range text
GameObject,25273,range text
GameObject,25274,range text
GameObject,25275,range text
GameObject,25276,range text
GameObject,25277,range text
GameObject,25278,range text
GameObject,25279,range text
GameObject,25280,range text
GameObject,25281,range text
GameObject,25282,range text
GameObject,25283,range text
GameObject,25284,range text
GameObject,25285,range text
GameObject,25286,range text
GameObject,25287,range text
GameObject,25288,range text
GameObject,25289,range text
GameObject,25290,range text
GameObject,25291,range text
GameObject,25292,range text
GameObject,25293,range text
GameObject,25294,range text
GameObject,25295,range text
GameObject,25296,range text
GameObject,25297,range text
GameObject,25298,range text
GameObject,25299,range text
GameObject,25300,range text
GameObject,25301,range text
GameObject,25302,range text
GameObject,25303,range text
GameObject,25304,range text
GameObject,25305,range text
GameObject,25306,range text
GameObject,25307,range text
GameObject,25308,range text
GameObject,25309,range text
GameObject,25310,range text
GameObject,25346,Soul Mage
GameObject,25357,gem icon
GameObject,25358,gem icon
GameObject,25359,gem icon
GameObject,25360,gem icon
GameObject,25361,gem icon
GameObject,25362,gem icon
GameObject,25363,gem icon
GameObject,25364,gem icon
GameObject,25365,gem icon
GameObject,25366,gem icon
GameObject,25367,gem icon
GameObject,25368,gem icon
GameObject,25369,gem icon
GameObject,25370,gem icon
GameObject,25422,damage 2
GameObject,25850,build hero cell (horiz view) (v1)
GameObject,25945,enemy ui follower BOSS (1)
GameObject,26235,gold checkbox
GameObject,26427,Image
GameObject,26428,Image
GameObject,26429,Image
GameObject,26430,Image
GameObject,26431,Image
GameObject,26432,Image
GameObject,26433,Image
GameObject,26538,damage text (10)
GameObject,26539,damage text (10)
GameObject,26540,damage text (10)
GameObject,26541,damage text (10)
GameObject,26542,damage text (10)
GameObject,26543,damage text (10)
GameObject,26544,damage text (10)
GameObject,26545,damage text (10)
GameObject,26546,damage text (10)
GameObject,26547,damage text (10)
GameObject,26548,damage text (10)
GameObject,26549,damage text (10)
GameObject,26550,damage text (10)
GameObject,26551,damage text (10)
GameObject,26552,damage text (10)
GameObject,26553,damage text (10)
GameObject,26554,damage text (10)
GameObject,26555,damage text (10)
GameObject,26556,damage text (10)
GameObject,26557,damage text (10)
GameObject,26558,damage text (10)
GameObject,26559,damage text (10)
GameObject,26560,damage text (10)
GameObject,26561,damage text (10)
GameObject,26562,damage text (10)
GameObject,26563,damage text (10)
GameObject,26564,damage text (10)
GameObject,26565,damage text (10)
GameObject,26566,damage text (10)
GameObject,26567,damage text (10)
GameObject,26568,damage text (10)
GameObject,26569,damage text (10)
GameObject,26570,damage text (10)
GameObject,26571,damage text (10)
GameObject,26572,damage text (10)
GameObject,26573,damage text (10)
GameObject,26574,damage text (10)
GameObject,26575,damage text (10)
GameObject,26576,damage text (10)
GameObject,26577,damage text (10)
GameObject,26578,damage text (10)
GameObject,26579,damage text (10)
GameObject,26580,damage text (10)
GameObject,26581,damage text (10)
GameObject,26582,damage text (10)
GameObject,26583,damage text (10)
GameObject,26584,damage text (10)
GameObject,26585,damage text (10)
GameObject,26586,damage text (10)
GameObject,26645,Image
GameObject,26646,build hero cell (horiz view) (v1) (5)
GameObject,26647,build hero cell (horiz view) (v1) (2)
GameObject,26648,build hero cell (horiz view) (v1) (3)
GameObject,26649,build hero cell (horiz view) (v1) (4)
GameObject,26650,build hero cell (horiz view) (v1) (5)
GameObject,26651,build hero cell (horiz view) (v1) (6)
GameObject,26652,build hero cell (horiz view) (v1) (7)
GameObject,26653,build hero cell (horiz view) (v1)
GameObject,26654,build hero cell (horiz view) (v1) (2)
GameObject,26655,build hero cell (horiz view) (v1) (5)
GameObject,26656,build hero cell (horiz view) (v1) (7)
GameObject,26657,build hero cell (horiz view) (v1) (3)
GameObject,26658,build hero cell (horiz view) (v1) (4)
GameObject,26659,build hero cell (horiz view) (v1) (5)
GameObject,26660,build hero cell (horiz view) (v1) (2)
GameObject,26661,build hero cell (horiz view) (v1) (7)
GameObject,26662,build hero cell (horiz view) (v1) (7)
GameObject,26663,build hero cell (horiz view) (v1) (6)
GameObject,26664,build hero cell (horiz view) (v1) (4)
GameObject,26665,build hero cell (horiz view) (v1) (1)
GameObject,26666,build hero cell (horiz view) (v1) (3)
GameObject,26667,build hero cell (horiz view) (v1) (6)
GameObject,26668,build hero cell (horiz view) (v1) (2)
GameObject,26669,build hero cell (horiz view) (v1) (4)
GameObject,26670,build hero cell (horiz view) (v1) (2)
GameObject,26671,build hero cell (horiz view) (v1) (5)
GameObject,26672,build hero cell (horiz view) (v1) (2)
GameObject,26673,build hero cell (horiz view) (v1) (6)
GameObject,26674,build hero cell (horiz view) (v1) (4)
GameObject,26675,build hero cell (horiz view) (v1) (4)
GameObject,26676,build hero cell (horiz view) (v1) (5)
GameObject,26677,build hero cell (horiz view) (v1) (4)
GameObject,26678,build hero cell (horiz view) (v1) (3)
GameObject,26679,build hero cell (horiz view) (v1) (3)
GameObject,26680,build hero cell (horiz view) (v1) (1)
GameObject,26681,build hero cell (horiz view) (v1) (3)
GameObject,26682,build hero cell (horiz view) (v1) (3)
GameObject,26683,build hero cell (horiz view) (v1) (6)
GameObject,26684,build hero cell (horiz view) (v1) (7)
GameObject,26685,build hero cell (horiz view) (v1) (5)
GameObject,26686,build hero cell (horiz view) (v1) (2)
GameObject,26687,energy icon
GameObject,26688,energy icon
GameObject,26689,energy icon
GameObject,26690,energy icon
GameObject,26691,energy icon
GameObject,26692,energy icon
GameObject,26693,energy icon
GameObject,26694,energy icon
GameObject,26695,energy icon
GameObject,26696,energy icon
GameObject,26697,energy icon
GameObject,26698,energy icon
GameObject,26699,energy icon
GameObject,26700,energy icon
GameObject,26701,energy icon
GameObject,26702,energy icon
GameObject,26703,energy icon
GameObject,26704,energy icon
GameObject,26705,energy icon
GameObject,26706,energy icon
GameObject,26707,energy icon
GameObject,26708,energy icon
GameObject,26709,energy icon
GameObject,26710,energy icon
GameObject,26711,energy icon
GameObject,26712,energy icon
GameObject,26713,energy icon
GameObject,26714,energy icon
GameObject,26715,energy icon
GameObject,26716,energy icon
GameObject,26717,energy icon
GameObject,26718,energy icon
GameObject,26719,energy icon
GameObject,26720,energy icon
GameObject,26721,energy icon
GameObject,26722,energy icon
GameObject,26723,energy icon
GameObject,26724,energy icon
GameObject,26725,energy icon
GameObject,26726,energy icon
GameObject,26727,energy icon
GameObject,26728,energy icon
GameObject,26729,energy icon
GameObject,26730,energy icon
GameObject,26731,energy icon
GameObject,26732,energy icon
GameObject,26733,energy icon
GameObject,26734,energy icon
GameObject,26735,energy icon
GameObject,26744,hero (1)
GameObject,26745,hero (1)
GameObject,26746,hero (1)
GameObject,26747,hero (1)
GameObject,26748,hero (1)
GameObject,26749,hero (1)
GameObject,26750,hero (1)
GameObject,26751,hero (1)
GameObject,26752,hero (1)
GameObject,26859,runes text
GameObject,26900,Male Mage 03
GameObject,27118,skill effect icons panel
GameObject,27119,skill effect icons panel
GameObject,27170,Alien Big Blink
GameObject,27171,Alien Big Blink
GameObject,27172,Alien Big Blink
GameObject,27173,Alien Big Blink
GameObject,27216,hero icon
GameObject,27304,hero name text
GameObject,27350,damage text (2)
GameObject,27351,damage text (2)
GameObject,27352,damage text (2)
GameObject,27353,damage text (2)
GameObject,27354,damage text (2)
GameObject,27355,damage text (2)
GameObject,27356,damage text (2)
GameObject,27357,damage text (2)
GameObject,27358,damage text (2)
GameObject,27392,spell (1)
GameObject,27393,spell (1)
GameObject,27394,spell (1)
GameObject,27395,spell (1)
GameObject,27396,spell (1)
GameObject,27397,spell (1)
GameObject,27462,supreme ultimus
GameObject,27630,damage text (13)
GameObject,27631,damage text (13)
GameObject,27632,damage text (13)
GameObject,27633,damage text (13)
GameObject,27634,damage text (13)
GameObject,27635,damage text (13)
GameObject,27636,damage text (13)
GameObject,27637,damage text (13)
GameObject,27638,damage text (13)
GameObject,27639,damage text (13)
GameObject,27640,damage text (13)
GameObject,27641,damage text (13)
GameObject,27642,damage text (13)
GameObject,27643,damage text (13)
GameObject,27644,damage text (13)
GameObject,27645,damage text (13)
GameObject,27646,damage text (13)
GameObject,27647,damage text (13)
GameObject,27648,damage text (13)
GameObject,27649,damage text (13)
GameObject,27650,damage text (13)
GameObject,27651,damage text (13)
GameObject,27652,damage text (13)
GameObject,27653,damage text (13)
GameObject,27654,damage text (13)
GameObject,27655,damage text (13)
GameObject,27656,damage text (13)
GameObject,27657,damage text (13)
GameObject,27658,damage text (13)
GameObject,27659,damage text (13)
GameObject,27660,damage text (13)
GameObject,27661,damage text (13)
GameObject,27662,damage text (13)
GameObject,27663,damage text (13)
GameObject,27664,damage text (13)
GameObject,27665,damage text (13)
GameObject,27666,damage text (13)
GameObject,27667,damage text (13)
GameObject,27668,damage text (13)
GameObject,27669,damage text (13)
GameObject,27670,damage text (13)
GameObject,27671,damage text (13)
GameObject,27672,damage text (13)
GameObject,27673,damage text (13)
GameObject,27674,damage text (13)
GameObject,27675,damage text (13)
GameObject,27676,damage text (13)
GameObject,27677,damage text (13)
GameObject,27678,damage text (13)
GameObject,27773,Goblin Trooper
GameObject,27774,Goblin Trooper
GameObject,27775,Goblin Trooper
GameObject,27776,Goblin Trooper
GameObject,27858,apprentice - slow
GameObject,27859,damage text (1)
GameObject,28255,mage (22)
GameObject,28256,mage (9)
GameObject,28257,mage (29)
GameObject,28258,mage (20)
GameObject,28259,mage (35)
GameObject,28260,mage (19)
GameObject,28261,mage (4)
GameObject,28262,mage (10)
GameObject,28263,mage (32)
GameObject,28264,mage (16)
GameObject,28265,mage (30)
GameObject,28266,mage (37)
GameObject,28267,mage (33)
GameObject,28268,mage (40)
GameObject,28269,mage (2)
GameObject,28270,mage (23)
GameObject,28271,mage (5)
GameObject,28272,mage (31)
GameObject,28273,mage (18)
GameObject,28274,mage (38)
GameObject,28275,mage (13)
GameObject,28276,mage (11)
GameObject,28277,mage (25)
GameObject,28278,mage (17)
GameObject,28279,mage (24)
GameObject,28280,mage (14)
GameObject,28281,mage (7)
GameObject,28282,mage (28)
GameObject,28283,mage (36)
GameObject,28284,mage (15)
GameObject,28285,mage (1)
GameObject,28286,mage (6)
GameObject,28287,mage (3)
GameObject,28288,mage (39)
GameObject,28289,mage (27)
GameObject,28290,mage (8)
GameObject,28291,mage (34)
GameObject,28292,mage (12)
GameObject,28293,mage (26)
GameObject,28294,mage (21)
GameObject,28310,MysticExplosionWhite
GameObject,28311,MysticExplosionWhite
GameObject,28312,hero (2)
GameObject,28398,Eyeball Mage
GameObject,28399,Eyeball Mage
GameObject,28400,Eyeball Mage
GameObject,28401,Eyeball Mage
GameObject,28402,Eyeball Mage
GameObject,28403,Eyeball Mage
GameObject,28404,Eyeball Mage
GameObject,28405,Eyeball Mage
GameObject,28406,Eyeball Mage
GameObject,28407,Eyeball Mage
GameObject,28419,gems text
GameObject,28420,gems text
GameObject,28421,gems text
GameObject,28422,gems text
GameObject,28423,gems text
GameObject,28424,gems text
GameObject,28425,gems text
GameObject,28426,gems text
GameObject,28427,gems text
GameObject,28428,gems text
GameObject,28429,gems text
GameObject,28430,gems text
GameObject,28431,gems text
GameObject,28432,gems text
GameObject,28777,immune mage
GameObject,28856,runes text
GameObject,28857,damage text (3)
GameObject,28943,Alien Big Blink
GameObject,28955,hero frame (2)
GameObject,28972,Angel Mage
GameObject,29019,damage text
GameObject,29099,damage 1
GameObject,29475,damage text (20)
GameObject,29551,hero (8)
GameObject,29552,hero (8)
GameObject,29553,hero (8)
GameObject,29554,hero (8)
GameObject,29555,hero (8)
GameObject,29556,hero (8)
GameObject,29557,hero (8)
GameObject,29558,hero (8)
GameObject,29559,hero (8)
GameObject,29613,wave locked cover
GameObject,30459,damage text (11)
GameObject,30849,hero (8)
GameObject,30850,hero (8)
GameObject,30851,hero (8)
GameObject,30852,hero (8)
GameObject,30853,hero (8)
GameObject,30854,hero (8)
GameObject,30855,hero (8)
GameObject,30856,hero (8)
GameObject,31216,energy icon
GameObject,31217,damage text (10)
GameObject,31296,hero (9)
GameObject,31408,damage text (2)
GameObject,31409,damage text (2)
GameObject,31481,crusader - golden arrows
GameObject,31856,ranger - gamble shot (2)
GameObject,31857,ranger - gamble shot (1)
GameObject,31881,gold farmer 1
GameObject,31884,exp farmer 2
GameObject,31885,skiller 1
GameObject,31889,boss farmer
GameObject,31893,skiller 2
GameObject,31899,gold farmer 3
GameObject,31900,exp factory
GameObject,31904,gold farmer 2
GameObject,31906,skiller 2
GameObject,31907,exp factory
GameObject,31911,gold farmer 1
GameObject,31920,skiller 3
GameObject,31922,skiller 3
GameObject,31923,gold farmer 2
GameObject,31924,gold farmer 3
GameObject,31925,skiller 1
GameObject,31930,exp farmer 1
GameObject,31931,exp farmer 1
GameObject,31932,exp farmer 2
GameObject,31971,hero (8)
GameObject,32138,synergy cell (reworked) (2 heroes)
GameObject,32139,synergy cell (reworked) (2 heroes)
GameObject,32140,synergy cell (reworked) (2 heroes)
GameObject,32141,synergy cell (reworked) (2 heroes)
GameObject,32142,synergy cell (reworked) (2 heroes)
GameObject,32143,synergy cell (reworked) (2 heroes)
GameObject,32155,Death Mage
GameObject,32313,energy icon
GameObject,32468,damage text (1)
GameObject,32469,damage text (1)
GameObject,32470,damage text (1)
GameObject,32471,damage text (1)
GameObject,32472,damage text (1)
GameObject,32473,damage text (1)
GameObject,32474,damage text (1)
GameObject,32475,damage text (1)
GameObject,32476,damage text (1)
GameObject,32477,damage text (1)
GameObject,32478,damage text (1)
GameObject,32479,damage text (1)
GameObject,32480,damage text (1)
GameObject,32481,damage text (1)
GameObject,32482,damage text (1)
GameObject,32483,damage text (1)
GameObject,32484,damage text (1)
GameObject,32485,damage text (1)
GameObject,32486,damage text (1)
GameObject,32487,damage text (1)
GameObject,32488,damage text (1)
GameObject,32489,damage text (1)
GameObject,32490,damage text (1)
GameObject,32491,damage text (1)
GameObject,32492,damage text (1)
GameObject,32493,damage text (1)
GameObject,32494,damage text (1)
GameObject,32495,damage text (1)
GameObject,32496,damage text (1)
GameObject,32497,damage text (1)
GameObject,32498,damage text (1)
GameObject,32499,damage text (1)
GameObject,32500,damage text (1)
GameObject,32501,damage text (1)
GameObject,32502,damage text (1)
GameObject,32503,damage text (1)
GameObject,32504,damage text (1)
GameObject,32505,damage text (1)
GameObject,32506,damage text (1)
GameObject,32507,damage text (1)
GameObject,32508,damage text (1)
GameObject,32509,damage text (1)
GameObject,32510,damage text (1)
GameObject,32511,damage text (1)
GameObject,32512,damage text (1)
GameObject,32513,damage text (1)
GameObject,32514,damage text (1)
GameObject,32515,damage text (1)
GameObject,32516,damage text (1)
GameObject,32538,damage text (13)
GameObject,32554,hero highlight circle
GameObject,32555,Eyeball Mage
GameObject,32556,Eyeball Mage
GameObject,32557,Eyeball Mage
GameObject,32666,locked wave req (1)
GameObject,33182,damage text (4)
GameObject,33183,damage text (4)
GameObject,33184,damage text (4)
GameObject,33185,damage text (4)
GameObject,33186,damage text (4)
GameObject,33187,damage text (4)
GameObject,33188,damage text (4)
GameObject,33189,damage text (4)
GameObject,33190,damage text (4)
GameObject,33289,hero (3)
GameObject,33290,hero (3)
GameObject,33291,hero (3)
GameObject,33292,hero (3)
GameObject,33293,hero (3)
GameObject,33294,hero (3)
GameObject,33295,hero (3)
GameObject,33296,hero (3)
GameObject,33308,battlemage - crit chance boost (2)
GameObject,33309,battlemage - crit chance boost (1)
GameObject,33323,damage text (3)
GameObject,33324,damage text (3)
GameObject,33408,druid - damage boost (1)
GameObject,33409,druid - damage boost (2)
GameObject,33559,damage text
GameObject,33560,damage text
GameObject,33561,damage text
GameObject,33562,damage text
GameObject,33563,damage text
GameObject,33564,damage text
GameObject,33565,damage text
GameObject,33566,damage text
GameObject,33567,damage text
GameObject,33568,damage text
GameObject,33569,damage text
GameObject,33570,damage text
GameObject,33571,damage text
GameObject,33572,damage text
GameObject,33573,damage text
GameObject,33574,damage text
GameObject,33575,damage text
GameObject,33576,damage text
GameObject,33577,damage text
GameObject,33578,damage text
GameObject,33579,damage text
GameObject,33580,damage text
GameObject,33581,damage text
GameObject,33582,damage text
GameObject,33583,damage text
GameObject,33584,damage text
GameObject,33585,damage text
GameObject,33586,damage text
GameObject,33587,damage text
GameObject,33588,damage text
GameObject,33589,damage text
GameObject,33590,damage text
GameObject,33591,damage text
GameObject,33592,damage text
GameObject,33593,damage text
GameObject,33594,damage text
GameObject,33595,damage text
GameObject,33596,damage text
GameObject,33597,damage text
GameObject,33598,damage text
GameObject,33599,damage text
GameObject,33600,damage text
GameObject,33601,damage text
GameObject,33602,damage text
GameObject,33603,damage text
GameObject,33604,damage text
GameObject,33605,damage text
GameObject,33606,damage text
GameObject,33607,damage text
GameObject,33609,spell (4)
GameObject,33610,spell (4)
GameObject,33611,spell (4)
GameObject,33612,spell (4)
GameObject,33613,spell (4)
GameObject,33614,spell (4)
GameObject,33634,damage text (3)
GameObject,33635,damage text (3)
GameObject,33636,damage text (3)
GameObject,33637,damage text (3)
GameObject,33638,damage text (3)
GameObject,33639,damage text (3)
GameObject,33640,damage text (3)
GameObject,33641,damage text (3)
GameObject,33642,damage text (3)
GameObject,33643,damage text (3)
GameObject,33644,damage text (3)
GameObject,33645,damage text (3)
GameObject,33646,damage text (3)
GameObject,33647,damage text (3)
GameObject,33648,damage text (3)
GameObject,33649,damage text (3)
GameObject,33650,damage text (3)
GameObject,33651,damage text (3)
GameObject,33652,damage text (3)
GameObject,33653,damage text (3)
GameObject,33654,damage text (3)
GameObject,33655,damage text (3)
GameObject,33656,damage text (3)
GameObject,33657,damage text (3)
GameObject,33658,damage text (3)
GameObject,33659,damage text (3)
GameObject,33660,damage text (3)
GameObject,33661,damage text (3)
GameObject,33662,damage text (3)
GameObject,33663,damage text (3)
GameObject,33664,damage text (3)
GameObject,33665,damage text (3)
GameObject,33666,damage text (3)
GameObject,33667,damage text (3)
GameObject,33668,damage text (3)
GameObject,33669,damage text (3)
GameObject,33670,damage text (3)
GameObject,33671,damage text (3)
GameObject,33672,damage text (3)
GameObject,33673,damage text (3)
GameObject,33674,damage text (3)
GameObject,33675,damage text (3)
GameObject,33676,damage text (3)
GameObject,33677,damage text (3)
GameObject,33678,damage text (3)
GameObject,33679,damage text (3)
GameObject,33680,damage text (3)
GameObject,33681,damage text (3)
GameObject,33682,damage text (3)
GameObject,33813,wave req cover
GameObject,33814,wave req cover
GameObject,33815,wave req cover
GameObject,33816,wave req cover
GameObject,33817,wave req cover
GameObject,33818,wave req cover
GameObject,33819,wave req cover
GameObject,33820,wave req cover
GameObject,33821,wave req cover
GameObject,33822,wave req cover
GameObject,33823,wave req cover
GameObject,33824,wave req cover
GameObject,33825,wave req cover
GameObject,33826,wave req cover
GameObject,33827,wave req cover
GameObject,33828,wave req cover
GameObject,33829,wave req cover
GameObject,33830,wave req cover
GameObject,33831,wave req cover
GameObject,33832,wave req cover
GameObject,33833,wave req cover
GameObject,33834,wave req cover
GameObject,33835,wave req cover
GameObject,33836,wave req cover
GameObject,33837,wave req cover
GameObject,33838,wave req cover
GameObject,33839,wave req cover
GameObject,33840,wave req cover
GameObject,33841,wave req cover
GameObject,33842,wave req cover
GameObject,33843,wave req cover
GameObject,33844,wave req cover
GameObject,33845,wave req cover
GameObject,33846,wave req cover
GameObject,33847,wave req cover
GameObject,33848,wave req cover
GameObject,33849,wave req cover
GameObject,33850,wave req cover
GameObject,33851,wave req cover
GameObject,33852,wave req cover
GameObject,33853,wave req cover
GameObject,33978,hero frame (1)
GameObject,33979,hero frame (1)
GameObject,33980,hero frame (1)
GameObject,33981,hero frame (1)
GameObject,33982,hero frame (1)
GameObject,33983,hero frame (1)
GameObject,33984,hero frame (1)
GameObject,34134,forester - bleed (3)
GameObject,34135,forester - bleed (7)
GameObject,34136,forester - bleed (2)
GameObject,34137,forester - bleed (1)
GameObject,34138,forester - bleed (5)
GameObject,34139,forester - bleed (8)
GameObject,34140,forester - bleed (12)
GameObject,34141,forester - bleed (6)
GameObject,34142,forester - bleed (4)
GameObject,34143,forester - bleed (10)
GameObject,34144,forester - bleed (11)
GameObject,34145,forester - bleed (9)
GameObject,34146,hero name text
GameObject,34239,locked wave req (1)
GameObject,34240,locked wave req (1)
GameObject,34241,locked wave req (1)
GameObject,34242,locked wave req (1)
GameObject,34243,locked wave req (1)
GameObject,34244,locked wave req (1)
GameObject,34245,locked wave req (1)
GameObject,34246,locked wave req (1)
GameObject,34247,locked wave req (1)
GameObject,34248,locked wave req (1)
GameObject,34249,locked wave req (1)
GameObject,34250,locked wave req (1)
GameObject,34251,locked wave req (1)
GameObject,34252,locked wave req (1)
GameObject,34253,locked wave req (1)
GameObject,34254,locked wave req (1)
GameObject,34255,locked wave req (1)
GameObject,34256,locked wave req (1)
GameObject,34257,locked wave req (1)
GameObject,34258,locked wave req (1)
GameObject,34281,Alien Big Blink (tech boss)
GameObject,34612,empty spell text
GameObject,34664,gold icon
GameObject,35453,Gold 01
GameObject,35514,Alien Galaxia
GameObject,35626,hero (5)
GameObject,35627,hero (5)
GameObject,35628,hero (5)
GameObject,35629,hero (5)
GameObject,35630,hero (5)
GameObject,35631,hero (5)
GameObject,35632,hero (5)
GameObject,35633,hero (5)
GameObject,35665,damage text (10)
GameObject,35666,damage text (10)
GameObject,35931,chest shadow
GameObject,35932,chest shadow
GameObject,35933,chest shadow
GameObject,35934,chest shadow
GameObject,35935,chest shadow
GameObject,35936,chest shadow
GameObject,35937,chest shadow
GameObject,35938,chest shadow
GameObject,35939,chest shadow
GameObject,35956,Image (1)
GameObject,35957,hero name text
GameObject,35964,Cyclops Bat Mage (3)
GameObject,35965,Cyclops Bat Mage (6)
GameObject,35966,Cyclops Bat Mage (7)
GameObject,35967,Cyclops Bat Mage (5)
GameObject,35968,Cyclops Bat Mage (4)
GameObject,35969,Cyclops Bat Mage (2)
GameObject,35970,Cyclops Bat Mage (10)
GameObject,35971,Cyclops Bat Mage (8)
GameObject,35972,Cyclops Bat Mage (1)
GameObject,35973,Cyclops Bat Mage (9)
GameObject,36089,Basket 01 Gold
GameObject,36161,damage text (7)
GameObject,36162,damage text (7)
GameObject,36163,damage text (7)
GameObject,36164,damage text (7)
GameObject,36165,damage text (7)
GameObject,36166,damage text (7)
GameObject,36167,damage text (7)
GameObject,36168,damage text (7)
GameObject,36169,damage text (7)
GameObject,36250,Cyclops Bat Mage
GameObject,36292,hero (2)
GameObject,36458,damage text (12)
GameObject,36481,locked wave req
GameObject,36482,locked wave req
GameObject,36483,locked wave req
GameObject,36484,locked wave req
GameObject,36485,locked wave req
GameObject,36486,locked wave req
GameObject,36487,locked wave req
GameObject,36488,locked wave req
GameObject,36489,locked wave req
GameObject,36490,locked wave req
GameObject,36491,locked wave req
GameObject,36492,locked wave req
GameObject,36493,locked wave req
GameObject,36494,locked wave req
GameObject,36495,locked wave req
GameObject,36496,locked wave req
GameObject,36497,locked wave req
GameObject,36498,locked wave req
GameObject,36499,locked wave req
GameObject,36500,locked wave req
GameObject,36501,locked wave req
GameObject,36502,locked wave req
GameObject,36503,locked wave req
GameObject,36504,locked wave req
GameObject,36505,locked wave req
GameObject,36506,locked wave req
GameObject,36507,locked wave req
GameObject,36508,locked wave req
GameObject,36509,locked wave req
GameObject,36510,locked wave req
GameObject,36511,locked wave req
GameObject,36512,locked wave req
GameObject,36513,locked wave req
GameObject,36514,locked wave req
GameObject,36515,locked wave req
GameObject,36516,locked wave req
GameObject,36517,locked wave req
GameObject,36518,locked wave req
GameObject,36519,locked wave req
GameObject,36520,locked wave req
GameObject,36521,locked wave req
GameObject,36649,synergy cell (reworked) (2 heroes)
GameObject,36909,exp icon
GameObject,36985,Alien Galaxia
GameObject,36986,Alien Galaxia
GameObject,36987,Alien Galaxia
GameObject,36988,Alien Galaxia
GameObject,36989,Alien Galaxia
GameObject,36990,Alien Galaxia
GameObject,37263,hero frame (1)
GameObject,37264,hero frame (1)
GameObject,37265,hero frame (1)
GameObject,37266,hero frame (1)
GameObject,37267,hero frame (1)
GameObject,37268,hero frame (1)
GameObject,37286,new perk card (3)
GameObject,37287,new perk card (2)
GameObject,37311,Mask Shadowy Blue
GameObject,37405,upgrade button
GameObject,37406,upgrade button
GameObject,37407,upgrade button
GameObject,37408,upgrade button
GameObject,37534,hero name text
GameObject,37535,hero (1)
GameObject,37591,energy text
GameObject,37592,energy text
GameObject,37593,energy text
GameObject,37594,energy text
GameObject,37595,energy text
GameObject,37596,energy text
GameObject,37597,energy text
GameObject,37598,energy text
GameObject,37599,energy text
GameObject,37600,energy text
GameObject,37601,energy text
GameObject,37602,energy text
GameObject,37603,energy text
GameObject,37604,energy text
GameObject,37720,hero name text
GameObject,37721,hero name text
GameObject,37722,hero name text
GameObject,37723,hero name text
GameObject,37724,hero name text
GameObject,37725,hero name text
GameObject,37726,hero name text
GameObject,37731,immune range
GameObject,37732,immune range
GameObject,37733,gold icon
GameObject,37734,Cyclops Bat Mage
GameObject,37735,Cyclops Bat Mage
GameObject,37736,Cyclops Bat Mage
GameObject,37737,Cyclops Bat Mage
GameObject,37738,Cyclops Bat Mage
GameObject,37739,Cyclops Bat Mage
GameObject,37740,Cyclops Bat Mage
GameObject,37741,Cyclops Bat Mage
GameObject,37742,Cyclops Bat Mage
GameObject,37743,Cyclops Bat Mage
GameObject,37930,Cyclops Bat Mage
GameObject,38155,damage text (15)
GameObject,38292,MagicWaves
GameObject,38293,MagicWaves
GameObject,38294,MagicWaves
GameObject,38295,MagicWaves
GameObject,38296,MagicWaves
GameObject,38297,MagicWaves
GameObject,38298,MagicWaves
GameObject,38299,MagicWaves
GameObject,38300,MagicWaves
GameObject,38301,MagicWaves
GameObject,38302,MagicWaves
GameObject,38303,MagicWaves
GameObject,38304,MagicWaves
GameObject,38305,MagicWaves
GameObject,38306,MagicWaves
GameObject,38307,MagicWaves
GameObject,38308,MagicWaves
GameObject,38309,MagicWaves
GameObject,38310,MagicWaves
GameObject,38311,MagicWaves
GameObject,38852,starter task highlight (equip spell)
GameObject,38900,damage text
GameObject,38901,damage text
GameObject,38902,damage text
GameObject,38903,damage text
GameObject,38904,damage text
GameObject,38905,damage text
GameObject,38906,damage text
GameObject,38907,damage text
GameObject,38908,damage text
GameObject,39045,spell (1)
GameObject,39085,na cover (max equipped / wave locked)
GameObject,39086,na cover (max equipped / wave locked)
GameObject,39087,na cover (max equipped / wave locked)
GameObject,39088,na cover (max equipped / wave locked)
GameObject,39089,na cover (max equipped / wave locked)
GameObject,39090,na cover (max equipped / wave locked)
GameObject,39091,na cover (max equipped / wave locked)
GameObject,39092,na cover (max equipped / wave locked)
GameObject,39093,na cover (max equipped / wave locked)
GameObject,39094,na cover (max equipped / wave locked)
GameObject,39095,na cover (max equipped / wave locked)
GameObject,39096,na cover (max equipped / wave locked)
GameObject,39097,na cover (max equipped / wave locked)
GameObject,39098,na cover (max equipped / wave locked)
GameObject,39099,na cover (max equipped / wave locked)
GameObject,39100,na cover (max equipped / wave locked)
GameObject,39307,damage text (15)
GameObject,39382,gems text
GameObject,39383,gems text
GameObject,39384,gems text
GameObject,39385,gems text
GameObject,39386,gems text
GameObject,39387,gems text
GameObject,39388,gems text
GameObject,39389,gems text
GameObject,39390,gems text
GameObject,39391,gems text
GameObject,39392,gems text
GameObject,39393,gems text
GameObject,39394,gems text
GameObject,39395,gems text
GameObject,39578,Alien Big Blink (tech boss) (8)
GameObject,39579,Alien Big Blink (tech boss) (3)
GameObject,39580,Alien Big Blink (tech boss) (2)
GameObject,39581,Alien Big Blink (tech boss) (7)
GameObject,39582,Alien Big Blink (tech boss) (1)
GameObject,39583,Alien Big Blink (tech boss) (5)
GameObject,39584,Alien Big Blink (tech boss) (6)
GameObject,39585,Alien Big Blink (tech boss) (10)
GameObject,39586,Alien Big Blink (tech boss) (4)
GameObject,39587,Alien Big Blink (tech boss) (9)
GameObject,39590,ballista - exp aura
GameObject,39696,hero name text
GameObject,39697,hero name text
GameObject,39698,hero name text
GameObject,39699,hero name text
GameObject,39700,hero name text
GameObject,39701,hero name text
GameObject,39899,exp icon
GameObject,39919,hero (4)
GameObject,39982,Image
GameObject,39983,Image
GameObject,39984,Image
GameObject,39985,Image
GameObject,39986,Image
GameObject,39987,Image
GameObject,39988,Image
GameObject,40155,spell (2)
GameObject,40156,spell (7)
GameObject,40157,spell (6)
GameObject,40158,spell (7)
GameObject,40159,spell (10)
GameObject,40160,spell (5)
GameObject,40161,spell (4)
GameObject,40162,spell (9)
GameObject,40163,spell (3)
GameObject,40248,hero (4)
GameObject,40249,hero (4)
GameObject,40250,hero (4)
GameObject,40251,hero (4)
GameObject,40252,hero (4)
GameObject,40253,hero (4)
GameObject,40254,hero (4)
GameObject,40255,hero (4)
GameObject,40398,gold text
GameObject,40399,gold text
GameObject,40400,gold text
GameObject,40401,gold text
GameObject,40402,gold text
GameObject,40403,gold text
GameObject,40404,gold text
GameObject,40405,gold text
GameObject,40406,gold text
GameObject,40407,gold text
GameObject,40408,gold text
GameObject,40409,gold text
GameObject,40410,gold text
GameObject,40411,gold text
GameObject,40471,hero name bg
GameObject,40472,hero name bg
GameObject,40473,hero name bg
GameObject,40474,hero name bg
GameObject,40475,hero name bg
GameObject,40476,hero name bg
GameObject,40519,captain - energy aura (1)
GameObject,40520,captain - energy aura (2)
GameObject,40736,Male Mage 03
GameObject,40779,Cactus Boss (3)
GameObject,40780,Cactus Boss (8)
GameObject,40781,Cactus Boss (5)
GameObject,40782,Cactus Boss (9)
GameObject,40783,Cactus Boss (7)
GameObject,40784,Cactus Boss (2)
GameObject,40785,Cactus Boss (10)
GameObject,40786,Cactus Boss (4)
GameObject,40787,Cactus Boss (1)
GameObject,40788,Cactus Boss (6)
GameObject,40897,damage text (8)
GameObject,40951,SlamWave
GameObject,40952,hero ui follower (27)
GameObject,40953,hero ui follower (21)
GameObject,40958,hero ui follower (23)
GameObject,40960,hero ui follower (13)
GameObject,40967,hero ui follower (20)
GameObject,40977,hero ui follower (25)
GameObject,40980,hero ui follower (8)
GameObject,40984,hero ui follower (6)
GameObject,40995,hero ui follower (2)
GameObject,40998,hero ui follower (14)
GameObject,41000,hero ui follower (19)
GameObject,41001,hero ui follower (34)
GameObject,41011,hero ui follower (18)
GameObject,41013,hero ui follower (16)
GameObject,41016,hero ui follower (33)
GameObject,41017,hero ui follower (26)
GameObject,41020,hero ui follower (35)
GameObject,41032,hero ui follower (22)
GameObject,41038,hero ui follower (39)
GameObject,41045,hero ui follower (24)
GameObject,41046,hero ui follower (9)
GameObject,41047,hero ui follower (37)
GameObject,41050,hero ui follower (38)
GameObject,41051,hero ui follower
GameObject,41058,hero ui follower (36)
GameObject,41059,hero ui follower (32)
GameObject,41061,hero ui follower (12)
GameObject,41068,hero ui follower (4)
GameObject,41069,hero ui follower (30)
GameObject,41074,hero ui follower (5)
GameObject,41083,hero ui follower (17)
GameObject,41086,hero ui follower (11)
GameObject,41087,hero ui follower (7)
GameObject,41088,hero ui follower (1)
GameObject,41089,hero ui follower (10)
GameObject,41102,hero ui follower (28)
GameObject,41104,hero ui follower (40)
GameObject,41108,hero ui follower (3)
GameObject,41109,hero ui follower (15)
GameObject,41110,hero ui follower (31)
GameObject,41111,hero ui follower (29)
GameObject,41148,starter task highlight (equip spell)
GameObject,41149,starter task highlight (equip spell)
GameObject,41150,starter task highlight (equip spell)
GameObject,41151,starter task highlight (equip spell)
GameObject,41152,starter task highlight (equip spell)
GameObject,41153,starter task highlight (equip spell)
GameObject,41154,starter task highlight (equip spell)
GameObject,41155,starter task highlight (equip spell)
GameObject,41156,starter task highlight (equip spell)
GameObject,41157,starter task highlight (equip spell)
GameObject,41158,starter task highlight (equip spell)
GameObject,41159,starter task highlight (equip spell)
GameObject,41171,res panel (gold)
GameObject,41184,Ice Mage
GameObject,41185,Ice Mage
GameObject,41186,Ice Mage
GameObject,41187,Ice Mage
GameObject,41188,Ice Mage
GameObject,41189,Ice Mage
GameObject,41190,Ice Mage
GameObject,41191,Ice Mage
GameObject,41192,Ice Mage
GameObject,41193,Ice Mage
GameObject,41352,trainers killed
GameObject,41353,total hero ranks
GameObject,41354,total spell levels
GameObject,41355,supreme shadow kills
GameObject,41356,mage kills
GameObject,41357,hold 100k energy
GameObject,41358,range kills
GameObject,41360,all heroes to rank 250
GameObject,41361,ultimus kills
GameObject,41362,wave 5000 in 20min
GameObject,41363,skill kills
GameObject,41365,wave 50k on all maps
GameObject,41367,ultra exp proc on trainers
GameObject,41370,damage wave perks
GameObject,41372,gems spent
GameObject,41374,rank 2k all heroes
GameObject,41375,goblin kills
GameObject,41380,rank 500 hero
GameObject,41381,rank 20 heroes
GameObject,41382,wave 35k all maps
GameObject,41383,ultra gold proc on hoarders
GameObject,41384,kill exotic aliens
GameObject,41386,100m kills on single hero
GameObject,41387,highest hero level
GameObject,41389,melee kills
GameObject,41390,10m energy in a run
GameObject,41391,25m kills on single hero
GameObject,41393,hold energy
GameObject,41394,wave 20k all maps
GameObject,41395,kill ancient shadows
GameObject,41396,hold energy
GameObject,41398,100k total hero levels in a run
GameObject,41399,hero level 2750
GameObject,41401,wave 10k only common heroes
GameObject,41402,gold lust kills
GameObject,41403,supreme ultimus kills 
GameObject,41404,supreme alien kills
GameObject,41405,spend gems
GameObject,41406,highest hero rank
GameObject,41407,gems spent
GameObject,41410,highest hero level
GameObject,41411,power mage kills
GameObject,41412,energy from skills
GameObject,41464,damage text (8)
GameObject,41465,damage text (8)
GameObject,41491,skill effect icons panel (1)
GameObject,41689,damage text
GameObject,41690,damage text
GameObject,41706,locked wave req
GameObject,41707,locked wave req
GameObject,41708,locked wave req
GameObject,41709,locked wave req
GameObject,41710,locked wave req
GameObject,41711,locked wave req
GameObject,41712,locked wave req
GameObject,41713,locked wave req
GameObject,41714,locked wave req
GameObject,41715,locked wave req
GameObject,41716,locked wave req
GameObject,41717,locked wave req
GameObject,41718,locked wave req
GameObject,41719,locked wave req
GameObject,41720,locked wave req
GameObject,41721,locked wave req
GameObject,41722,locked wave req
GameObject,41723,locked wave req
GameObject,41724,locked wave req
GameObject,41725,locked wave req
GameObject,41726,locked wave req
GameObject,41727,locked wave req
GameObject,41728,locked wave req
GameObject,41729,locked wave req
GameObject,41730,locked wave req
GameObject,41731,locked wave req
GameObject,41732,locked wave req
GameObject,41733,locked wave req
GameObject,41734,locked wave req
GameObject,41735,locked wave req
GameObject,41736,locked wave req
GameObject,41786,hero name bg
GameObject,41787,hero name bg
GameObject,41788,hero name bg
GameObject,41789,hero name bg
GameObject,41790,hero name bg
GameObject,41791,hero name bg
GameObject,41792,hero name bg
GameObject,41793,hero name bg
GameObject,41794,hero name bg
GameObject,41795,hero name bg
GameObject,41796,hero name bg
GameObject,41797,hero name bg
GameObject,41905,Fire Mage (1)
GameObject,41906,Fire Mage (3)
GameObject,41907,Fire Mage (2)
GameObject,41908,Fire Mage (4)
GameObject,41909,Fire Mage (10)
GameObject,41910,Fire Mage (9)
GameObject,41911,Fire Mage (6)
GameObject,41912,Fire Mage (5)
GameObject,41913,Fire Mage (8)
GameObject,41914,Fire Mage (7)
GameObject,42207,Alien Big Blink
GameObject,42208,Alien Big Blink
GameObject,42209,Alien Big Blink
GameObject,42210,Alien Big Blink
GameObject,42211,Alien Big Blink
GameObject,42212,Alien Big Blink
GameObject,42213,Alien Big Blink
GameObject,42214,Alien Big Blink
GameObject,42215,Alien Big Blink
GameObject,42216,Alien Big Blink
GameObject,42401,Image
GameObject,42402,Image
GameObject,42403,Image
GameObject,42404,Image
GameObject,42405,Image
GameObject,42406,Image
GameObject,42407,Image
GameObject,42408,Image
GameObject,42409,Image
GameObject,42423,damage text (14)
GameObject,42467,Angel Mage (1)
GameObject,42468,Angel Mage (3)
GameObject,42469,Angel Mage (2)
GameObject,42470,Angel Mage (6)
GameObject,42471,Angel Mage (7)
GameObject,42472,Angel Mage (10)
GameObject,42473,Angel Mage (4)
GameObject,42474,Angel Mage (8)
GameObject,42475,Angel Mage (5)
GameObject,42476,Angel Mage (9)
GameObject,42772,immune mage
GameObject,42773,immune mage
GameObject,42774,immune mage
GameObject,42775,immune mage
GameObject,42776,immune mage
GameObject,42777,immune mage
GameObject,42778,immune mage
GameObject,42779,immune mage
GameObject,42780,immune mage
GameObject,42800,hero (10)
GameObject,42801,hero (10)
GameObject,42802,hero (10)
GameObject,42803,hero (10)
GameObject,42804,hero (10)
GameObject,42805,hero (10)
GameObject,42806,hero (10)
GameObject,42807,hero (10)
GameObject,43056,hero name bg
GameObject,43057,hero name bg
GameObject,43058,hero name bg
GameObject,43059,hero name bg
GameObject,43060,hero name bg
GameObject,43061,hero name bg
GameObject,43117,hero (8)
GameObject,43119,active upgrade panel
GameObject,43163,MagicWaves
GameObject,43193,function upgrade cell (v2)
GameObject,43195,hero frame (0)
GameObject,43305,Supreme Alien (supreme tech) (4)
GameObject,43306,Supreme Alien (supreme tech) (3)
GameObject,43307,Supreme Alien (supreme tech) (1)
GameObject,43308,Supreme Alien (supreme tech) (2)
GameObject,43438,Gold 01
GameObject,43439,Gold 01
GameObject,43440,Gold 01
GameObject,43441,Gold 01
GameObject,43692,battlemage - crit chance boost
GameObject,43730,supreme alien spawn chance
GameObject,43733,ultimus cd
GameObject,43734,mimic energy
GameObject,43735,damage 2
GameObject,43736,producer spawns
GameObject,43737,supreme shadow spawn chance
GameObject,43738,bonus gold chance
GameObject,43739,producer energy
GameObject,43740,max boss rush wave
GameObject,43741,ultimus rewards
GameObject,43742,shadow alien hp reduction
GameObject,43743,skill power
GameObject,43744,spell duration
GameObject,43745,energy income
GameObject,43746,bonus energy chance
GameObject,43748,kill exp (progressive)
GameObject,43750,bonus exp chance
GameObject,43752,bonus gold amt
GameObject,43753,battlepass exp
GameObject,43754,kill exp
GameObject,43755,kill gold 1
GameObject,43756,kill gold 2
GameObject,43757,bonus energy amt
GameObject,43758,ultimus max spawns
GameObject,43759,wave perk effects
GameObject,43760,ultra energy chance
GameObject,43761,bonus exp amt
GameObject,43798,damage text (9)
GameObject,43799,damage text (9)
GameObject,43810,damage text (6)
GameObject,43811,damage text (6)
GameObject,43878,golden trainer chance
GameObject,43879,golden goblin chance
GameObject,43880,producer num spawns
GameObject,43881,ultra gold chance
GameObject,43882,gold drop 1
GameObject,43883,ultra exp chance on ads
GameObject,43884,ultra exp amt on ads
GameObject,43885,hero level cost
GameObject,43886,alien tech drop
GameObject,43887,shadow alien hp scaling
GameObject,43888,starting gold
GameObject,43889,rune rarity chance
GameObject,43891,ultra energy amt
GameObject,43892,boss rush waves
GameObject,43893,ultra gold amt
GameObject,43894,prestige power 1
GameObject,43895,rank exp
GameObject,43896,mimic energy
GameObject,43897,trainer cd
GameObject,43898,increase gems on ads
GameObject,43899,energy income 2
GameObject,43900,ultra energy chance on ads
GameObject,43901,extra boss chance
GameObject,43902,hoarder gold
GameObject,43903,mastery skill power
GameObject,43904,rank exp %
GameObject,43906,gold 2
GameObject,43908,prestige 2
GameObject,43909,wave perk waves
GameObject,43910,producer energy
GameObject,43912,ultra energy chance
GameObject,43913,map perks
GameObject,43914,increase daily gift runes
GameObject,43917,boss gold
GameObject,43918,golden producer chance
GameObject,43919,double shadow drop chance
GameObject,43920,battlepass exp
GameObject,43921,shadow runes drop
GameObject,43923,boss gold chest chance
GameObject,43924,ultra energy amt on ads
GameObject,43925,ultra exp amt
GameObject,43926,trainer exp
GameObject,43928,ultra exp chance
GameObject,43929,double alien drop chance
GameObject,43930,supreme tech drop
GameObject,43931,producer cd
GameObject,43932,mimic exp
GameObject,43933,energy income 1
GameObject,43934,shadow/alien hp skip
GameObject,44082,empty spell text
GameObject,44083,empty spell text
GameObject,44084,empty spell text
GameObject,44085,empty spell text
GameObject,44086,empty spell text
GameObject,44087,empty spell text
GameObject,44223,damage text (2)
GameObject,44303,damage text (5)
GameObject,44430,damage text (1)
GameObject,44431,damage text (1)
GameObject,44458,damage text (12)
GameObject,44617,hero frame (1)
GameObject,44821,hero (10)
GameObject,44822,hero (10)
GameObject,44823,hero (10)
GameObject,44824,hero (10)
GameObject,44825,hero (10)
GameObject,44826,hero (10)
GameObject,44827,hero (10)
GameObject,44828,hero (10)
GameObject,44900,hero frame (0)
GameObject,44967,wave perk effect
GameObject,44968,super gold chance
GameObject,44969,instant spell cd
GameObject,44970,energy income
GameObject,44971,gold 1
GameObject,44972,free hero level
GameObject,44973,damage 2
GameObject,44974,super gold amount
GameObject,44975,instant skill cd
GameObject,44976,supreme alien spawn chance
GameObject,44977,gold 2
GameObject,44979,skill power
GameObject,44981,super crit damage
GameObject,44982,crit damage
GameObject,44983,extra boss chance
GameObject,44985,max boss rush
GameObject,44986,exp 2
GameObject,44987,ultra gold chance
GameObject,44988,ultra exp chance
GameObject,44990,exp 1
GameObject,44991,shadow alien hp scaling
GameObject,44992,ultimus max spawns
GameObject,44993,mimic energy
GameObject,44994,gold 3
GameObject,44995,2x supreme runes chance
GameObject,44996,damage 3
GameObject,44997,skill immune limit
GameObject,45014,damage text (17)
GameObject,45015,damage text (17)
GameObject,45026,Alien Wreck (global boss)
GameObject,45161,range
GameObject,45332,enemy ui follower BOSS (9)
GameObject,45333,enemy ui follower BOSS (3)
GameObject,45334,enemy ui follower BOSS (10)
GameObject,45335,enemy ui follower BOSS (2)
GameObject,45336,enemy ui follower BOSS (8)
GameObject,45337,enemy ui follower BOSS (7)
GameObject,45338,enemy ui follower BOSS (4)
GameObject,45339,enemy ui follower BOSS (6)
GameObject,45340,enemy ui follower BOSS (5)
GameObject,45560,spell (3)
GameObject,45561,spell (3)
GameObject,45562,spell (3)
GameObject,45563,spell (3)
GameObject,45564,spell (3)
GameObject,45565,spell (3)
GameObject,45947,Goblin Trooper
GameObject,46259,damage text (11)
GameObject,46260,damage text (11)
GameObject,46261,damage text (11)
GameObject,46262,damage text (11)
GameObject,46263,damage text (11)
GameObject,46264,damage text (11)
GameObject,46265,damage text (11)
GameObject,46266,damage text (11)
GameObject,46267,damage text (11)
GameObject,46268,damage text (11)
GameObject,46269,damage text (11)
GameObject,46270,damage text (11)
GameObject,46271,damage text (11)
GameObject,46272,damage text (11)
GameObject,46273,damage text (11)
GameObject,46274,damage text (11)
GameObject,46275,damage text (11)
GameObject,46276,damage text (11)
GameObject,46277,damage text (11)
GameObject,46278,damage text (11)
GameObject,46279,damage text (11)
GameObject,46280,damage text (11)
GameObject,46281,damage text (11)
GameObject,46282,damage text (11)
GameObject,46283,damage text (11)
GameObject,46284,damage text (11)
GameObject,46285,damage text (11)
GameObject,46286,damage text (11)
GameObject,46287,damage text (11)
GameObject,46288,damage text (11)
GameObject,46289,damage text (11)
GameObject,46290,damage text (11)
GameObject,46291,damage text (11)
GameObject,46292,damage text (11)
GameObject,46293,damage text (11)
GameObject,46294,damage text (11)
GameObject,46295,damage text (11)
GameObject,46296,damage text (11)
GameObject,46297,damage text (11)
GameObject,46298,damage text (11)
GameObject,46299,damage text (11)
GameObject,46300,damage text (11)
GameObject,46301,damage text (11)
GameObject,46302,damage text (11)
GameObject,46303,damage text (11)
GameObject,46304,damage text (11)
GameObject,46305,damage text (11)
GameObject,46306,damage text (11)
GameObject,46307,damage text (11)
GameObject,46315,hero (10)
GameObject,46393,hero frame (1)
GameObject,46477,hero name bg
GameObject,46478,hero name bg
GameObject,46534,hero icon
GameObject,46850,power mage golden variant
GameObject,46863,Alien Galaxia (ultimus boss) (red mage) (5)
GameObject,46864,Alien Galaxia (ultimus boss) (red mage) (1)
GameObject,46865,Alien Galaxia (ultimus boss) (red mage) (4)
GameObject,46866,Alien Galaxia (ultimus boss) (red mage) (2)
GameObject,46867,Alien Galaxia (ultimus boss) (red mage) (6)
GameObject,46868,Alien Galaxia (ultimus boss) (red mage) (3)
GameObject,46968,sovereign
GameObject,46999,wave 25k without spending gold
GameObject,47007,wave 50k without perks spells skills
GameObject,47030,10m kills on all melee heroes
GameObject,47031,total hero ranks 100k
GameObject,47035,wave 50k on astral
GameObject,47036,all golden bosses same wave
GameObject,47037,total hero ranks 200k
GameObject,47042,prestiges over w40k
GameObject,47130,Alien Big Blink
GameObject,47133,hero icon
GameObject,47134,hero icon
GameObject,47135,hero icon
GameObject,47136,hero icon
GameObject,47137,hero icon
GameObject,47138,hero icon
GameObject,47139,hero icon
GameObject,47140,hero icon
GameObject,47141,hero icon
GameObject,47142,hero icon
GameObject,47143,hero icon
GameObject,47144,hero icon
GameObject,47145,hero icon
GameObject,47146,hero icon
GameObject,47147,hero icon
GameObject,47148,hero icon
GameObject,47149,hero icon
GameObject,47150,hero icon
GameObject,47151,hero icon
GameObject,47152,hero icon
GameObject,47153,hero icon
GameObject,47154,hero icon
GameObject,47155,hero icon
GameObject,47156,hero icon
GameObject,47157,hero icon
GameObject,47158,hero icon
GameObject,47159,hero icon
GameObject,47160,hero icon
GameObject,47161,hero icon
GameObject,47162,hero icon
GameObject,47163,hero icon
GameObject,47164,hero icon
GameObject,47165,hero icon
GameObject,47166,hero icon
GameObject,47167,hero icon
GameObject,47168,hero icon
GameObject,47169,hero icon
GameObject,47170,hero icon
GameObject,47171,hero icon
GameObject,47172,hero icon
GameObject,47173,hero icon
GameObject,47336,hero frame (2)
GameObject,47337,hero frame (2)
GameObject,47338,hero frame (2)
GameObject,47339,hero frame (2)
GameObject,47340,hero frame (2)
GameObject,47341,hero frame (2)
GameObject,47353,hero name text
GameObject,47357,hero (6)
GameObject,47460,hero (7)
GameObject,47461,hero (7)
GameObject,47462,hero (7)
GameObject,47463,hero (7)
GameObject,47464,hero (7)
GameObject,47465,hero (7)
GameObject,47466,hero (7)
GameObject,47467,hero (7)
GameObject,47800,damage text (11)
GameObject,47801,damage text (11)
GameObject,47802,damage text (11)
GameObject,47803,damage text (11)
GameObject,47804,damage text (11)
GameObject,47805,damage text (11)
GameObject,47806,damage text (11)
GameObject,47807,damage text (11)
GameObject,47808,damage text (11)
GameObject,47966,hero (10)
GameObject,47985,hero button (7)
GameObject,47991,melee projectile - BulletSmallBlue (40)
GameObject,47992,melee projectile - BulletSmallBlue (16)
GameObject,47993,melee projectile - BulletSmallBlue (7)
GameObject,47994,melee projectile - BulletSmallBlue (30)
GameObject,47995,melee projectile - BulletSmallBlue (38)
GameObject,47996,melee projectile - BulletSmallBlue (6)
GameObject,47997,melee projectile - BulletSmallBlue (24)
GameObject,47998,melee projectile - BulletSmallBlue (19)
GameObject,47999,melee projectile - BulletSmallBlue (14)
GameObject,48000,melee projectile - BulletSmallBlue (5)
GameObject,48001,melee projectile - BulletSmallBlue (13)
GameObject,48002,melee projectile - BulletSmallBlue (12)
GameObject,48003,melee projectile - BulletSmallBlue (1)
GameObject,48004,melee projectile - BulletSmallBlue (8)
GameObject,48005,melee projectile - BulletSmallBlue (26)
GameObject,48006,melee projectile - BulletSmallBlue (28)
GameObject,48007,melee projectile - BulletSmallBlue (3)
GameObject,48008,melee projectile - BulletSmallBlue (11)
GameObject,48009,melee projectile - BulletSmallBlue (27)
GameObject,48010,melee projectile - BulletSmallBlue (2)
GameObject,48011,melee projectile - BulletSmallBlue (17)
GameObject,48012,melee projectile - BulletSmallBlue (32)
GameObject,48013,melee projectile - BulletSmallBlue (21)
GameObject,48014,melee projectile - BulletSmallBlue (18)
GameObject,48015,melee projectile - BulletSmallBlue (22)
GameObject,48016,melee projectile - BulletSmallBlue (9)
GameObject,48017,melee projectile - BulletSmallBlue (33)
GameObject,48018,melee projectile - BulletSmallBlue (25)
GameObject,48019,melee projectile - BulletSmallBlue (34)
GameObject,48020,melee projectile - BulletSmallBlue (10)
GameObject,48021,melee projectile - BulletSmallBlue (31)
GameObject,48022,melee projectile - BulletSmallBlue (23)
GameObject,48023,melee projectile - BulletSmallBlue (4)
GameObject,48024,melee projectile - BulletSmallBlue (36)
GameObject,48025,melee projectile - BulletSmallBlue (35)
GameObject,48026,melee projectile - BulletSmallBlue (37)
GameObject,48027,melee projectile - BulletSmallBlue (29)
GameObject,48028,melee projectile - BulletSmallBlue (20)
GameObject,48029,melee projectile - BulletSmallBlue (15)
GameObject,48030,melee projectile - BulletSmallBlue (39)
GameObject,48368,hero name text
GameObject,48369,hero name text
GameObject,48370,hero name text
GameObject,48371,hero name text
GameObject,48372,hero name text
GameObject,48373,hero name text
GameObject,48374,hero name text
GameObject,48510,synergy cell (reworked) (1 hero)
GameObject,48511,synergy cell (reworked) (1 hero)
GameObject,48512,synergy cell (reworked) (1 hero)
GameObject,48513,synergy cell (reworked) (1 hero)
GameObject,48514,synergy cell (reworked) (1 hero)
GameObject,48515,synergy cell (reworked) (1 hero)
GameObject,49009,Image
GameObject,49192,hero (5)
GameObject,49232,hero frame (1)
GameObject,49233,hero frame (1)
GameObject,49234,hero frame (1)
GameObject,49235,hero frame (1)
GameObject,49236,hero frame (1)
GameObject,49237,hero frame (1)
GameObject,49270,Basket 01 Gold
GameObject,49271,Basket 01 Gold
GameObject,49272,Basket 01 Gold
GameObject,49273,Basket 01 Gold
GameObject,49551,supreme ultimus
GameObject,49552,ultimus kills
GameObject,49553,heroes unlocked
GameObject,49554,supreme shadow
GameObject,49555,prestiges
GameObject,49558,supreme alien
GameObject,49560,Ancient Shadow kills
GameObject,49561,skills used
GameObject,49563,exotic alien kills
GameObject,49564,power mages killed
GameObject,49565,hero levels
GameObject,49567,golden kills
GameObject,49568,goblins killed
GameObject,49571,hero rank
GameObject,49572,spells used
GameObject,49575,trainers killed
GameObject,49576,pvp boss dmg
GameObject,49580,hero icon
GameObject,49581,hero icon
GameObject,49582,hero icon
GameObject,49583,hero icon
GameObject,49584,hero icon
GameObject,49585,hero icon
GameObject,49586,hero icon
GameObject,49587,hero icon
GameObject,49588,hero icon
GameObject,49589,hero icon
GameObject,49590,hero icon
GameObject,49591,hero icon
GameObject,49592,hero icon
GameObject,49593,hero icon
GameObject,49594,hero icon
GameObject,49595,hero icon
GameObject,49596,hero icon
GameObject,49597,hero icon
GameObject,49598,hero icon
GameObject,49599,hero icon
GameObject,49600,hero icon
GameObject,49601,hero icon
GameObject,49602,hero icon
GameObject,49603,hero icon
GameObject,49604,hero icon
GameObject,49605,hero icon
GameObject,49606,hero icon
GameObject,49607,hero icon
GameObject,49608,hero icon
GameObject,49609,hero icon
GameObject,49610,hero icon
GameObject,49611,hero icon
GameObject,49612,hero icon
GameObject,49613,hero icon
GameObject,49614,hero icon
GameObject,49615,hero icon
GameObject,49616,hero icon
GameObject,49617,hero icon
GameObject,49618,hero icon
GameObject,49619,hero icon
GameObject,49620,hero icon
GameObject,49768,gem icon
GameObject,49887,skill slider
GameObject,49888,skill slider
GameObject,49889,skill slider
GameObject,49890,skill slider
GameObject,49891,skill slider
GameObject,49892,skill slider
GameObject,49893,skill slider
GameObject,49894,skill slider
GameObject,49895,skill slider
GameObject,49896,skill slider
GameObject,49897,skill slider
GameObject,49898,skill slider
GameObject,49899,skill slider
GameObject,49900,skill slider
GameObject,49901,skill slider
GameObject,49902,skill slider
GameObject,49903,skill slider
GameObject,49904,skill slider
GameObject,49905,skill slider
GameObject,49906,skill slider
GameObject,49907,skill slider
GameObject,49908,skill slider
GameObject,49909,skill slider
GameObject,49910,skill slider
GameObject,49911,skill slider
GameObject,49912,skill slider
GameObject,49913,skill slider
GameObject,49914,skill slider
GameObject,49915,skill slider
GameObject,49916,skill slider
GameObject,49917,skill slider
GameObject,49918,skill slider
GameObject,49919,skill slider
GameObject,49920,skill slider
GameObject,49921,skill slider
GameObject,49922,skill slider
GameObject,49923,skill slider
GameObject,49924,skill slider
GameObject,49925,skill slider
GameObject,49926,skill slider
GameObject,49927,skill slider
GameObject,50237,damage text (7)
GameObject,50252,boss exp
GameObject,50253,super energy chance
GameObject,50254,damage 2
GameObject,50255,super exp chance
GameObject,50256,range
GameObject,50257,hoarder gold
GameObject,50258,super exp amount
GameObject,50259,producer energy
GameObject,50260,ultra gold amount
GameObject,50261,super gold chance
GameObject,50262,skill power 1
GameObject,50264,energy income
GameObject,50265,super energy amount
GameObject,50266,skill power 2
GameObject,50268,super gold amount
GameObject,50269,kill gold 2
GameObject,50270,rank exp 2
GameObject,50271,trainer exp
GameObject,50273,kill gold 1
GameObject,50274,rank exp 1
GameObject,50275,ultra boss dmg
GameObject,50277,ultra gold chance
GameObject,50279,skill cd
GameObject,50280,boss gold
GameObject,50502,gold icon
GameObject,50581,Image
GameObject,50621,hero req text
GameObject,50703,militia (1h sword medium)
GameObject,50807,hero (4)
GameObject,50851,damage text (13)
GameObject,50852,damage text (13)
GameObject,50853,damage text (13)
GameObject,50854,damage text (13)
GameObject,50855,damage text (13)
GameObject,50856,damage text (13)
GameObject,50857,damage text (13)
GameObject,50858,damage text (13)
GameObject,50859,damage text (13)
GameObject,51178,rune icon
GameObject,51179,rune icon
GameObject,51180,rune icon
GameObject,51181,rune icon
GameObject,51182,rune icon
GameObject,51183,rune icon
GameObject,51184,rune icon
GameObject,51185,rune icon
GameObject,51186,rune icon
GameObject,51187,rune icon
GameObject,51188,rune icon
GameObject,51189,rune icon
GameObject,51190,rune icon
GameObject,51191,rune icon
GameObject,51223,damage text (9)
GameObject,51224,skill effect icons panel
GameObject,51313,Angel Mage
GameObject,51418,hero highlight circle
GameObject,51419,hero highlight circle
GameObject,51420,hero highlight circle
GameObject,51421,hero highlight circle
GameObject,51422,hero highlight circle
GameObject,51423,hero highlight circle
GameObject,51424,hero highlight circle
GameObject,51425,hero highlight circle
GameObject,51426,hero highlight circle
GameObject,51583,hero (10)
GameObject,51689,placement bonus upgrade cell (1)
GameObject,51742,Alien Galaxia
GameObject,51793,spell (2)
GameObject,51794,Alien Big Blink
GameObject,51901,hero (8)
GameObject,51902,hero (8)
GameObject,51903,hero (8)
GameObject,51904,hero (8)
GameObject,51905,hero (8)
GameObject,51906,hero (8)
GameObject,51907,hero (8)
GameObject,51908,hero (8)
GameObject,51946,new rune cell (3)
GameObject,51947,new rune cell (1)
GameObject,51948,new rune cell (1)
GameObject,51949,new rune cell (2)
GameObject,51950,new rune cell (5)
GameObject,51951,new rune cell (2)
GameObject,51952,new rune cell (1)
GameObject,51953,new rune cell (1)
GameObject,51954,new rune cell (5)
GameObject,51955,new rune cell (2)
GameObject,51956,new rune cell (3)
GameObject,51957,new rune cell (7)
GameObject,51958,new rune cell (13)
GameObject,51959,new rune cell (12)
GameObject,51960,new rune cell (1)
GameObject,51961,new rune cell (5)
GameObject,51962,new rune cell (3)
GameObject,51963,new rune cell (2)
GameObject,51964,new rune cell (2)
GameObject,51965,new rune cell (6)
GameObject,51966,new rune cell (11)
GameObject,51967,new rune cell (9)
GameObject,51968,new rune cell (5)
GameObject,51969,new rune cell (4)
GameObject,51970,new rune cell (1)
GameObject,51971,new rune cell (3)
GameObject,51972,new rune cell (3)
GameObject,51973,new rune cell (8)
GameObject,51974,new rune cell (3)
GameObject,51975,new rune cell (6)
GameObject,51976,new rune cell (15)
GameObject,51977,new rune cell (2)
GameObject,51978,new rune cell (4)
GameObject,51979,new rune cell (1)
GameObject,51980,new rune cell (4)
GameObject,51981,new rune cell (4)
GameObject,51982,new rune cell (3)
GameObject,51983,new rune cell (5)
GameObject,51984,new rune cell (4)
GameObject,51985,new rune cell (10)
GameObject,51986,new rune cell (5)
GameObject,51987,new rune cell (5)
GameObject,51988,new rune cell (4)
GameObject,51989,new rune cell (2)
GameObject,51990,new rune cell (4)
GameObject,51991,new rune cell (5)
GameObject,51992,new rune cell (4)
GameObject,51993,new rune cell (8)
GameObject,51994,new rune cell (2)
GameObject,51995,new rune cell (14)
GameObject,51996,new rune cell (3)
GameObject,51997,new rune cell (7)
GameObject,51998,new rune cell (9)
GameObject,51999,new rune cell (10)
GameObject,52087,Death Mage (9)
GameObject,52088,Death Mage (1)
GameObject,52089,Death Mage (3)
GameObject,52090,Death Mage (8)
GameObject,52091,Death Mage (10)
GameObject,52092,Death Mage (7)
GameObject,52093,Death Mage (2)
GameObject,52094,Death Mage (4)
GameObject,52095,Death Mage (6)
GameObject,52096,Death Mage (5)
GameObject,52097,damage 1
GameObject,52125,Shadow
GameObject,52158,gold 4
GameObject,52159,spell cd
GameObject,52160,gold 3
GameObject,52161,ultra gold chance
GameObject,52163,boss damage
GameObject,52164,kill exp (%)
GameObject,52165,2x ultimus token chance
GameObject,52166,ultra gold amount on ads
GameObject,52167,gold 5
GameObject,52169,damage 2
GameObject,52170,ultra energy chance
GameObject,52171,skill cd
GameObject,52172,battlepass exp
GameObject,52173,energy income
GameObject,52174,mimic gold
GameObject,52175,ultimus tokens
GameObject,52176,gold 6
GameObject,52177,bonus gold chance
GameObject,52178,damage 6
GameObject,52179,max ultimus spawns
GameObject,52180,bonus energy chance
GameObject,52181,rune rarity
GameObject,52183,skill power 2
GameObject,52185,bonus exp chance
GameObject,52187,producer energy
GameObject,52188,golden trainers
GameObject,52189,trainer exp
GameObject,52191,range
GameObject,52192,damage 4
GameObject,52193,gold 7
GameObject,52194,damage 5
GameObject,52195,gold 2
GameObject,52197,golden goblins
GameObject,52198,gold 1
GameObject,52200,ultra gold chance on ads
GameObject,52201,damage 3
GameObject,52203,boss gold
GameObject,52204,damage 7
GameObject,52205,skill power
GameObject,52206,kill exp
GameObject,52207,damage 1
GameObject,52208,golden producers
GameObject,52209,hoarder gold
GameObject,52210,energy income 2
GameObject,52304,damage text (2)
GameObject,52311,Goblin golden variant
GameObject,52343,upgrade (1)
GameObject,52377,kill gold
GameObject,52566,immune range
GameObject,52567,immune range
GameObject,52568,immune range
GameObject,52569,immune range
GameObject,52570,immune range
GameObject,52571,immune range
GameObject,52572,immune range
GameObject,52573,immune range
GameObject,52574,immune range
GameObject,52720,damage text (14)
GameObject,52746,damage text (10)
GameObject,52747,damage text (10)
GameObject,52748,damage text (10)
GameObject,52749,damage text (10)
GameObject,52750,damage text (10)
GameObject,52751,damage text (10)
GameObject,52752,damage text (10)
GameObject,52753,damage text (10)
GameObject,52754,damage text (10)
GameObject,52829,spell (1)
GameObject,52853,damage text (3)
GameObject,52904,skill text
GameObject,52905,skill text
GameObject,52906,skill text
GameObject,52907,skill text
GameObject,52908,skill text
GameObject,52909,skill text
GameObject,52910,skill text
GameObject,52911,skill text
GameObject,52912,skill text
GameObject,52913,skill text
GameObject,52914,skill text
GameObject,52915,skill text
GameObject,52916,skill text
GameObject,52917,skill text
GameObject,52918,skill text
GameObject,52919,skill text
GameObject,52920,skill text
GameObject,52921,skill text
GameObject,52922,skill text
GameObject,52923,skill text
GameObject,52924,skill text
GameObject,52925,skill text
GameObject,52926,skill text
GameObject,52927,skill text
GameObject,52928,skill text
GameObject,52929,skill text
GameObject,52930,skill text
GameObject,52931,skill text
GameObject,52932,skill text
GameObject,52933,skill text
GameObject,52934,skill text
GameObject,52935,skill text
GameObject,52936,skill text
GameObject,52937,skill text
GameObject,52938,skill text
GameObject,52939,skill text
GameObject,52940,skill text
GameObject,52941,skill text
GameObject,52942,skill text
GameObject,52943,skill text
GameObject,52944,skill text
GameObject,53040,hero button (1)
GameObject,53050,Tree 03 Orange Twoside (1)
GameObject,53052,Tree 03 Orange Twoside
GameObject,53178,MagicWaves2
GameObject,53179,MagicWaves2
GameObject,53180,MagicWaves2
GameObject,53181,MagicWaves2
GameObject,53182,MagicWaves2
GameObject,53183,MagicWaves2
GameObject,53184,MagicWaves2
GameObject,53185,MagicWaves2
GameObject,53186,MagicWaves2
GameObject,53187,MagicWaves2
GameObject,53188,MagicWaves2
GameObject,53189,MagicWaves2
GameObject,53190,MagicWaves2
GameObject,53191,MagicWaves2
GameObject,53192,MagicWaves2
GameObject,53193,MagicWaves2
GameObject,53194,MagicWaves2
GameObject,53195,MagicWaves2
GameObject,53196,MagicWaves2
GameObject,53197,MagicWaves2
GameObject,53203,FX Power Stone Spell
GameObject,53204,FX Power Stone Spell
GameObject,53594,skill text
GameObject,53661,StarExplosionBlue
GameObject,53674,energy icon
GameObject,53675,energy icon
GameObject,53679,damage
GameObject,53803,rogue - gold aura (1)
GameObject,53804,rogue - gold aura (2)
GameObject,53956,upgrade button
GameObject,54025,Alien Big Blink
GameObject,54026,Alien Big Blink
GameObject,54027,Alien Big Blink
GameObject,54028,Alien Big Blink
GameObject,54059,energy icon
GameObject,54060,energy icon
GameObject,54061,energy icon
GameObject,54062,energy icon
GameObject,54063,energy icon
GameObject,54064,energy icon
GameObject,54065,energy icon
GameObject,54066,energy icon
GameObject,54067,energy icon
GameObject,54215,hero frame (2)
GameObject,54218,slot bonus (prestige preview) (7)
GameObject,54219,slot bonus (prestige preview) (9)
GameObject,54220,slot bonus (prestige preview) (1)
GameObject,54221,slot bonus (prestige preview) (5)
GameObject,54222,slot bonus (prestige preview) (1)
GameObject,54223,slot bonus (prestige preview) (3)
GameObject,54224,slot bonus (prestige preview) (3)
GameObject,54225,slot bonus (prestige preview) (8)
GameObject,54226,slot bonus (prestige preview) (7)
GameObject,54227,slot bonus (prestige preview) (9)
GameObject,54228,slot bonus (prestige preview) (4)
GameObject,54229,slot bonus (prestige preview) (5)
GameObject,54230,slot bonus (prestige preview) (4)
GameObject,54231,slot bonus (prestige preview) (5)
GameObject,54232,slot bonus (prestige preview) (9)
GameObject,54233,slot bonus (prestige preview) (6)
GameObject,54234,slot bonus (prestige preview) (2)
GameObject,54235,slot bonus (prestige preview) (7)
GameObject,54236,slot bonus (prestige preview) (3)
GameObject,54237,slot bonus (prestige preview) (7)
GameObject,54238,slot bonus (prestige preview) (2)
GameObject,54239,slot bonus (prestige preview) (6)
GameObject,54240,slot bonus (prestige preview) (2)
GameObject,54241,slot bonus (prestige preview) (9)
GameObject,54242,slot bonus (prestige preview) (6)
GameObject,54243,slot bonus (prestige preview) (7)
GameObject,54244,slot bonus (prestige preview) (8)
GameObject,54245,slot bonus (prestige preview) (6)
GameObject,54246,slot bonus (prestige preview) (2)
GameObject,54247,slot bonus (prestige preview) (10)
GameObject,54248,slot bonus (prestige preview) (2)
GameObject,54249,slot bonus (prestige preview) (6)
GameObject,54250,slot bonus (prestige preview) (1)
GameObject,54251,slot bonus (prestige preview) (5)
GameObject,54252,slot bonus (prestige preview) (4)
GameObject,54253,slot bonus (prestige preview) (1)
GameObject,54254,slot bonus (prestige preview) (10)
GameObject,54255,slot bonus (prestige preview) (2)
GameObject,54256,slot bonus (prestige preview) (7)
GameObject,54257,slot bonus (prestige preview) (4)
GameObject,54258,slot bonus (prestige preview) (4)
GameObject,54259,slot bonus (prestige preview) (8)
GameObject,54260,slot bonus (prestige preview) (10)
GameObject,54261,slot bonus (prestige preview) (10)
GameObject,54262,slot bonus (prestige preview) (10)
GameObject,54263,slot bonus (prestige preview) (1)
GameObject,54264,slot bonus (prestige preview) (5)
GameObject,54265,slot bonus (prestige preview) (8)
GameObject,54266,slot bonus (prestige preview) (8)
GameObject,54267,slot bonus (prestige preview) (8)
GameObject,54268,slot bonus (prestige preview) (3)
GameObject,54269,slot bonus (prestige preview) (5)
GameObject,54270,slot bonus (prestige preview) (5)
GameObject,54271,slot bonus (prestige preview) (1)
GameObject,54272,slot bonus (prestige preview) (10)
GameObject,54273,slot bonus (prestige preview) (2)
GameObject,54274,slot bonus (prestige preview) (4)
GameObject,54275,slot bonus (prestige preview) (9)
GameObject,54276,slot bonus (prestige preview) (6)
GameObject,54277,slot bonus (prestige preview) (8)
GameObject,54278,slot bonus (prestige preview) (9)
GameObject,54279,slot bonus (prestige preview) (6)
GameObject,54280,slot bonus (prestige preview) (9)
GameObject,54281,slot bonus (prestige preview) (10)
GameObject,54282,slot bonus (prestige preview) (3)
GameObject,54283,slot bonus (prestige preview) (3)
GameObject,54284,slot bonus (prestige preview) (3)
GameObject,54285,slot bonus (prestige preview) (4)
GameObject,54286,slot bonus (prestige preview) (7)
GameObject,54369,synergy cell (reworked) (1 hero)
GameObject,54381,Tree 02 Orange Twoside
GameObject,54544,locked wave req (1)
GameObject,54545,locked wave req (1)
GameObject,54546,locked wave req (1)
GameObject,54547,locked wave req (1)
GameObject,54548,locked wave req (1)
GameObject,54549,locked wave req (1)
GameObject,54550,locked wave req (1)
GameObject,54551,locked wave req (1)
GameObject,54552,locked wave req (1)
GameObject,54553,locked wave req (1)
GameObject,54554,locked wave req (1)
GameObject,54555,locked wave req (1)
GameObject,54556,locked wave req (1)
GameObject,54557,locked wave req (1)
GameObject,54558,locked wave req (1)
GameObject,54559,locked wave req (1)
GameObject,54560,locked wave req (1)
GameObject,54561,locked wave req (1)
GameObject,54562,locked wave req (1)
GameObject,54563,locked wave req (1)
GameObject,54564,locked wave req (1)
GameObject,54565,locked wave req (1)
GameObject,54566,locked wave req (1)
GameObject,54567,locked wave req (1)
GameObject,54568,locked wave req (1)
GameObject,54569,locked wave req (1)
GameObject,54570,locked wave req (1)
GameObject,54571,locked wave req (1)
GameObject,54572,locked wave req (1)
GameObject,54573,locked wave req (1)
GameObject,54574,locked wave req (1)
GameObject,54694,hero name bg
GameObject,54695,hero name bg
GameObject,54696,hero name bg
GameObject,54697,hero name bg
GameObject,54698,hero name bg
GameObject,54699,hero name bg
GameObject,54700,exp boss cd
GameObject,54701,kill exp 2
GameObject,54702,kill exp 3
GameObject,54703,bonus gold amt
GameObject,54704,range
GameObject,54705,gold 6
GameObject,54706,damage 3
GameObject,54707,free hero level
GameObject,54708,damage 5
GameObject,54709,gold 4
GameObject,54711,bonus energy amt
GameObject,54714,bonus exp amt
GameObject,54715,prestige points 1
GameObject,54716,hero level cost
GameObject,54718,prestige power 4
GameObject,54719,kill exp 1
GameObject,54720,damage 4
GameObject,54721,energy income
GameObject,54722,energy income 3
GameObject,54723,producer num spawns
GameObject,54725,skill cd
GameObject,54726,prestige power 3
GameObject,54727,wave perk effects
GameObject,54728,ultra exp chance
GameObject,54732,wave perk waves
GameObject,54733,progressive exp 2
GameObject,54734,ultra gold chance
GameObject,54735,gold 5
GameObject,54737,gold 2
GameObject,54738,damage 6
GameObject,54739,prestige points 2
GameObject,54742,spell duration
GameObject,54743,gold 1
GameObject,54744,battlepass exp
GameObject,54745,map perks
GameObject,54747,gold 3
GameObject,54749,energy income 2
GameObject,54750,ultra energy chance
GameObject,54752,ultra gold amount
GameObject,54808,damage 3
GameObject,54809,trainer cd
GameObject,54810,spell duration
GameObject,54811,unlock wave perks
GameObject,54812,gold 2
GameObject,54814,bonus exp amt
GameObject,54815,bonus gold amt
GameObject,54817,skill duration
GameObject,54819,exp (%)
GameObject,54820,shadow/alien hp reduction
GameObject,54821,gold 4
GameObject,54822,gold 1
GameObject,54826,damage 2
GameObject,54827,exp
GameObject,54828,damage 6
GameObject,54831,boss exp
GameObject,54832,gold 5
GameObject,54834,mimic prestige pts
GameObject,54835,rune rarity
GameObject,54836,damage 4
GameObject,54839,gold 3
GameObject,54840,producer cd
GameObject,54841,ultimus max spawns
GameObject,54843,gold 6
GameObject,54844,wave perk waves
GameObject,54845,damage 5
GameObject,54848,mimic gold
GameObject,54861,hero icon
GameObject,54869,hero name text
GameObject,55073,skill cd icon
GameObject,55074,skill cd icon
GameObject,55075,skill cd icon
GameObject,55076,skill cd icon
GameObject,55077,skill cd icon
GameObject,55078,skill cd icon
GameObject,55079,skill cd icon
GameObject,55080,skill cd icon
GameObject,55081,skill cd icon
GameObject,55082,skill cd icon
GameObject,55083,skill cd icon
GameObject,55084,skill cd icon
GameObject,55085,skill cd icon
GameObject,55086,skill cd icon
GameObject,55087,skill cd icon
GameObject,55088,skill cd icon
GameObject,55089,skill cd icon
GameObject,55090,skill cd icon
GameObject,55091,skill cd icon
GameObject,55092,skill cd icon
GameObject,55093,skill cd icon
GameObject,55094,skill cd icon
GameObject,55095,skill cd icon
GameObject,55096,skill cd icon
GameObject,55097,skill cd icon
GameObject,55098,skill cd icon
GameObject,55099,skill cd icon
GameObject,55100,skill cd icon
GameObject,55101,skill cd icon
GameObject,55102,skill cd icon
GameObject,55103,skill cd icon
GameObject,55104,skill cd icon
GameObject,55105,skill cd icon
GameObject,55106,skill cd icon
GameObject,55107,skill cd icon
GameObject,55108,skill cd icon
GameObject,55109,skill cd icon
GameObject,55110,skill cd icon
GameObject,55111,skill cd icon
GameObject,55112,skill cd icon
GameObject,55113,skill cd icon
GameObject,55114,Alien Galaxia (ultimus boss) (blue melee) (1)
GameObject,55115,Alien Galaxia (ultimus boss) (blue melee) (6)
GameObject,55116,Alien Galaxia (ultimus boss) (blue melee) (4)
GameObject,55117,Alien Galaxia (ultimus boss) (blue melee) (5)
GameObject,55118,Alien Galaxia (ultimus boss) (blue melee) (2)
GameObject,55119,Alien Galaxia (ultimus boss) (blue melee) (3)
GameObject,55255,damage text (5)
GameObject,55376,gem icon
GameObject,55452,damage text (10)
GameObject,55624,empty spell text
GameObject,55834,energy icon
GameObject,56013,Alien Galaxia
GameObject,56054,viking - berserk (1)
GameObject,56055,viking - berserk (2)
GameObject,56110,energy text
GameObject,56111,energy text
GameObject,56112,energy text
GameObject,56113,energy text
GameObject,56114,energy text
GameObject,56115,energy text
GameObject,56116,energy text
GameObject,56117,energy text
GameObject,56118,energy text
GameObject,56119,energy text
GameObject,56120,energy text
GameObject,56121,energy text
GameObject,56122,energy text
GameObject,56123,energy text
GameObject,56181,damage text (19)
GameObject,56182,damage text (19)
GameObject,56183,damage text (19)
GameObject,56184,damage text (19)
GameObject,56185,damage text (19)
GameObject,56186,damage text (19)
GameObject,56187,damage text (19)
GameObject,56188,damage text (19)
GameObject,56189,damage text (19)
GameObject,56212,placement bonus upgrade cell (3)
GameObject,56213,placement bonus upgrade cell (4)
GameObject,56214,placement bonus upgrade cell (10)
GameObject,56215,placement bonus upgrade cell (6)
GameObject,56216,placement bonus upgrade cell (9)
GameObject,56217,placement bonus upgrade cell (2)
GameObject,56218,placement bonus upgrade cell (5)
GameObject,56219,placement bonus upgrade cell (7)
GameObject,56220,placement bonus upgrade cell (8)
GameObject,56231,synergy cell (reworked) (2 heroes)
GameObject,56561,prestige
GameObject,56634,Image
GameObject,56636,skill impact - SwordHitMagicBlue
GameObject,56936,runes text
GameObject,56937,runes text
GameObject,56938,runes text
GameObject,56939,runes text
GameObject,56940,runes text
GameObject,56941,runes text
GameObject,56942,runes text
GameObject,56943,runes text
GameObject,56944,runes text
GameObject,56945,runes text
GameObject,56946,runes text
GameObject,56947,runes text
GameObject,56948,runes text
GameObject,56949,runes text
GameObject,57135,empty spell text
GameObject,57136,empty spell text
GameObject,57137,empty spell text
GameObject,57138,empty spell text
GameObject,57139,empty spell text
GameObject,57140,empty spell text
GameObject,57141,empty spell text
GameObject,57142,empty spell text
GameObject,57143,empty spell text
GameObject,57160,SlamWave
GameObject,57161,SlamWave
GameObject,57519,highest wave
GameObject,57604,Image (1)
GameObject,57605,Image (1)
GameObject,57606,Image (1)
GameObject,57607,Image (1)
GameObject,57608,Image (1)
GameObject,57609,Image (1)
GameObject,57610,Image (1)
GameObject,57611,Image (1)
GameObject,57612,Image (1)
GameObject,57691,hero (2)
GameObject,57692,hero (2)
GameObject,57693,hero (2)
GameObject,57694,hero (2)
GameObject,57695,hero (2)
GameObject,57696,hero (2)
GameObject,57697,hero (2)
GameObject,57698,hero (2)
GameObject,57699,hero (2)
GameObject,57897,hero (1)
GameObject,58000,damage text (15)
GameObject,58001,damage text (15)
GameObject,58023,hero (5)
GameObject,58186,immune range
GameObject,58240,empty spell text
GameObject,58402,Alien Galaxia (ultimus boss) (blue melee)
GameObject,58440,hero (6)
GameObject,58441,hero (6)
GameObject,58442,hero (6)
GameObject,58443,hero (6)
GameObject,58444,hero (6)
GameObject,58445,hero (6)
GameObject,58446,hero (6)
GameObject,58447,hero (6)
GameObject,58460,Ancient Shadow (rune boss)
GameObject,58461,hero (5)
GameObject,58462,hero (5)
GameObject,58463,hero (5)
GameObject,58464,hero (5)
GameObject,58465,hero (5)
GameObject,58466,hero (5)
GameObject,58467,hero (5)
GameObject,58468,hero (5)
GameObject,58501,hero (7)
GameObject,58553,hero (1)
GameObject,58554,hero (1)
GameObject,58555,hero (1)
GameObject,58556,hero (1)
GameObject,58557,hero (1)
GameObject,58558,hero (1)
GameObject,58559,hero (1)
GameObject,58560,hero (1)
GameObject,58728,hero name text
GameObject,58729,hero name text
GameObject,58730,hero name text
GameObject,58731,hero name text
GameObject,58732,hero name text
GameObject,58733,hero name text
GameObject,58886,hero name bg
GameObject,58890,map image
GameObject,58929,runes text
GameObject,58930,runes text
GameObject,58931,runes text
GameObject,58932,runes text
GameObject,58933,runes text
GameObject,58934,runes text
GameObject,58935,runes text
GameObject,58936,runes text
GameObject,58937,runes text
GameObject,58938,runes text
GameObject,58939,runes text
GameObject,58940,runes text
GameObject,58941,runes text
GameObject,58942,runes text
GameObject,59281,hero frame (0)
GameObject,59282,hero frame (0)
GameObject,59283,hero frame (0)
GameObject,59284,hero frame (0)
GameObject,59285,hero frame (0)
GameObject,59286,hero frame (0)
GameObject,59299,locked wave req (1)
GameObject,59394,hero name bg
GameObject,59409,map image
GameObject,59410,map image
GameObject,59411,map image
GameObject,59412,map image
GameObject,59413,map image
GameObject,59414,map image
GameObject,59415,map image
GameObject,59416,map image
GameObject,59487,Goblin Trooper Mage (gold boss)
GameObject,59602,Soul Mage
GameObject,59933,gems text
GameObject,60015,in range border
GameObject,60027,damage text (4)
GameObject,60028,damage text (4)
GameObject,60029,damage text (4)
GameObject,60030,damage text (4)
GameObject,60031,damage text (4)
GameObject,60032,damage text (4)
GameObject,60033,damage text (4)
GameObject,60034,damage text (4)
GameObject,60035,damage text (4)
GameObject,60036,damage text (4)
GameObject,60037,damage text (4)
GameObject,60038,damage text (4)
GameObject,60039,damage text (4)
GameObject,60040,damage text (4)
GameObject,60041,damage text (4)
GameObject,60042,damage text (4)
GameObject,60043,damage text (4)
GameObject,60044,damage text (4)
GameObject,60045,damage text (4)
GameObject,60046,damage text (4)
GameObject,60047,damage text (4)
GameObject,60048,damage text (4)
GameObject,60049,damage text (4)
GameObject,60050,damage text (4)
GameObject,60051,damage text (4)
GameObject,60052,damage text (4)
GameObject,60053,damage text (4)
GameObject,60054,damage text (4)
GameObject,60055,damage text (4)
GameObject,60056,damage text (4)
GameObject,60057,damage text (4)
GameObject,60058,damage text (4)
GameObject,60059,damage text (4)
GameObject,60060,damage text (4)
GameObject,60061,damage text (4)
GameObject,60062,damage text (4)
GameObject,60063,damage text (4)
GameObject,60064,damage text (4)
GameObject,60065,damage text (4)
GameObject,60066,damage text (4)
GameObject,60067,damage text (4)
GameObject,60068,damage text (4)
GameObject,60069,damage text (4)
GameObject,60070,damage text (4)
GameObject,60071,damage text (4)
GameObject,60072,damage text (4)
GameObject,60073,damage text (4)
GameObject,60074,damage text (4)
GameObject,60075,damage text (4)
GameObject,60486,damage text (8)
GameObject,60638,damage text (20)
GameObject,60639,damage text (20)
GameObject,60640,damage text (20)
GameObject,60641,damage text (20)
GameObject,60642,damage text (20)
GameObject,60643,damage text (20)
GameObject,60644,damage text (20)
GameObject,60645,damage text (20)
GameObject,60646,damage text (20)
GameObject,60981,supreme ultimus (1)
GameObject,61036,Alien Wreck
GameObject,61209,exp icon
GameObject,61210,exp icon
GameObject,61244,Image
GameObject,61298,hero frame (0)
GameObject,61299,hero frame (0)
GameObject,61300,hero frame (0)
GameObject,61301,hero frame (0)
GameObject,61302,hero frame (0)
GameObject,61303,hero frame (0)
GameObject,61458,damage text (9)
GameObject,61480,hero name bg
GameObject,61481,damage text
GameObject,61670,hero name text
GameObject,61698,damage text (8)
GameObject,61842,damage text (3)
GameObject,61843,Mimic Chest Gold
GameObject,61845,Fire Mage
GameObject,61863,hero (3)
GameObject,61946,empty spell text
GameObject,61989,alien tech
GameObject,61990,shadow runes
GameObject,61991,spell cd
GameObject,61992,kill exp
GameObject,61993,producer energy
GameObject,61994,ultimus tokens
GameObject,61996,skill power
GameObject,61999,wave perk waves
GameObject,62000,trainer exp
GameObject,62001,kill gold
GameObject,62002,skill cd
GameObject,62003,battlepass exp
GameObject,62004,hoarder gold
GameObject,62006,producer spawns
GameObject,62008,prestige power
GameObject,62009,range
GameObject,62010,energy income
GameObject,62227,gold 3
GameObject,62228,progressive exp
GameObject,62229,hoarder gold
GameObject,62230,boss gold
GameObject,62231,intro skip prestige
GameObject,62233,supreme shards
GameObject,62234,damage 2
GameObject,62235,boss exp max level
GameObject,62236,ultimus drop
GameObject,62237,prestige 2
GameObject,62238,rune rarity
GameObject,62239,sup producer chance
GameObject,62241,boss exp
GameObject,62244,energy income
GameObject,62245,energy income
GameObject,62246,boss gold max level
GameObject,62247,trainer exp
GameObject,62248,boss rush waves
GameObject,62250,skill duration
GameObject,62252,kill gold 1
GameObject,62254,gold 2
GameObject,62255,gold 1 bonus
GameObject,62256,wave perk rerolls
GameObject,62258,prestige 1 bonus
GameObject,62259,spell duration
GameObject,62261,kill exp
GameObject,62264,sup trainer chance
GameObject,62265,skill cd
GameObject,62266,prestige points
GameObject,62268,range
GameObject,62271,kill exp bonus
GameObject,62272,gold 2 bonus
GameObject,62273,spell cd
GameObject,62274,boss dmg
GameObject,62275,sup goblin chance
GameObject,62277,"information button (info, skills, overall stats, milestones)"
GameObject,62349,Soul Mage
GameObject,62350,Soul Mage
GameObject,62351,Soul Mage
GameObject,62352,Soul Mage
GameObject,62353,Soul Mage
GameObject,62354,Soul Mage
GameObject,62355,Soul Mage
GameObject,62356,Soul Mage
GameObject,62357,Soul Mage
GameObject,62358,Soul Mage
GameObject,62456,Male Mage 02
GameObject,62631,hero (9)
GameObject,62632,hero (9)
GameObject,62633,hero (9)
GameObject,62634,hero (9)
GameObject,62635,hero (9)
GameObject,62636,hero (9)
GameObject,62637,hero (9)
GameObject,62638,hero (9)
GameObject,62929,upgrade button (any function)
GameObject,62930,upgrade button (any function)
GameObject,62931,upgrade button (any function)
GameObject,62932,upgrade button (any function)
GameObject,62933,upgrade button (any function)
GameObject,62934,upgrade button (any function)
GameObject,62935,upgrade button (any function)
GameObject,62936,upgrade button (any function)
GameObject,62937,upgrade button (any function)
GameObject,62938,upgrade button (any function)
GameObject,62939,upgrade button (any function)
GameObject,62940,upgrade button (any function)
GameObject,62941,upgrade button (any function)
GameObject,62942,upgrade button (any function)
GameObject,62943,upgrade button (any function)
GameObject,62944,upgrade button (any function)
GameObject,63289,Goblin Trooper
GameObject,63290,damage text (14)
GameObject,63291,damage text (14)
GameObject,63345,empty spell text
GameObject,63346,damage text (6)
GameObject,63980,gold text
GameObject,63981,gold text
GameObject,63982,gold text
GameObject,63983,gold text
GameObject,63984,gold text
GameObject,63985,gold text
GameObject,63986,gold text
GameObject,63987,gold text
GameObject,63988,gold text
GameObject,63989,gold text
GameObject,63990,gold text
GameObject,63991,gold text
GameObject,63992,gold text
GameObject,63993,gold text
GameObject,64015,Female Mage 03
GameObject,64198,damage text (12)
GameObject,64199,damage text (12)
GameObject,64233,damage text (1)
GameObject,64275,Alien Big Blink
GameObject,64578,forester - bleed
GameObject,64675,damage text (6)
GameObject,64746,damage text (5)
GameObject,64747,damage text (5)
GameObject,64899,hero (5)
GameObject,64949,damage text (6)
GameObject,64952,damage text (9)
GameObject,65068,gold icon
GameObject,65336,hero frame (1)
GameObject,65788,damage text (12)
GameObject,65789,damage text (12)
GameObject,65790,damage text (12)
GameObject,65791,damage text (12)
GameObject,65792,damage text (12)
GameObject,65793,damage text (12)
GameObject,65794,damage text (12)
GameObject,65795,damage text (12)
GameObject,65796,damage text (12)
GameObject,65930,Shadow
GameObject,66005,Shadow
GameObject,66006,Shadow
GameObject,66007,Shadow
GameObject,66008,Shadow
GameObject,66009,Shadow
GameObject,66010,Shadow
GameObject,66011,Shadow
GameObject,66074,damage text (2)
GameObject,66075,damage text (2)
GameObject,66076,damage text (2)
GameObject,66077,damage text (2)
GameObject,66078,damage text (2)
GameObject,66079,damage text (2)
GameObject,66080,damage text (2)
GameObject,66081,damage text (2)
GameObject,66082,damage text (2)
GameObject,66083,damage text (2)
GameObject,66084,damage text (2)
GameObject,66085,damage text (2)
GameObject,66086,damage text (2)
GameObject,66087,damage text (2)
GameObject,66088,damage text (2)
GameObject,66089,damage text (2)
GameObject,66090,damage text (2)
GameObject,66091,damage text (2)
GameObject,66092,damage text (2)
GameObject,66093,damage text (2)
GameObject,66094,damage text (2)
GameObject,66095,damage text (2)
GameObject,66096,damage text (2)
GameObject,66097,damage text (2)
GameObject,66098,damage text (2)
GameObject,66099,damage text (2)
GameObject,66100,damage text (2)
GameObject,66101,damage text (2)
GameObject,66102,damage text (2)
GameObject,66103,damage text (2)
GameObject,66104,damage text (2)
GameObject,66105,damage text (2)
GameObject,66106,damage text (2)
GameObject,66107,damage text (2)
GameObject,66108,damage text (2)
GameObject,66109,damage text (2)
GameObject,66110,damage text (2)
GameObject,66111,damage text (2)
GameObject,66112,damage text (2)
GameObject,66113,damage text (2)
GameObject,66114,damage text (2)
GameObject,66115,damage text (2)
GameObject,66116,damage text (2)
GameObject,66117,damage text (2)
GameObject,66118,damage text (2)
GameObject,66119,damage text (2)
GameObject,66120,damage text (2)
GameObject,66121,damage text (2)
GameObject,66122,damage text (2)
GameObject,66196,hero name bg
GameObject,66304,energy icon
GameObject,66460,damage text (17)
GameObject,66594,hero (1)
GameObject,66595,hero (1)
GameObject,66596,hero (1)
GameObject,66597,hero (1)
GameObject,66598,hero (1)
GameObject,66599,hero (1)
GameObject,66600,hero (1)
GameObject,66601,hero (1)
GameObject,66630,hero icon
GameObject,66631,hero icon
GameObject,66632,hero icon
GameObject,66633,hero icon
GameObject,66634,hero icon
GameObject,66635,hero icon
GameObject,66636,hero icon
GameObject,66637,hero icon
GameObject,66638,hero icon
GameObject,66639,hero icon
GameObject,66640,hero icon
GameObject,66641,hero icon
GameObject,66642,hero icon
GameObject,66643,hero icon
GameObject,66644,hero icon
GameObject,66645,hero icon
GameObject,66646,hero icon
GameObject,66647,hero icon
GameObject,66648,hero icon
GameObject,66649,hero icon
GameObject,66650,hero icon
GameObject,66651,hero icon
GameObject,66652,hero icon
GameObject,66653,hero icon
GameObject,66654,hero icon
GameObject,66655,hero icon
GameObject,66656,hero icon
GameObject,66657,hero icon
GameObject,66658,hero icon
GameObject,66659,hero icon
GameObject,66660,hero icon
GameObject,66661,hero icon
GameObject,66662,hero icon
GameObject,66663,hero icon
GameObject,66664,hero icon
GameObject,66665,hero icon
GameObject,66666,hero icon
GameObject,66667,hero icon
GameObject,66668,hero icon
GameObject,66669,hero icon
GameObject,66670,hero icon
GameObject,66927,hero (10)
GameObject,66928,hero (10)
GameObject,66929,hero (10)
GameObject,66930,hero (10)
GameObject,66931,hero (10)
GameObject,66932,hero (10)
GameObject,66933,hero (10)
GameObject,66934,hero (10)
GameObject,66935,hero (10)
GameObject,66991,range projectile - SharpMissileGreen (24)
GameObject,66992,range projectile - SharpMissileGreen (26)
GameObject,66993,range projectile - SharpMissileGreen (11)
GameObject,66994,range projectile - SharpMissileGreen (23)
GameObject,66995,range projectile - SharpMissileGreen (29)
GameObject,66996,range projectile - SharpMissileGreen (21)
GameObject,66997,range projectile - SharpMissileGreen (13)
GameObject,66998,range projectile - SharpMissileGreen (40)
GameObject,66999,range projectile - SharpMissileGreen (33)
GameObject,67000,range projectile - SharpMissileGreen (35)
GameObject,67001,range projectile - SharpMissileGreen (12)
GameObject,67002,range projectile - SharpMissileGreen (4)
GameObject,67003,range projectile - SharpMissileGreen (8)
GameObject,67004,range projectile - SharpMissileGreen (10)
GameObject,67005,range projectile - SharpMissileGreen (18)
GameObject,67006,range projectile - SharpMissileGreen (27)
GameObject,67007,range projectile - SharpMissileGreen (25)
GameObject,67008,range projectile - SharpMissileGreen (9)
GameObject,67009,range projectile - SharpMissileGreen (7)
GameObject,67010,range projectile - SharpMissileGreen (3)
GameObject,67011,range projectile - SharpMissileGreen (30)
GameObject,67012,range projectile - SharpMissileGreen (6)
GameObject,67013,range projectile - SharpMissileGreen (32)
GameObject,67014,range projectile - SharpMissileGreen (36)
GameObject,67015,range projectile - SharpMissileGreen (31)
GameObject,67016,range projectile - SharpMissileGreen (34)
GameObject,67017,range projectile - SharpMissileGreen (38)
GameObject,67018,range projectile - SharpMissileGreen (17)
GameObject,67019,range projectile - SharpMissileGreen (22)
GameObject,67020,range projectile - SharpMissileGreen (2)
GameObject,67021,range projectile - SharpMissileGreen (28)
GameObject,67022,range projectile - SharpMissileGreen (16)
GameObject,67023,range projectile - SharpMissileGreen (20)
GameObject,67024,range projectile - SharpMissileGreen (14)
GameObject,67025,range projectile - SharpMissileGreen (39)
GameObject,67026,range projectile - SharpMissileGreen (5)
GameObject,67027,range projectile - SharpMissileGreen (19)
GameObject,67028,range projectile - SharpMissileGreen (1)
GameObject,67029,range projectile - SharpMissileGreen (15)
GameObject,67030,range projectile - SharpMissileGreen (37)
GameObject,67070,power mages
GameObject,67071,exp boost
GameObject,67072,ancient shadows
GameObject,67073,auto wave perks
GameObject,67074,supreme shadow
GameObject,67076,gold boost
GameObject,67077,damage boost
GameObject,67078,wave bosses
GameObject,67079,exotic aliens
GameObject,67080,ultimus boss
GameObject,67082,goblin hoarders
GameObject,67083,energy boost
GameObject,67084,auto prestige
GameObject,67107,range icon
GameObject,67108,range icon
GameObject,67109,range icon
GameObject,67110,range icon
GameObject,67111,range icon
GameObject,67112,range icon
GameObject,67113,range icon
GameObject,67114,range icon
GameObject,67115,range icon
GameObject,67116,range icon
GameObject,67117,range icon
GameObject,67118,range icon
GameObject,67119,range icon
GameObject,67120,range icon
GameObject,67121,range icon
GameObject,67122,range icon
GameObject,67123,range icon
GameObject,67124,range icon
GameObject,67125,range icon
GameObject,67126,range icon
GameObject,67127,range icon
GameObject,67128,range icon
GameObject,67129,range icon
GameObject,67130,range icon
GameObject,67131,range icon
GameObject,67132,range icon
GameObject,67133,range icon
GameObject,67134,range icon
GameObject,67135,range icon
GameObject,67136,range icon
GameObject,67137,range icon
GameObject,67138,range icon
GameObject,67139,range icon
GameObject,67140,range icon
GameObject,67141,range icon
GameObject,67142,range icon
GameObject,67143,range icon
GameObject,67144,range icon
GameObject,67145,range icon
GameObject,67146,range icon
GameObject,67147,range icon
GameObject,67179,res panel (prestige)
GameObject,67181,res panel (energy)
GameObject,67183,res panel (gems)
GameObject,67185,res panel (runes)
GameObject,67187,res panel (ultimus tokens)
GameObject,67330,hero frame (0)
GameObject,67456,Alien Galaxia
GameObject,67523,Mimic Chest Gold (3)
GameObject,67524,Mimic Chest Gold (2)
GameObject,67525,Mimic Chest Gold (5)
GameObject,67526,Mimic Chest Gold (1)
GameObject,67527,Mimic Chest Gold (4)
GameObject,67559,range icon
GameObject,67708,Training Dummy golden variant (2)
GameObject,67709,Training Dummy golden variant (1)
GameObject,67813,locked wave req
GameObject,67814,locked wave req
GameObject,67815,locked wave req
GameObject,67816,locked wave req
GameObject,67817,locked wave req
GameObject,67818,locked wave req
GameObject,67819,locked wave req
GameObject,67820,locked wave req
GameObject,67821,locked wave req
GameObject,67822,locked wave req
GameObject,67823,locked wave req
GameObject,67824,locked wave req
GameObject,67825,locked wave req
GameObject,67826,locked wave req
GameObject,67827,locked wave req
GameObject,67828,locked wave req
GameObject,67829,locked wave req
GameObject,67830,locked wave req
GameObject,67831,locked wave req
GameObject,67832,locked wave req
GameObject,67833,locked wave req
GameObject,67834,locked wave req
GameObject,67835,locked wave req
GameObject,67836,locked wave req
GameObject,67837,locked wave req
GameObject,67838,locked wave req
GameObject,67839,locked wave req
GameObject,67840,locked wave req
GameObject,67841,locked wave req
GameObject,67842,locked wave req
GameObject,67843,locked wave req
GameObject,67844,locked wave req
GameObject,67845,locked wave req
GameObject,67846,locked wave req
GameObject,67847,locked wave req
GameObject,67848,locked wave req
GameObject,67849,locked wave req
GameObject,67850,locked wave req
GameObject,67851,locked wave req
GameObject,67852,locked wave req
GameObject,67853,locked wave req
GameObject,67854,locked wave req
GameObject,67855,locked wave req
GameObject,67856,locked wave req
GameObject,67857,locked wave req
GameObject,67858,locked wave req
GameObject,67859,locked wave req
GameObject,67860,locked wave req
GameObject,67861,locked wave req
GameObject,67862,locked wave req
GameObject,67863,locked wave req
GameObject,67864,locked wave req
GameObject,67865,locked wave req
GameObject,67866,locked wave req
GameObject,67867,locked wave req
GameObject,67868,locked wave req
GameObject,67869,locked wave req
GameObject,67889,rune icon
GameObject,67890,rune icon
GameObject,67891,rune icon
GameObject,67892,rune icon
GameObject,67893,rune icon
GameObject,67894,rune icon
GameObject,67895,rune icon
GameObject,67896,rune icon
GameObject,67897,rune icon
GameObject,67898,rune icon
GameObject,67899,rune icon
GameObject,67900,rune icon
GameObject,67901,rune icon
GameObject,67902,rune icon
GameObject,68154,Shield Gem Aqua
GameObject,68238,hero name text
GameObject,68239,hero name text
GameObject,68240,hero name text
GameObject,68241,hero name text
GameObject,68242,hero name text
GameObject,68243,hero name text
GameObject,68246,hero frame (1)
GameObject,68359,supreme tech amount
GameObject,68360,prestige power
GameObject,68362,wave perk bonus
GameObject,68363,kill gold
GameObject,68364,map perks
GameObject,68365,alien tech
GameObject,68366,boss exp
GameObject,68367,training dummy exp
GameObject,68368,ultra gold amount
GameObject,68369,skill power
GameObject,68372,supreme runes amount
GameObject,68373,rank exp (%)
GameObject,68374,boss gold
GameObject,68375,instant spell cd
GameObject,68378,ultimus tokens
GameObject,68379,hero level cost
GameObject,68380,extra boss chance
GameObject,68382,ultra energy amount
GameObject,68383,energy income
GameObject,68385,mimic energy
GameObject,68386,battlepass exp
GameObject,68590,damage text (15)
GameObject,68591,damage text (15)
GameObject,68592,damage text (15)
GameObject,68593,damage text (15)
GameObject,68594,damage text (15)
GameObject,68595,damage text (15)
GameObject,68596,damage text (15)
GameObject,68597,damage text (15)
GameObject,68598,damage text (15)
GameObject,68604,damage text (14)
GameObject,68605,damage text (14)
GameObject,68606,damage text (14)
GameObject,68607,damage text (14)
GameObject,68608,damage text (14)
GameObject,68609,damage text (14)
GameObject,68610,damage text (14)
GameObject,68611,damage text (14)
GameObject,68612,damage text (14)
GameObject,68645,active upgrade panel
GameObject,68646,active upgrade panel
GameObject,68647,active upgrade panel
GameObject,68648,Cactus Boss
GameObject,68664,spell (5)
GameObject,68665,spell (5)
GameObject,68666,spell (5)
GameObject,68667,spell (5)
GameObject,68668,spell (5)
GameObject,68669,spell (5)
GameObject,68771,MagicWaves2
GameObject,69224,damage text (17)
GameObject,69225,damage text (17)
GameObject,69226,damage text (17)
GameObject,69227,damage text (17)
GameObject,69228,damage text (17)
GameObject,69229,damage text (17)
GameObject,69230,damage text (17)
GameObject,69231,damage text (17)
GameObject,69232,damage text (17)
GameObject,69271,Alien Galaxia
GameObject,69272,Alien Galaxia
GameObject,69273,Alien Galaxia
GameObject,69274,Alien Galaxia
GameObject,69275,Alien Galaxia
GameObject,69276,Alien Galaxia
GameObject,69329,Alien Big Blink
GameObject,69330,Alien Big Blink
GameObject,69331,Alien Big Blink
GameObject,69332,Alien Big Blink
GameObject,69333,Alien Big Blink
GameObject,69334,Alien Big Blink
GameObject,69335,Alien Big Blink
GameObject,69336,Alien Big Blink
GameObject,69337,Alien Big Blink
GameObject,69338,Alien Big Blink
GameObject,69654,hero req text
GameObject,69655,hero req text
GameObject,69656,hero req text
GameObject,69657,hero req text
GameObject,69658,hero req text
GameObject,69659,hero req text
GameObject,69660,hero req text
GameObject,69661,hero req text
GameObject,69662,hero req text
GameObject,69671,wave req cover
GameObject,69782,immune melee
GameObject,69785,damage text (18)
GameObject,69786,damage text (18)
GameObject,69787,damage text (18)
GameObject,69788,damage text (18)
GameObject,69789,damage text (18)
GameObject,69790,damage text (18)
GameObject,69791,damage text (18)
GameObject,69792,damage text (18)
GameObject,69793,damage text (18)
GameObject,69925,Bow Apprentice
GameObject,69958,hero (4)
GameObject,69959,hero (4)
GameObject,69960,hero (4)
GameObject,69961,hero (4)
GameObject,69962,hero (4)
GameObject,69963,hero (4)
GameObject,69964,hero (4)
GameObject,69965,hero (4)
GameObject,69966,hero (4)
GameObject,70129,super energy amt
GameObject,70130,super gold chance
GameObject,70132,instant skill chance
GameObject,70133,mastery skill power
GameObject,70136,boss rush skip
GameObject,70137,range
GameObject,70138,battlepass exp
GameObject,70139,mastery exp melee
GameObject,70140,range
GameObject,70142,gold
GameObject,70143,rank exp %
GameObject,70144,energy income
GameObject,70145,skills group (6)
GameObject,70146,power mage spawns
GameObject,70147,power mage golden chance
GameObject,70148,instant spell chance
GameObject,70149,trainer spawns
GameObject,70150,prestige power
GameObject,70152,power mage cd
GameObject,70154,super energy chance
GameObject,70158,mimic boss chance
GameObject,70160,extra boss chance
GameObject,70161,skill cd
GameObject,70162,energy group (4)
GameObject,70163,mastery exp range
GameObject,70165,gold group (2)
GameObject,70166,instant spell chance
GameObject,70168,wave perk waves
GameObject,70170,super gold amt
GameObject,70171,mimic exp
GameObject,70172,mastery skill power
GameObject,70173,skill power %
GameObject,70174,mastery exp mage
GameObject,70175,boss group (5)
GameObject,70176,exp group (3)
GameObject,70177,damage
GameObject,70178,super exp amt
GameObject,70180,super exp chance
GameObject,70181,spell cd
GameObject,70182,wave perk effect
GameObject,70445,Image
GameObject,70446,Image
GameObject,70447,Image
GameObject,70448,Image
GameObject,70449,Image
GameObject,70450,Image
GameObject,70451,Image
GameObject,70452,Image
GameObject,70453,Image
GameObject,70724,hero (5)
GameObject,70725,hero (5)
GameObject,70726,hero (5)
GameObject,70727,hero (5)
GameObject,70728,hero (5)
GameObject,70729,hero (5)
GameObject,70730,hero (5)
GameObject,70731,hero (5)
GameObject,70732,hero (5)
GameObject,70875,Ice Mage
GameObject,70876,damage text (5)
GameObject,70909,damage text (1)
GameObject,70910,damage text (1)
GameObject,70911,damage text (1)
GameObject,70912,damage text (1)
GameObject,70913,damage text (1)
GameObject,70914,damage text (1)
GameObject,70915,damage text (1)
GameObject,70916,damage text (1)
GameObject,70917,damage text (1)
GameObject,70918,exp icon
GameObject,70919,damage text (16)
GameObject,70920,damage text (16)
GameObject,70921,damage text (16)
GameObject,70922,damage text (16)
GameObject,70923,damage text (16)
GameObject,70924,damage text (16)
GameObject,70925,damage text (16)
GameObject,70926,damage text (16)
GameObject,70927,damage text (16)
GameObject,70948,function upgrade cell (v2) (3)
GameObject,70949,function upgrade cell (v2) (2)
GameObject,70950,function upgrade cell (v2) (1)
GameObject,70951,function upgrade cell (v2) (4)
GameObject,70971,viking (1h sword medium)
GameObject,71397,MysticExplosionWhite
GameObject,71439,hunter (slow)
GameObject,71559,sniper - explosive shot (2)
GameObject,71560,sniper - explosive shot (1)
GameObject,71567,Cactus Boss
GameObject,71568,Cactus Boss
GameObject,71569,Cactus Boss
GameObject,71570,Cactus Boss
GameObject,71571,Cactus Boss
GameObject,71572,Cactus Boss
GameObject,71573,Cactus Boss
GameObject,71574,Cactus Boss
GameObject,71575,Cactus Boss
GameObject,71576,Cactus Boss
GameObject,71580,damage text (8)
GameObject,71581,damage text (8)
GameObject,71582,damage text (8)
GameObject,71583,damage text (8)
GameObject,71584,damage text (8)
GameObject,71585,damage text (8)
GameObject,71586,damage text (8)
GameObject,71587,damage text (8)
GameObject,71588,damage text (8)
GameObject,72333,hero name bg
GameObject,72334,hero name bg
GameObject,72335,hero name bg
GameObject,72336,hero name bg
GameObject,72337,hero name bg
GameObject,72338,hero name bg
GameObject,72477,ballista - exp aura (2)
GameObject,72478,ballista - exp aura (1)
GameObject,72521,damage
GameObject,72573,damage text (20)
GameObject,72936,immune mage
GameObject,72937,immune mage
GameObject,72938,hero (6)
GameObject,73030,MysticExplosionWhite
GameObject,73075,power mage golden variant (2)
GameObject,73076,power mage golden variant (3)
GameObject,73077,power mage golden variant (1)
GameObject,73125,Gold 01
GameObject,73126,Gold 01
GameObject,73127,Gold 01
GameObject,73128,Gold 01
GameObject,73129,Gold 01
GameObject,73130,Gold 01
GameObject,73131,Gold 01
GameObject,73132,Gold 01
GameObject,73133,Gold 01
GameObject,73134,Gold 01
GameObject,73135,Gold 01
GameObject,73136,Gold 01
GameObject,73137,Gold 01
GameObject,73138,Gold 01
GameObject,73139,Gold 01
GameObject,73150,hero frame (0)
GameObject,73151,hero frame (0)
GameObject,73152,hero frame (0)
GameObject,73153,hero frame (0)
GameObject,73154,hero frame (0)
GameObject,73155,hero frame (0)
GameObject,73156,hero frame (0)
GameObject,73258,hero icon
GameObject,73406,hero (6)
GameObject,73408,damage text (7)
GameObject,73409,damage text (7)
GameObject,73486,new rune cell (1)
GameObject,73487,damage text (4)
GameObject,73488,damage text (4)
GameObject,73795,spell instant refresh text
GameObject,73817,immune melee
GameObject,73818,immune melee
GameObject,73951,skill effect icons panel
GameObject,73952,skill effect icons panel
GameObject,73953,skill effect icons panel
GameObject,73954,skill effect icons panel
GameObject,73955,skill effect icons panel
GameObject,73956,skill effect icons panel
GameObject,73957,skill effect icons panel
GameObject,73958,skill effect icons panel
GameObject,73959,skill effect icons panel
GameObject,73960,skill effect icons panel
GameObject,73961,skill effect icons panel
GameObject,73962,skill effect icons panel
GameObject,73963,skill effect icons panel
GameObject,73964,skill effect icons panel
GameObject,73965,skill effect icons panel
GameObject,73966,skill effect icons panel
GameObject,73967,skill effect icons panel
GameObject,73968,skill effect icons panel
GameObject,73969,skill effect icons panel
GameObject,73970,skill effect icons panel
GameObject,73971,skill effect icons panel
GameObject,73972,skill effect icons panel
GameObject,73973,skill effect icons panel
GameObject,73974,skill effect icons panel
GameObject,73975,skill effect icons panel
GameObject,73976,skill effect icons panel
GameObject,73977,skill effect icons panel
GameObject,73978,skill effect icons panel
GameObject,73979,skill effect icons panel
GameObject,73980,skill effect icons panel
GameObject,73981,skill effect icons panel
GameObject,73982,skill effect icons panel
GameObject,73983,skill effect icons panel
GameObject,73984,skill effect icons panel
GameObject,73985,skill effect icons panel
GameObject,73986,skill effect icons panel
GameObject,73987,skill effect icons panel
GameObject,73988,skill effect icons panel
GameObject,73989,skill effect icons panel
GameObject,73990,skill effect icons panel
GameObject,73991,skill effect icons panel
GameObject,74085,sniper - explosive shot
GameObject,74192,Training Dummy (exp boss)
GameObject,74214,hero (9)
GameObject,74262,hero (6)
GameObject,74263,hero (6)
GameObject,74264,hero (6)
GameObject,74265,hero (6)
GameObject,74266,hero (6)
GameObject,74267,hero (6)
GameObject,74268,hero (6)
GameObject,74269,hero (6)
GameObject,74694,damage 1
GameObject,74828,kill exp
GameObject,74830,ultimus rewards
GameObject,74832,kill gold
GameObject,74835,skill power
GameObject,74836,ultimus cd
GameObject,74839,rune reward
GameObject,74841,prestige power
GameObject,74842,alien shadow hp scaling
GameObject,74843,battlepass exp
GameObject,74844,energy income
GameObject,74845,rune rarity
GameObject,74902,empty spell text
GameObject,74903,empty spell text
GameObject,74904,empty spell text
GameObject,74905,empty spell text
GameObject,74906,empty spell text
GameObject,74907,empty spell text
GameObject,75000,hero name bg
GameObject,75001,hero name bg
GameObject,75002,hero name bg
GameObject,75003,hero name bg
GameObject,75004,hero name bg
GameObject,75005,hero name bg
GameObject,75222,useSkill - MagicCircleSimpleBlue
GameObject,75564,archer - exp bonus (2)
GameObject,75565,archer - exp bonus (1)
GameObject,75699,damage 1
GameObject,75730,druid (battle)
GameObject,75815,upgrade title
GameObject,75816,upgrade title
GameObject,75817,upgrade title
GameObject,75818,upgrade title
GameObject,76024,empty spell text
GameObject,76025,empty spell text
GameObject,76026,empty spell text
GameObject,76027,empty spell text
GameObject,76028,empty spell text
GameObject,76029,empty spell text
GameObject,76246,Mask Shadowy Red
GameObject,76248,build viking
GameObject,76357,battlemage (battle)
GameObject,76373,Male Mage 02
GameObject,76449,damage text (19)
GameObject,76450,damage text (19)
GameObject,76508,hero name bg
GameObject,76564,hero dmg
GameObject,76896,locked wave req
GameObject,77009,hero name bg
GameObject,77046,starter task highlight (unlock spell)
GameObject,77047,starter task highlight (unlock spell)
GameObject,77048,starter task highlight (unlock spell)
GameObject,77049,starter task highlight (unlock spell)
GameObject,77050,starter task highlight (unlock spell)
GameObject,77051,starter task highlight (unlock spell)
GameObject,77052,starter task highlight (unlock spell)
GameObject,77053,starter task highlight (unlock spell)
GameObject,77054,starter task highlight (unlock spell)
GameObject,77055,starter task highlight (unlock spell)
GameObject,77056,starter task highlight (unlock spell)
GameObject,77057,starter task highlight (unlock spell)
GameObject,77383,damage text (19)
GameObject,77670,Supreme Shadow (supreme runes) (7)
GameObject,77671,Supreme Shadow (supreme runes) (2)
GameObject,77672,Supreme Shadow (supreme runes) (5)
GameObject,77673,Supreme Shadow (supreme runes) (1)
GameObject,77674,Supreme Shadow (supreme runes) (4)
GameObject,77675,Supreme Shadow (supreme runes) (3)
GameObject,77676,Supreme Shadow (supreme runes) (6)
GameObject,77688,crusader - golden arrows (1)
GameObject,77689,crusader - golden arrows (2)
GameObject,77691,Image
GameObject,77692,Image
GameObject,77693,Image
GameObject,77694,Image
GameObject,77695,Image
GameObject,77696,Image
GameObject,77697,Image
GameObject,77698,Image
GameObject,77699,Image
GameObject,77777,LightningExplosionGreen
GameObject,77881,hero name bg
GameObject,77882,hero name bg
GameObject,77883,hero name bg
GameObject,77884,hero name bg
GameObject,77885,hero name bg
GameObject,77886,hero name bg
GameObject,77887,hero name bg
GameObject,77948,Ancient Shadow (rune boss) (3)
GameObject,77949,Ancient Shadow (rune boss) (5)
GameObject,77950,Ancient Shadow (rune boss) (4)
GameObject,77951,Ancient Shadow (rune boss) (8)
GameObject,77952,Ancient Shadow (rune boss) (10)
GameObject,77953,Ancient Shadow (rune boss) (2)
GameObject,77954,Ancient Shadow (rune boss) (1)
GameObject,77955,Ancient Shadow (rune boss) (9)
GameObject,77956,Ancient Shadow (rune boss) (7)
GameObject,77957,Ancient Shadow (rune boss) (6)
GameObject,78201,Supreme Alien (supreme tech)
GameObject,78208,Power Stone Spell
GameObject,78209,Power Stone Spell
GameObject,78235,energy icon
GameObject,78320,damage text (6)
GameObject,78321,damage text (6)
GameObject,78322,damage text (6)
GameObject,78323,damage text (6)
GameObject,78324,damage text (6)
GameObject,78325,damage text (6)
GameObject,78326,damage text (6)
GameObject,78327,damage text (6)
GameObject,78328,damage text (6)
GameObject,78329,damage text (6)
GameObject,78330,damage text (6)
GameObject,78331,damage text (6)
GameObject,78332,damage text (6)
GameObject,78333,damage text (6)
GameObject,78334,damage text (6)
GameObject,78335,damage text (6)
GameObject,78336,damage text (6)
GameObject,78337,damage text (6)
GameObject,78338,damage text (6)
GameObject,78339,damage text (6)
GameObject,78340,damage text (6)
GameObject,78341,damage text (6)
GameObject,78342,damage text (6)
GameObject,78343,damage text (6)
GameObject,78344,damage text (6)
GameObject,78345,damage text (6)
GameObject,78346,damage text (6)
GameObject,78347,damage text (6)
GameObject,78348,damage text (6)
GameObject,78349,damage text (6)
GameObject,78350,damage text (6)
GameObject,78351,damage text (6)
GameObject,78352,damage text (6)
GameObject,78353,damage text (6)
GameObject,78354,damage text (6)
GameObject,78355,damage text (6)
GameObject,78356,damage text (6)
GameObject,78357,damage text (6)
GameObject,78358,damage text (6)
GameObject,78359,damage text (6)
GameObject,78360,damage text (6)
GameObject,78361,damage text (6)
GameObject,78362,damage text (6)
GameObject,78363,damage text (6)
GameObject,78364,damage text (6)
GameObject,78365,damage text (6)
GameObject,78366,damage text (6)
GameObject,78367,damage text (6)
GameObject,78368,damage text (6)
GameObject,78370,hero (7)
GameObject,78537,hero (3)
GameObject,78779,Ice Mage
GameObject,78907,Death Mage
GameObject,79115,spell (5)
GameObject,79226,hero name bg
GameObject,79255,alien tech
GameObject,79256,kill exp
GameObject,79258,shadow runes
GameObject,79259,range
GameObject,79260,prestige power
GameObject,79261,battlepass exp
GameObject,79263,producer energy
GameObject,79264,damage
GameObject,79265,energy income
GameObject,79268,skill power
GameObject,79269,producer spawns
GameObject,79271,wave perk waves
GameObject,79272,spell cd
GameObject,79274,ultimus tokens
GameObject,79275,trainer exp
GameObject,79276,hoarder gold
GameObject,79277,skill cd
GameObject,79278,kill gold
GameObject,79282,immune range
GameObject,79653,gem icon
GameObject,79654,gem icon
GameObject,79655,gem icon
GameObject,79656,gem icon
GameObject,79657,gem icon
GameObject,79658,gem icon
GameObject,79659,gem icon
GameObject,79660,gem icon
GameObject,79661,gem icon
GameObject,79662,gem icon
GameObject,79663,gem icon
GameObject,79664,gem icon
GameObject,79665,gem icon
GameObject,79666,gem icon
GameObject,79700,damage text (10)
GameObject,79831,Female Mage 01
GameObject,79888,Basket 01 Gold
GameObject,79889,Basket 01 Gold
GameObject,79890,Basket 01 Gold
GameObject,79891,Basket 01 Gold
GameObject,79892,Basket 01 Gold
GameObject,79893,Basket 01 Gold
GameObject,79894,Basket 01 Gold
GameObject,79895,Basket 01 Gold
GameObject,79896,Basket 01 Gold
GameObject,79897,Basket 01 Gold
GameObject,79898,Basket 01 Gold
GameObject,79899,Basket 01 Gold
GameObject,79900,Basket 01 Gold
GameObject,79901,Basket 01 Gold
GameObject,79902,Basket 01 Gold
GameObject,80057,captain - energy aura
GameObject,80124,ranger - gamble shot
GameObject,80751,damage text (2)
GameObject,80816,hero (2)
GameObject,80817,hero (2)
GameObject,80818,hero (2)
GameObject,80819,hero (2)
GameObject,80820,hero (2)
GameObject,80821,hero (2)
GameObject,80822,hero (2)
GameObject,80823,hero (2)
GameObject,80869,rune icon
GameObject,80887,in range border
GameObject,80888,in range border
GameObject,80889,in range border
GameObject,80890,in range border
GameObject,80891,in range border
GameObject,80892,in range border
GameObject,80893,in range border
GameObject,80894,in range border
GameObject,80895,in range border
GameObject,80896,in range border
GameObject,80897,in range border
GameObject,80898,in range border
GameObject,80899,in range border
GameObject,80900,in range border
GameObject,80901,in range border
GameObject,80902,in range border
GameObject,80903,in range border
GameObject,80904,in range border
GameObject,80905,in range border
GameObject,80906,in range border
GameObject,80907,in range border
GameObject,80908,in range border
GameObject,80909,in range border
GameObject,80910,in range border
GameObject,80911,in range border
GameObject,80912,in range border
GameObject,80913,in range border
GameObject,80914,in range border
GameObject,80915,in range border
GameObject,80916,in range border
GameObject,80917,in range border
GameObject,80918,in range border
GameObject,80919,in range border
GameObject,80920,in range border
GameObject,80921,in range border
GameObject,80922,in range border
GameObject,80923,in range border
GameObject,80924,in range border
GameObject,80925,in range border
GameObject,80926,in range border
GameObject,80927,in range border
GameObject,80928,in range border
GameObject,80929,in range border
GameObject,80930,in range border
GameObject,80931,in range border
GameObject,80932,in range border
GameObject,80933,in range border
GameObject,80934,in range border
GameObject,80935,in range border
GameObject,80936,in range border
GameObject,80937,in range border
GameObject,80938,in range border
GameObject,80939,in range border
GameObject,80940,in range border
GameObject,80941,in range border
GameObject,80942,in range border
GameObject,80943,in range border
GameObject,80944,in range border
GameObject,80945,in range border
GameObject,80946,in range border
GameObject,80947,in range border
GameObject,80948,in range border
GameObject,80949,in range border
GameObject,80950,in range border
GameObject,80951,in range border
GameObject,80952,in range border
GameObject,80953,in range border
GameObject,80954,in range border
GameObject,80955,in range border
GameObject,81028,spell dancer - power boost (2)
GameObject,81029,spell dancer - power boost (1)
GameObject,81030,build hero cell (horiz view) (minimized)
GameObject,81100,hero (2)
GameObject,81122,Eyeball Mage Green (energy boss) (5)
GameObject,81123,Eyeball Mage Green (energy boss) (7)
GameObject,81124,Eyeball Mage Green (energy boss) (6)
GameObject,81125,Eyeball Mage Green (energy boss) (3)
GameObject,81126,Eyeball Mage Green (energy boss) (2)
GameObject,81127,Eyeball Mage Green (energy boss) (1)
GameObject,81128,Eyeball Mage Green (energy boss) (4)
GameObject,81129,Eyeball Mage Green (energy boss) (8)
GameObject,81130,Eyeball Mage Green (energy boss) (9)
GameObject,81131,Eyeball Mage Green (energy boss) (10)
GameObject,81140,forester (fast)
GameObject,81141,damage text (18)
GameObject,81362,Angel Mage
GameObject,81363,Angel Mage
GameObject,81364,Angel Mage
GameObject,81365,Angel Mage
GameObject,81366,Angel Mage
GameObject,81367,Angel Mage
GameObject,81368,Angel Mage
GameObject,81369,Angel Mage
GameObject,81370,Angel Mage
GameObject,81371,Angel Mage
GameObject,81568,enemy ui follower GLOBAL BOSS (1)
GameObject,81574,hero (2)
GameObject,81575,hero (2)
GameObject,81576,hero (2)
GameObject,81577,hero (2)
GameObject,81578,hero (2)
GameObject,81579,hero (2)
GameObject,81580,hero (2)
GameObject,81581,hero (2)
GameObject,81668,hero name text
GameObject,81715,apprentice - slow (1)
GameObject,81716,apprentice - slow (2)
GameObject,81907,gold checkbox
GameObject,81908,gold checkbox
GameObject,81909,gold checkbox
GameObject,81910,gold checkbox
GameObject,81911,gold checkbox
GameObject,81912,gold checkbox
GameObject,81913,gold checkbox
GameObject,81914,gold checkbox
GameObject,81915,gold checkbox
GameObject,81963,damage text (5)
GameObject,81964,damage text (5)
GameObject,81965,damage text (5)
GameObject,81966,damage text (5)
GameObject,81967,damage text (5)
GameObject,81968,damage text (5)
GameObject,81969,damage text (5)
GameObject,81970,damage text (5)
GameObject,81971,damage text (5)
GameObject,82227,map image and buttons
GameObject,82228,map image and buttons
GameObject,82229,map image and buttons
GameObject,82230,map image and buttons
GameObject,82231,map image and buttons
GameObject,82232,map image and buttons
GameObject,82233,map image and buttons
GameObject,82234,map image and buttons
GameObject,82235,map image and buttons
GameObject,82236,damage text (1)
GameObject,82237,damage text (16)
GameObject,82238,exp icon
GameObject,82239,exp icon
GameObject,82240,exp icon
GameObject,82241,exp icon
GameObject,82242,exp icon
GameObject,82243,exp icon
GameObject,82244,exp icon
GameObject,82245,exp icon
GameObject,82246,exp icon
GameObject,82387,locked wave req (1)
GameObject,82388,locked wave req (1)
GameObject,82389,locked wave req (1)
GameObject,82390,locked wave req (1)
GameObject,82391,locked wave req (1)
GameObject,82392,locked wave req (1)
GameObject,82393,locked wave req (1)
GameObject,82394,locked wave req (1)
GameObject,82395,locked wave req (1)
GameObject,82396,locked wave req (1)
GameObject,82397,locked wave req (1)
GameObject,82398,locked wave req (1)
GameObject,82399,locked wave req (1)
GameObject,82400,locked wave req (1)
GameObject,82401,locked wave req (1)
GameObject,82402,locked wave req (1)
GameObject,82403,locked wave req (1)
GameObject,82404,locked wave req (1)
GameObject,82405,locked wave req (1)
GameObject,82406,locked wave req (1)
GameObject,82407,locked wave req (1)
GameObject,82408,locked wave req (1)
GameObject,82409,locked wave req (1)
GameObject,82410,locked wave req (1)
GameObject,82411,locked wave req (1)
GameObject,82412,locked wave req (1)
GameObject,82413,locked wave req (1)
GameObject,82414,locked wave req (1)
GameObject,82415,locked wave req (1)
GameObject,82416,locked wave req (1)
GameObject,82417,locked wave req (1)
GameObject,82418,locked wave req (1)
GameObject,82687,empty spell text
GameObject,82688,empty spell text
GameObject,82689,empty spell text
GameObject,82690,empty spell text
GameObject,82691,empty spell text
GameObject,82692,empty spell text
GameObject,82695,hero frame (0)
GameObject,83156,Switch 01
GameObject,83245,Goblin Trooper
GameObject,83246,Goblin Trooper
GameObject,83247,Goblin Trooper
GameObject,83248,Goblin Trooper
GameObject,83249,Goblin Trooper
GameObject,83250,Goblin Trooper
GameObject,83251,Goblin Trooper
GameObject,83252,Goblin Trooper
GameObject,83253,Goblin Trooper
GameObject,83254,Goblin Trooper
GameObject,83255,Goblin Trooper
GameObject,83256,Goblin Trooper
GameObject,83257,Goblin Trooper
GameObject,83258,Goblin Trooper
GameObject,83259,Goblin Trooper
GameObject,83353,hero frame (2)
GameObject,83463,gold icon
GameObject,83464,gold icon
GameObject,83478,GlitterExplosionGreen
GameObject,83510,skill icon
GameObject,83511,skill icon
GameObject,83512,skill icon
GameObject,83513,skill icon
GameObject,83514,skill icon
GameObject,83515,skill icon
GameObject,83516,skill icon
GameObject,83517,skill icon
GameObject,83518,skill icon
GameObject,83519,skill icon
GameObject,83520,skill icon
GameObject,83521,skill icon
GameObject,83522,skill icon
GameObject,83523,skill icon
GameObject,83524,skill icon
GameObject,83525,skill icon
GameObject,83526,skill icon
GameObject,83527,skill icon
GameObject,83528,skill icon
GameObject,83529,skill icon
GameObject,83530,skill icon
GameObject,83531,skill icon
GameObject,83532,skill icon
GameObject,83533,skill icon
GameObject,83534,skill icon
GameObject,83535,skill icon
GameObject,83536,skill icon
GameObject,83537,skill icon
GameObject,83538,skill icon
GameObject,83539,skill icon
GameObject,83540,skill icon
GameObject,83541,skill icon
GameObject,83542,skill icon
GameObject,83543,skill icon
GameObject,83544,skill icon
GameObject,83545,skill icon
GameObject,83546,skill icon
GameObject,83547,skill icon
GameObject,83548,skill icon
GameObject,83549,skill icon
GameObject,83550,skill icon
GameObject,83682,damage text (17)
GameObject,83824,damage 1
GameObject,84097,damage text (13)
GameObject,84105,archer - exp bonus
GameObject,84665,damage text (18)
GameObject,84702,immune melee
GameObject,84703,immune melee
GameObject,84704,immune melee
GameObject,84705,immune melee
GameObject,84706,immune melee
GameObject,84707,immune melee
GameObject,84708,immune melee
GameObject,84709,immune melee
GameObject,84710,immune melee
GameObject,84711,skill icon
GameObject,84949,Image
GameObject,84974,Basket 01 Gold
GameObject,85318,hero name bg
GameObject,85319,hero name bg
GameObject,85320,hero name bg
GameObject,85321,hero name bg
GameObject,85322,hero name bg
GameObject,85323,hero name bg
GameObject,85324,hero name bg
GameObject,85424,starter task highlight (unlock spell)
GameObject,85563,Alien Galaxia
GameObject,85564,Alien Galaxia
GameObject,85565,Alien Galaxia
GameObject,85566,Alien Galaxia
GameObject,85567,Alien Galaxia
GameObject,85568,Alien Galaxia
GameObject,85771,hero name text
GameObject,85775,hero name text
GameObject,85776,hero name text
GameObject,85777,hero name text
GameObject,85778,hero name text
GameObject,85779,hero name text
GameObject,85780,hero name text
GameObject,85855,wave locked cover
GameObject,85856,wave locked cover
GameObject,85857,wave locked cover
GameObject,85858,wave locked cover
GameObject,85859,wave locked cover
GameObject,85860,wave locked cover
GameObject,85861,wave locked cover
GameObject,85862,wave locked cover
GameObject,85863,wave locked cover
GameObject,85864,wave locked cover
GameObject,85865,wave locked cover
GameObject,85866,wave locked cover
GameObject,85867,wave locked cover
GameObject,85868,wave locked cover
GameObject,85869,wave locked cover
GameObject,85870,wave locked cover
GameObject,85871,wave locked cover
GameObject,85872,wave locked cover
GameObject,85873,wave locked cover
GameObject,85874,wave locked cover
GameObject,85875,wave locked cover
GameObject,85876,wave locked cover
GameObject,85877,wave locked cover
GameObject,85878,wave locked cover
GameObject,85879,wave locked cover
GameObject,85880,wave locked cover
GameObject,85881,wave locked cover
GameObject,85882,wave locked cover
GameObject,85883,wave locked cover
GameObject,85884,wave locked cover
GameObject,85885,wave locked cover
GameObject,85886,wave locked cover
GameObject,85887,wave locked cover
GameObject,85888,wave locked cover
GameObject,85889,wave locked cover
GameObject,85890,wave locked cover
GameObject,85891,wave locked cover
GameObject,85892,wave locked cover
GameObject,85893,wave locked cover
GameObject,85894,wave locked cover
GameObject,85895,wave locked cover
GameObject,85896,wave locked cover
GameObject,85897,wave locked cover
GameObject,85898,wave locked cover
GameObject,85899,wave locked cover
GameObject,85900,wave locked cover
GameObject,85901,wave locked cover
GameObject,85902,wave locked cover
GameObject,85903,wave locked cover
GameObject,85904,wave locked cover
GameObject,85905,wave locked cover
GameObject,85906,wave locked cover
GameObject,85907,wave locked cover
GameObject,85908,wave locked cover
GameObject,85909,wave locked cover
GameObject,85964,damage text (15)
GameObject,85975,damage text (14)
GameObject,86404,Shadow
GameObject,86405,Shadow
GameObject,86406,Shadow
GameObject,86407,Shadow
GameObject,86408,Shadow
GameObject,86409,Shadow
GameObject,86410,Shadow
GameObject,86411,Shadow
GameObject,86412,Shadow
GameObject,86413,Shadow
GameObject,86580,rogue - gold aura
GameObject,86612,damage text (16)
GameObject,86613,damage text (16)
GameObject,86798,damage text (4)
GameObject,87011,spell (2)
GameObject,87012,spell (2)
GameObject,87013,spell (2)
GameObject,87014,spell (2)
GameObject,87015,spell (2)
GameObject,87016,spell (2)
GameObject,87038,gold icon
GameObject,87039,gold icon
GameObject,87040,gold icon
GameObject,87041,gold icon
GameObject,87042,gold icon
GameObject,87043,gold icon
GameObject,87044,gold icon
GameObject,87045,gold icon
GameObject,87046,gold icon
GameObject,87047,gold icon
GameObject,87048,gold icon
GameObject,87049,gold icon
GameObject,87050,gold icon
GameObject,87051,gold icon
GameObject,87127,Fire Mage
GameObject,87471,damage text (12)
GameObject,87476,skill effect icons panel
GameObject,87564,rogue (fast)
GameObject,87719,hero button (4)
GameObject,87720,hero button (5)
GameObject,87721,hero button (4)
GameObject,87722,hero button (5)
GameObject,87723,hero button (2)
GameObject,87724,hero button (4)
GameObject,87725,hero button (3)
GameObject,87726,hero button (6)
GameObject,87727,hero button (3)
GameObject,87728,hero button (2)
GameObject,87729,hero button (3)
GameObject,87730,hero button (1)
GameObject,87731,hero button (2)
GameObject,87732,hero button (4)
GameObject,87733,hero button (6)
GameObject,87734,hero button (2)
GameObject,87735,hero button (1)
GameObject,87736,hero button (3)
GameObject,87737,hero button (5)
GameObject,87738,hero button (4)
GameObject,87739,hero button (3)
GameObject,87740,hero button (6)
GameObject,87741,hero button (6)
GameObject,87742,hero button (1)
GameObject,87743,hero button (4)
GameObject,87744,hero button (5)
GameObject,87745,hero button (6)
GameObject,87746,hero button (2)
GameObject,87747,hero button (2)
GameObject,87748,hero button (6)
GameObject,87749,hero button (3)
GameObject,87750,hero button (1)
GameObject,87751,hero button (4)
GameObject,87752,hero button (6)
GameObject,87753,hero button (1)
GameObject,87754,hero button (5)
GameObject,87755,hero button (5)
GameObject,87756,hero button (1)
GameObject,87757,hero button (2)
GameObject,87758,hero button (3)
GameObject,87759,hero button (5)
GameObject,87927,Eyeball Mage
GameObject,88008,hero name bg
GameObject,88520,hero frame (1)
GameObject,88521,hero frame (1)
GameObject,88522,hero frame (1)
GameObject,88523,hero frame (1)
GameObject,88524,hero frame (1)
GameObject,88525,hero frame (1)
GameObject,88587,druid - damage boost
GameObject,88652,hero name text
GameObject,88818,map image
GameObject,88909,skill icon
GameObject,88910,skill icon
GameObject,88911,skill icon
GameObject,88912,skill icon
GameObject,88913,skill icon
GameObject,88914,skill icon
GameObject,88915,skill icon
GameObject,88916,skill icon
GameObject,88917,skill icon
GameObject,88918,skill icon
GameObject,88919,skill icon
GameObject,88920,skill icon
GameObject,88921,skill icon
GameObject,88922,skill icon
GameObject,88923,skill icon
GameObject,88924,skill icon
GameObject,88925,skill icon
GameObject,88926,skill icon
GameObject,88927,skill icon
GameObject,88928,skill icon
GameObject,88929,skill icon
GameObject,88930,skill icon
GameObject,88931,skill icon
GameObject,88932,skill icon
GameObject,88933,skill icon
GameObject,88934,skill icon
GameObject,88935,skill icon
GameObject,88936,skill icon
GameObject,88937,skill icon
GameObject,88938,skill icon
GameObject,88939,skill icon
GameObject,88940,skill icon
GameObject,88941,skill icon
GameObject,88942,skill icon
GameObject,88943,skill icon
GameObject,88944,skill icon
GameObject,88945,skill icon
GameObject,88946,skill icon
GameObject,88947,skill icon
GameObject,88948,skill icon
GameObject,88949,skill icon
GameObject,89134,hero (7)
GameObject,89135,hero (7)
GameObject,89136,hero (7)
GameObject,89137,hero (7)
GameObject,89138,hero (7)
GameObject,89139,hero (7)
GameObject,89140,hero (7)
GameObject,89141,hero (7)
GameObject,89142,Image
GameObject,89143,Image
GameObject,89144,Image
GameObject,89145,Image
GameObject,89146,Image
GameObject,89147,Image
GameObject,89148,Image
GameObject,89149,Image
GameObject,89150,Image
GameObject,89214,Gold 01
GameObject,89230,hero (1)
GameObject,89232,gold icon
GameObject,89233,gold icon
GameObject,89234,gold icon
GameObject,89235,gold icon
GameObject,89236,gold icon
GameObject,89237,gold icon
GameObject,89238,gold icon
GameObject,89239,gold icon
GameObject,89240,gold icon
GameObject,89241,gold icon
GameObject,89242,gold icon
GameObject,89243,gold icon
GameObject,89244,gold icon
GameObject,89245,gold icon
GameObject,89348,gold icon
GameObject,89349,gold icon
GameObject,89350,gold icon
GameObject,89351,gold icon
GameObject,89352,gold icon
GameObject,89353,gold icon
GameObject,89354,gold icon
GameObject,89355,gold icon
GameObject,89356,gold icon
GameObject,89359,crit damage icon
GameObject,89360,crit damage icon
GameObject,89361,crit damage icon
GameObject,89362,crit damage icon
GameObject,89363,crit damage icon
GameObject,89364,crit damage icon
GameObject,89365,crit damage icon
GameObject,89366,crit damage icon
GameObject,89367,crit damage icon
GameObject,89368,crit damage icon
GameObject,89369,crit damage icon
GameObject,89370,crit damage icon
GameObject,89371,crit damage icon
GameObject,89372,crit damage icon
GameObject,89373,crit damage icon
GameObject,89374,crit damage icon
GameObject,89375,crit damage icon
GameObject,89376,crit damage icon
GameObject,89377,crit damage icon
GameObject,89378,crit damage icon
GameObject,89379,crit damage icon
GameObject,89380,crit damage icon
GameObject,89381,crit damage icon
GameObject,89382,crit damage icon
GameObject,89383,crit damage icon
GameObject,89384,crit damage icon
GameObject,89385,crit damage icon
GameObject,89386,crit damage icon
GameObject,89387,crit damage icon
GameObject,89388,crit damage icon
GameObject,89389,crit damage icon
GameObject,89390,crit damage icon
GameObject,89391,crit damage icon
GameObject,89392,crit damage icon
GameObject,89393,crit damage icon
GameObject,89394,crit damage icon
GameObject,89395,crit damage icon
GameObject,89396,crit damage icon
GameObject,89397,crit damage icon
GameObject,89398,crit damage icon
GameObject,89399,crit damage icon
GameObject,89427,Female Mage 01
GameObject,89428,witch (support)
GameObject,89530,damage text (14)
GameObject,89531,damage text (14)
GameObject,89532,damage text (14)
GameObject,89533,damage text (14)
GameObject,89534,damage text (14)
GameObject,89535,damage text (14)
GameObject,89536,damage text (14)
GameObject,89537,damage text (14)
GameObject,89538,damage text (14)
GameObject,89539,damage text (14)
GameObject,89540,damage text (14)
GameObject,89541,damage text (14)
GameObject,89542,damage text (14)
GameObject,89543,damage text (14)
GameObject,89544,damage text (14)
GameObject,89545,damage text (14)
GameObject,89546,damage text (14)
GameObject,89547,damage text (14)
GameObject,89548,damage text (14)
GameObject,89549,damage text (14)
GameObject,89550,damage text (14)
GameObject,89551,damage text (14)
GameObject,89552,damage text (14)
GameObject,89553,damage text (14)
GameObject,89554,damage text (14)
GameObject,89555,damage text (14)
GameObject,89556,damage text (14)
GameObject,89557,damage text (14)
GameObject,89558,damage text (14)
GameObject,89559,damage text (14)
GameObject,89560,damage text (14)
GameObject,89561,damage text (14)
GameObject,89562,damage text (14)
GameObject,89563,damage text (14)
GameObject,89564,damage text (14)
GameObject,89565,damage text (14)
GameObject,89566,damage text (14)
GameObject,89567,damage text (14)
GameObject,89568,damage text (14)
GameObject,89569,damage text (14)
GameObject,89570,damage text (14)
GameObject,89571,damage text (14)
GameObject,89572,damage text (14)
GameObject,89573,damage text (14)
GameObject,89574,damage text (14)
GameObject,89575,damage text (14)
GameObject,89576,damage text (14)
GameObject,89577,damage text (14)
GameObject,89578,damage text (14)
GameObject,89600,damage 1
GameObject,89622,militia - spin attack (2)
GameObject,89623,militia - spin attack (1)
GameObject,89624,hero (7)
GameObject,89630,damage text (6)
GameObject,89631,damage text (6)
GameObject,89632,damage text (6)
GameObject,89633,damage text (6)
GameObject,89634,damage text (6)
GameObject,89635,damage text (6)
GameObject,89636,damage text (6)
GameObject,89637,damage text (6)
GameObject,89638,damage text (6)
GameObject,89653,energy text
GameObject,89677,Spellbook Ancient Fire
GameObject,89678,Spellbook Ancient Fire
GameObject,89852,hero name text
GameObject,89853,hero name text
GameObject,89854,hero name text
GameObject,89855,hero name text
GameObject,89856,hero name text
GameObject,89857,hero name text
GameObject,89868,empty spell text
GameObject,89869,empty spell text
GameObject,89870,empty spell text
GameObject,89871,empty spell text
GameObject,89872,empty spell text
GameObject,89873,empty spell text
GameObject,89884,hero name bg
GameObject,89985,hero (8)
GameObject,90036,hero (3)
GameObject,90037,hero (3)
GameObject,90038,hero (3)
GameObject,90039,hero (3)
GameObject,90040,hero (3)
GameObject,90041,hero (3)
GameObject,90042,hero (3)
GameObject,90043,hero (3)
GameObject,90056,damage text (5)
GameObject,90057,damage text (5)
GameObject,90058,damage text (5)
GameObject,90059,damage text (5)
GameObject,90060,damage text (5)
GameObject,90061,damage text (5)
GameObject,90062,damage text (5)
GameObject,90063,damage text (5)
GameObject,90064,damage text (5)
GameObject,90065,damage text (5)
GameObject,90066,damage text (5)
GameObject,90067,damage text (5)
GameObject,90068,damage text (5)
GameObject,90069,damage text (5)
GameObject,90070,damage text (5)
GameObject,90071,damage text (5)
GameObject,90072,damage text (5)
GameObject,90073,damage text (5)
GameObject,90074,damage text (5)
GameObject,90075,damage text (5)
GameObject,90076,damage text (5)
GameObject,90077,damage text (5)
GameObject,90078,damage text (5)
GameObject,90079,damage text (5)
GameObject,90080,damage text (5)
GameObject,90081,damage text (5)
GameObject,90082,damage text (5)
GameObject,90083,damage text (5)
GameObject,90084,damage text (5)
GameObject,90085,damage text (5)
GameObject,90086,damage text (5)
GameObject,90087,damage text (5)
GameObject,90088,damage text (5)
GameObject,90089,damage text (5)
GameObject,90090,damage text (5)
GameObject,90091,damage text (5)
GameObject,90092,damage text (5)
GameObject,90093,damage text (5)
GameObject,90094,damage text (5)
GameObject,90095,damage text (5)
GameObject,90096,damage text (5)
GameObject,90097,damage text (5)
GameObject,90098,damage text (5)
GameObject,90099,damage text (5)
GameObject,90100,damage text (5)
GameObject,90101,damage text (5)
GameObject,90102,damage text (5)
GameObject,90103,damage text (5)
GameObject,90104,damage text (5)
GameObject,90127,melee projectile - BulletSmallBlue
GameObject,90587,gems text
GameObject,90692,hero name text
GameObject,90693,hero name text
GameObject,90694,hero name text
GameObject,90695,hero name text
GameObject,90696,hero name text
GameObject,90697,hero name text
GameObject,90708,hero (3)
GameObject,91082,useSkill - MagicCircleSimpleBlue (2)
GameObject,91083,useSkill - MagicCircleSimpleBlue (12)
GameObject,91084,useSkill - MagicCircleSimpleBlue (7)
GameObject,91085,useSkill - MagicCircleSimpleBlue (6)
GameObject,91086,useSkill - MagicCircleSimpleBlue (19)
GameObject,91087,useSkill - MagicCircleSimpleBlue (4)
GameObject,91088,useSkill - MagicCircleSimpleBlue (16)
GameObject,91089,useSkill - MagicCircleSimpleBlue (13)
GameObject,91090,useSkill - MagicCircleSimpleBlue (5)
GameObject,91091,useSkill - MagicCircleSimpleBlue (11)
GameObject,91092,useSkill - MagicCircleSimpleBlue (10)
GameObject,91093,useSkill - MagicCircleSimpleBlue (1)
GameObject,91094,useSkill - MagicCircleSimpleBlue (15)
GameObject,91095,useSkill - MagicCircleSimpleBlue (3)
GameObject,91096,useSkill - MagicCircleSimpleBlue (14)
GameObject,91097,useSkill - MagicCircleSimpleBlue (20)
GameObject,91098,useSkill - MagicCircleSimpleBlue (18)
GameObject,91099,useSkill - MagicCircleSimpleBlue (8)
GameObject,91100,useSkill - MagicCircleSimpleBlue (17)
GameObject,91101,useSkill - MagicCircleSimpleBlue (9)
GameObject,91104,hero (4)
GameObject,91105,hero (4)
GameObject,91106,hero (4)
GameObject,91107,hero (4)
GameObject,91108,hero (4)
GameObject,91109,hero (4)
GameObject,91110,hero (4)
GameObject,91111,hero (4)
GameObject,91112,Eyeball Mage
GameObject,91162,damage text (11)
GameObject,91163,damage text (11)
GameObject,91164,upgrade title
GameObject,91165,upgrade title
GameObject,91166,upgrade title
GameObject,91178,locked wave req
GameObject,91526,gold text
GameObject,91594,damage text (9)
GameObject,91595,damage text (9)
GameObject,91596,damage text (9)
GameObject,91597,damage text (9)
GameObject,91598,damage text (9)
GameObject,91599,damage text (9)
GameObject,91600,damage text (9)
GameObject,91601,damage text (9)
GameObject,91602,damage text (9)
GameObject,91848,skymage - teleport
GameObject,91880,hero frame (0)
GameObject,91901,slot bonus (prestige preview) (1)
GameObject,92247,Supreme Shadow (supreme runes)
GameObject,92266,range projectile - SharpMissileGreen
GameObject,92271,Switch 01
GameObject,92417,damage text (20)
GameObject,92418,damage text (20)
GameObject,92458,skiller combat style
GameObject,92459,use a spell
GameObject,92461,prestige dmg and gold to lv 10
GameObject,92463,viking rank exp synergy
GameObject,92467,research att speed 1 and kill exp 1
GameObject,92468,spawn power mage
GameObject,92469,activate viking druid synergy
GameObject,92470,research prestige 1
GameObject,92472,research II upgs
GameObject,92473,build 7 heroes
GameObject,92475,prestige II upgs
GameObject,92477,hunter scout synergy
GameObject,92478,wave 100
GameObject,92479,claim rune
GameObject,92480,build 2 hunters
GameObject,92481,prestige
GameObject,92482,research prestige to lv 5
GameObject,92483,archer rank exp synergy
GameObject,92484,spawn goblins
GameObject,92485,build druid
GameObject,92486,research gold 1
GameObject,92487,research dmg 1
GameObject,92488,upg prestige
GameObject,92489,damage text (3)
GameObject,92490,damage text (3)
GameObject,92491,damage text (3)
GameObject,92492,damage text (3)
GameObject,92493,damage text (3)
GameObject,92494,damage text (3)
GameObject,92495,damage text (3)
GameObject,92496,damage text (3)
GameObject,92497,damage text (3)
Material,14,Anton SDF - Drop Shadow
Material,17,Bangers SDF - Drop Shadow - 2 Pass
Material,18,Bangers SDF - Drop Shadow
Material,26,Roboto-Bold SDF - Drop Shadow
Material,32,LiberationSans SDF - Drop Shadow
