line,categories,string
21,Functions,"IF ALL THE TYPES ARE IN THE SUPPORT LIST AND YOU STILL GET THIS ERROR, PLEASE REPORT AN ISSUE.The exception contained the following message:"
25,Functions,var unityObject = kongregateUnitySupport.getUnityObject();
27,Functions,"var params=[services.getUserId(), services.getUsername(),"
28,Functions,services.getGameAuthToken()].join('|');
54,Economy;Functions,<color=green>Current Bonus: +{0:n0} energy
55,CombatStats;Functions,<color=green>Current Bonus: +{0:n0}% crit / +{1:n0}% super / +{2:n0}% ultra
56,CombatStats;Functions,<color=green>Current Bonus: +{0:n0}% crit dmg
57,CombatStats;Functions,<color=green>Current Bonus: +{0:n0}% dmg
58,CombatStats;Functions,<color=green>Current Bonus: +{0:n0}% dmg / +{1:n0}% speed
59,Economy;Functions,<color=green>Current Bonus: +{0:n0}% energy
60,Economy;Functions,<color=green>Current Bonus: +{0:n0}% exp
61,Economy;Functions,<color=green>Current Bonus: +{0:n0}% gold
62,CombatStats;Functions,<color=green>Current Bonus: +{0:n0}% splash dmg
63,CombatStats;Functions,<color=green>Current Bonus: +{0:n0}% super crit dmg
64,Economy;Functions,<color=green>Current Bonus: +{0:n0}% super exp
65,Economy;Functions,<color=green>Current Bonus: +{0:n0}% ultra gold
66,Functions,<color=green>Target Enemy is N/A
67,CombatStats;Functions,<color=green>Target Enemy: {0:n0}% HP
69,Heroes;CombatStats,<color=orange>(
70,Heroes;CombatStats,<color=orange><size=22><i>(personal effect)</i></size></color>
71,Heroes;CombatStats,<color=orange><size=24><i>(personal effect)</i></size></color>
72,Heroes;CombatStats,<color=orange><size=28><i>(personal effect)</i></size></color>
74,CombatStats,<color=red>-20%</color> Attack Speed
75,Economy,<color=red>-35%</color> Kill Gold
76,Progression;Economy;Functions,<color=red>-35%</color> Rank Exp
77,Heroes;CombatStats,<color=red>-50%</color> Damage
78,Progression;Economy;Functions,<color=red>-50%</color> Rank Exp
82,Heroes;CombatStats;Functions,<size=32><color=yellow>+{0}%</color> Ultra Crit Chance / <color=yellow>+{1}%</color> Ultra Crit Damage</size>
83,CombatStats;Functions,<size=32><color=yellow>+{0}%</color> Ultra Crit Chance</size>
84,Heroes;CombatStats,<size=32><color=yellow>+{0}%</color> Ultra Crit Damage</size>
85,Economy,<size=32><color=yellow>+{0}%</color> Ultra Exp Amount</size>
86,Economy;Functions,<size=32><color=yellow>+{0}%</color> Ultra Exp Chance / <color=yellow>+{1}%</color> Ultra Exp Amount</size>
87,Economy;Functions,<size=32><color=yellow>+{0}%</color> Ultra Exp Chance</size>
88,Economy,<size=32><color=yellow>+{0}%</color> Ultra Gold Amount</size>
89,Economy;Functions,<size=32><color=yellow>+{0}%</color> Ultra Gold Chance / <color=yellow>+{1}%</color> Ultra Gold Amount</size>
90,Economy;Functions,<size=32><color=yellow>+{0}%</color> Ultra Gold Chance</size>
91,Economy,<size=32><color=yellow>+{0}%</color> Ultra Income Amount</size>
92,Economy;Functions,<size=32><color=yellow>+{0}%</color> Ultra Income Chance / <color=yellow>+{1}%</color> Ultra Income Amount</size>
93,Economy;Functions,<size=32><color=yellow>+{0}%</color> Ultra Income Chance</size>
103,Functions,First 100 Bonus Chance: <color=green>+{0:f2}%</color>
105,Economy,Introductory Price Information for
210,Heroes;CombatStats,<color=orange></line-height>
217,Functions,var unityObject = kongregateUnitySupport.getUnityObject();
234,Progression;Economy,<size=24><i>(repeats)+<u>+<u>{0:n0}</u>*+=+Battlepass Exp+Mastery Exp+Runes+Tech Scrolls+{0:f1}%
238,Bosses,+{0:n0} Supreme Tokens+{0:n0}%+{0:n0}%
242,Economy,+{0} exp+{0}%
277,Heroes;Economy,"2) <indent=4%>Find the <color=#00FFFF>Druid</color> hero, then click the <color=green>Unlock</color> button to spend energy to unlock him.</indent>"
279,Heroes;Economy,"2) <indent=4%>Find the <color=#00FFFF>Viking</color> hero, then click the <color=green>Unlock</color> button to spend energy to unlock her.</indent>"
283,Heroes,"2) <indent=4%>Click the <color=green>Open Upgrades Menu</color> button to open this hero's ""Attributes"" menu.</indent>"
291,Heroes;Progression;CombatStats,2) <indent=4%>Click the <color=orange>Prestige</color> tab button on the left side of the menu.</indent>
293,Heroes;Progression;CombatStats,2) <indent=4%>Click the <color=orange>Prestige</color> tab button on the left side of the menu.</indent>
295,Heroes;Progression;CombatStats,2) <indent=4%>Click the <color=orange>Prestige</color> tab button on the left side of the menu.</indent>
296,Progression;CombatStats,"3) <indent=4%>Find the <color=green>Max Game Speed</color> upgrade at the bottom of the menu, and spend prestige power to upgrade it.</indent>"
298,Heroes;Progression;CombatStats,2) <indent=4%>Click the <color=orange>Research</color> tab button on the left side of the menu.</indent>
300,Heroes;Progression;CombatStats,2) <indent=4%>Click the <color=orange>Research</color> tab button on the left side of the menu.</indent>
302,Heroes;Progression;CombatStats,2) <indent=4%>Click the <color=orange>Research</color> tab button on the left side of the menu.</indent>
304,Heroes;Progression;CombatStats,2) <indent=4%>Click the <color=orange>Research</color> tab button on the left side of the menu.</indent>
306,Heroes;Progression;CombatStats,2) <indent=4%>Click the <color=orange>Research</color> tab button on the left side of the menu.</indent>
308,Heroes;CombatStats,2) <indent=4%>Click the <color=orange>Spells</color> tab button on the left side of the menu.</indent>
309,Heroes;Economy;CombatStats,3) <indent=4%>Spend energy to unlock any <color=orange>Spell</color> of your choice.</indent>
310,CombatStats,4) <indent=4%>Click the <color=green>Equip</color> button to equip the spell.</indent>
312,Heroes;CombatStats;Functions,2) <indent=4%><color=orange>Drag and drop</color> the two heroes to get them close enough to each other so that they are <color=green>within range</color> of each other.</indent>
314,Heroes;CombatStats,2) <indent=4%>Position them such that <color=orange>BOTH</color> heroes are within range of each other at the same time.</indent>
316,Heroes;CombatStats,2) <indent=4%>Position them such that <color=#00FFFF>Militia</color> and <color=#00FFFF>Scout</color> are both within <color=#00FFFF>Viking's</color> range.</indent>
318,Heroes;CombatStats,2) <indent=4%>Select one of your <color=#00FFFF>Hunter</color> heroes from the map to open his <color=orange>Upgrade Menu</color>.</indent>
319,Heroes;Functions,3) <indent=4%>Select the <color=#00FFFF>Targeting</color> button to open this hero's targeting settings.</indent>
320,Bosses;Heroes;CombatStats,4) <indent=4%>Activate the <color=orange>Focus Bosses</color> and <color=orange>Boss Skills Only</color> settings.</indent>
323,Heroes;CombatStats,2) <indent=4%>Position them such that <color=#00FFFF>Assassin</color> and <color=#00FFFF>Forester</color> are both within <color=#00FFFF>Archer's</color> range.</indent>
326,Heroes;CombatStats,2) <indent=4%>Click the <color=orange>Upgrades</color> button in the bottom left corner of the screen.</indent>
327,Heroes;Progression;CombatStats,3) <indent=4%>Click the <color=orange>Runes</color> tab button on the left side of the menu.</indent>
329,Heroes;CombatStats,2) <indent=4%>Click the <color=orange>Upgrades</color> button in the bottom left corner of the screen.</indent>
330,Heroes;Progression;CombatStats,3) <indent=4%>Click the <color=orange>Prestige</color> tab button on the left side of the menu.</indent>
332,Heroes;CombatStats,2) <indent=4%>Click the <color=orange>Upgrades</color> button in the bottom left corner of the screen.</indent>
333,Heroes;Progression;CombatStats,3) <indent=4%>Click the <color=orange>Research</color> tab button on the left side of the menu.</indent>
335,Heroes;Progression;CombatStats,2) <indent=4%>Click the <color=orange>Prestige</color> button in the bottom left corner of the screen.</indent>
339,Functions,"We apologize for this inconvenience, but please update your game to continue playing.</color>"
341,Progression;Economy;Functions,<color=#00FFFF>+</color> Energy</color> Gems</color> Gold</color> Presets</color> Prestige</color> Prestige Power</color> Rank Exp
342,Heroes;Progression;Economy;Functions,<i><color=green><size=25>(for <u>ALL</u> unlocked heroes)</color> Rank Exp</smallcaps>
344,Bosses;Progression;Economy;Functions,<i><size=28><color=#C8C8C8>(of each color)</color> Tournament rewards!</color> Trophies</color> Ultimus Tokens</color> Weekly Task!
348,Progression,<size=24><i><color=grey>Tournament ID = </color></i></size></color></size></color></size>
361,Economy,<color=#00E100><color=#00E100>+<color=#00FFFF><color=#00FFFF>+<color=#00FFFF>+{0:n0}</color> Gems<color=#00FFFF>+{0} Gems</color><color=#00FFFF></line-height>
362,Progression,<color=#00FFFF>Astral Battleground's</color> perks rotate to <color=yellow><color=#19AFFF><color=#19AFFF>+<color=#19AFFF>+{0}</color> Mastery Points<color=#19AFFF></line-height>
370,Economy,<color=#FF00FF>+{0}</color> Gems<color=#FF1900><color=#FF2100><color=#FF2100>
373,Heroes;CombatStats,</color> {1}<color=green><color=green>+<color=green>+{0:n0}% damage from {1} Heroes</color>
374,Bosses;Progression,<color=green>+{0}%</color> Ancient Shadow Runes
375,CombatStats,<color=green>+{0}%</color> Attack Speed
376,Progression;Economy,<color=green>+{0}%</color> Battlepass Exp
377,Heroes;CombatStats,<color=green>+{0}%</color> Damage
378,Bosses;Progression,<color=green>+{0}%</color> Exotic Alien Tech
379,CombatStats;Functions,<color=green>+{0}%</color> Instant Skill Chance
380,CombatStats;Functions,<color=green>+{0}%</color> Instant Spell Chance
381,Economy,<color=green>+{0}%</color> Kill Gold
382,Progression;Functions,<color=green>+{0}%</color> Milestone Bonus
383,Bosses;Functions,<color=green>+{0}%</color> Mimic Boss Chance
384,Heroes;CombatStats,<color=green>+{0}%</color> Range
385,Progression;Economy;Functions,<color=green>+{0}%</color> Rank Exp
386,Bosses;CombatStats;Functions,<color=green>+{0}%</color> Shadow/Alien HP Skip Chance
387,CombatStats,<color=green>+{0}%</color> Skill Power
388,CombatStats;Functions,<color=green>+{0}%</color> Super Crit Chance
389,Heroes;CombatStats,<color=green>+{0}%</color> Super Crit Damage
390,Economy,<color=green>+{0}%</color> Super Energy Amount
391,Economy;Functions,<color=green>+{0}%</color> Super Energy Chance
392,Economy,<color=green>+{0}%</color> Super Exp Amount
393,Economy;Functions,<color=green>+{0}%</color> Super Exp Chance
394,Economy,<color=green>+{0}%</color> Super Gold Amount
395,Economy;Functions,<color=green>+{0}%</color> Super Gold Chance
396,Functions,<color=green>+{0}%</color> Synergy Bonus
397,Bosses,<color=green>+{0}%</color> Ultimus Tokens
398,CombatStats;Functions,<color=green>+{0}%</color> Ultra Crit Chance
399,Heroes;CombatStats,<color=green>+{0}%</color> Ultra Crit Damage
400,Economy,<color=green>+{0}%</color> Ultra Energy Amount
401,Economy;Functions,<color=green>+{0}%</color> Ultra Energy Chance
402,Economy,<color=green>+{0}%</color> Ultra Exp Amount
403,Economy;Functions,<color=green>+{0}%</color> Ultra Exp Chance
404,Economy,<color=green>+{0}%</color> Ultra Gold Amount
405,Economy;Functions,<color=green>+{0}%</color> Ultra Gold Chance
406,Economy,<color=green>+{0}</color> Energy Income
407,CombatStats,<color=green>-{0}%</color> Skill Cooldown
408,CombatStats,<color=green>-{0}%</color> Spell Cooldown
412,Progression;Functions,<color=green>{0}</color> just ranked up  <color=green><size=28><i><u>{1} times</u></i></size></color>!
413,Progression;Functions,<color=green>{0}</color> just ranked up <color=green>{1} {2}</color>!
414,Progression;CombatStats,<color=green>{0}</color> just reached <color=#19AFFF>Skill Mastery Lv. {1}</color>!
416,Bosses;Heroes;Progression;CombatStats;Functions,Event begins in: <color=orange><color=grey>N/A</color><color=grey>Off<color=grey>Rank {0} Required<color=grey>Reduce HP (-{0}%)<color=grey>Supreme Spawn Chance: N/A
417,Bosses;Heroes;Progression;CombatStats,Supreme Tech Drop: N/A</color><color=orange><color=orange>(<color=orange>+<color=orange>+{0:n0}</color> Tickets<color=orange>+{0}</color> Weekly Tickets<color=orange></line-height>
418,Heroes;CombatStats,<color=orange>> [{0:T}]</color> {1}
419,Heroes;Progression;CombatStats,<color=orange>Claim today's gift</color> to unlock the next day!<color=purple>+<color=purple>+{0} Mastery Points<color=purple>------------------------------
420,Economy,"** If you are experiencing issues, please screenshot the relevant section of this log and share it with the developer on Discord **"
422,Bosses;Heroes;CombatStats;Functions,<color=red>Mage</color> heroes deal 50% damage.<color=red>Supreme</color> Chance: <color=yellow>{0:f3}%</color>
423,Bosses;Functions,<color=red>Supreme</color> Chance: <color=yellow>{0:n0}%</color>
425,Bosses;CombatStats;Functions,<color=red>Supreme</color> Spawn Chance: <color=yellow>{0:n0}%</color>
426,Bosses;Progression,<color=red>Supreme</color> Tech Drop: <color=yellow>{0:n0}</color><color=red>Supreme</color> Tech: <color=yellow>{0:n0}</color><color=red>This Tournament has ended!</color>
427,Progression,<size=24><i><color=grey>Tournament ID = <color=red>Your account is banned [<color=white><color=white>Local Time:</color>
433,Heroes,+<color=yellow><size=48>You are playing an outdated version of Idle Hero TD!</size></color>
436,Heroes;CombatStats,Time Remaining: <color=orange><color=yellow>Lv. {0:n0} / {1}</color>
437,Progression;CombatStats;Functions,"{2}<color=yellow>Max Game Speed (x6)</color> for <color=green><color=yellow>Rank <color=yellow>{0}/{1}</color> Spawns<color><color>{1,4}<comm.ADP.TraceException|ERR|CATCH> '%ls'"
445,Heroes;CombatStats,</line-height><color=orange>
452,Heroes;CombatStats,<size=32><color=#00FFFF>Astral Battleground</color> <color=yellow>(Damage Perks)</color></size>
453,Economy,<size=32><color=#00FFFF>Astral Battleground</color> <color=yellow>(Energy Perks)</color></size>
454,Economy,<size=32><color=#00FFFF>Astral Battleground</color> <color=yellow>(Exp Perks)</color></size>
455,Economy,<size=32><color=#00FFFF>Astral Battleground</color> <color=yellow>(Gold Perks)</color></size>
456,CombatStats,<size=32><color=#00FFFF>Astral Battleground</color> <color=yellow>(Skill Perks)</color></size>
461,Progression,[{0}]<size=48><color=green>+<smallcaps><color=#19AFFF>+<smallcaps><color=#AF00FF>+{0}%</color> Prestige Power</smallcaps>
462,Economy,<size=28><i> (permanent upgrade)<smallcaps><color=green>+{0:n0}</color> Energy Income</smallcaps>
463,Heroes;CombatStats,<size=28><i> (permanent upgrade)<smallcaps><color=red>+{0}%</color> Damage</smallcaps>
464,Economy,<size=28><i> (permanent upgrade)<smallcaps><color=yellow>+{0}%</color> Kill Gold</smallcaps>
465,Functions,<size=28><i> (permanent upgrade)<smallcaps>Level</smallcaps>
479,Economy;Functions,RequiredActive Play BonusActive Play DurationActive Play PremiumActive Play RewardActive tab cannot be null when there are available tabs.Active!
486,Functions,An error occured while trying to get the project configuration for services.
502,Functions,: Clip update total
513,CombatStats,Cooldown
514,CombatStats,<size=40>Cooldown
515,CombatStats,{0:D1}m {1:D1}sCooldown: <color=yellow>Copied style is null. Using StyleNotFound instead.CopyCoralCore Service not initialized.
530,WavePerks,: DisabledDisallowedDiscardDiscount!
531,Heroes;CombatStats,<color=orange><size=20>10% OFF</size></color>Discount!
532,Heroes;CombatStats,<color=orange><size=20>25% OFF</size></color>Discount!
533,Heroes;CombatStats,<color=orange><size=20>50% OFF</size></color>Discount!
537,Heroes;CombatStats,: Draw points not ready yet (path not initialized) or path tween has been killed. Returning NULLDraw range calls
538,Heroes;CombatStats,: Draw ranges
547,Progression,<size=48><color=red>[{0}]Error loading tournament data.
572,Heroes,Favorite Hero:
573,Heroes,Best Hero:
593,Functions,{0}%Max Max BonusMax LimitMax Limit
596,Functions,: Mesh allocs updated
602,Heroes;CombatStats,<color=orange>{0:D1}d {1:D1}hNext Event In:
610,Functions,"Oh, something went wrong while getting the hash!"
611,Progression,Error message: OldLaceOliveOliveDrabOmitXmlDeclarationOn Wave: <color=yellow>{0}</color> <color=green><i>(+{1:n0})</i></color>
613,Functions,: Opacity update roots
614,Functions,: Opacity update total
617,CombatStats,PATCHPBSZPC-Multilingual-850+euroPENDINGPERMANENTLY_BANNED_USERPERMISSION_DENIEDPE_PIPINGPKCS 7 DataPMPOBoxPORTPOSIXPOSTPREMIUM
619,CombatStats,<color=white><size=20>PROPFINDPROPPATCHPROTPUBPUBLICPURCHASEDPUTPUT payload cannot be empty.PWDPWD
622,Bosses;CombatStats;Functions,<size=48><color=red>[Boss Already Spawned]Please try again later.
625,Heroes,"Purchase Hero (Purchase Pending, Waiting for confirmation for {0} seconds - Product: {1}Purchase Processing..."
628,Bosses,<size=48>PvpBossDataPvpBoss_QQNameQUITQUIT
630,Progression;Economy;Functions,Rank Rank 2000 RequiredRank and exp are shared between
631,Heroes;Progression;CombatStats;Functions,<color=orange>all Rank {0} > <color=#19AFFF>{1}</color>
632,Progression;Economy;Functions,"Rank {0} RequiredRank, exp, and attributes are shared"
636,Economy;Functions,<size=36><color=#40FFFF>[Diamond League]Rewards
637,Economy;Functions,<size=36><color=#C0C0C0>[Silver League]Rewards
638,Economy;Functions,<size=36><color=#CD7F32>[Bronze League]Rewards
644,Progression;CombatStats,RequiredSkip Ads!Skip Enemy Wave HP ProcsSkip cmd counts
647,CombatStats;Functions,<color=yellow>Spawn
648,CombatStats;Functions,<color=yellow>{0:n0}x</color>Spawn <color=yellow>Spawn <color=yellow>{0:n0}x</color>
668,Functions,"Example: Timing.RunCoroutine(_foo().CancelWith(gameObject), Segment.FixedUpdate);This exception can probably be fixed by adding ""CancelWith(gameObject)"" when you run the coroutine."
669,Functions,"Example: Timing.RunCoroutine(_foo().CancelWith(gameObject), Segment.LateUpdate);This exception can probably be fixed by adding ""CancelWith(gameObject)"" when you run the coroutine."
673,Heroes;CombatStats,<color=orange>Time Remaining:
674,Heroes;CombatStats,<color=orange><i>Ended!Time Remaining:
676,Progression,Total Kills: <color=yellow>Total Players: <color=red>N/ATotal Players: <color=yellow>Total WavesTotal triangles
681,Functions,: Visual update roots
682,Functions,: Visual update total
684,Progression,Wave
685,Progression,5000Wave Wave 1 - 499 = {0:n0}
686,Progression,Wave 1000 - 1999 = {0:n0}
687,Progression,Wave 10k - 15k = {0:n0}
688,Progression,Wave 15k - 20k = {0:n0}
689,Progression,Wave 2000 - 3999 = {0:n0}
690,Progression,Wave 20k - 25k = {0:n0}
691,Progression,Wave 25k - 30k = {0:n0}
692,Progression,Wave 30k+ = {0:n0}Wave 4000 - 5999 = {0:n0}
693,Progression,Wave 500 - 999 = {0:n0}
694,Progression,Wave 5000Wave 5000
695,Progression,RequiredWave 5k RequiredWave 6000 - 10k = {0:n0}
696,Progression,Wave GrinderWave LimitWave Perks <color=grey>(x0)</color>Wave Perks <color=yellow>(x{0})</color>Wave {0:0}Wave {0:0}
697,Progression,RequiredWave {0:n0}Wave {0:n0}
700,Functions,: Xform update total
716,Functions,<color=grey>{0}</color>[AUTH] failed to re-update server username:
739,Bosses,Goblinsx</color>
740,Heroes,Magesx</color>
817,Heroes;CombatStats;Functions,{0}Tier 2:</color> {1}All heroes deal {2}+{3}%</color> extra damage for every 1m distance the enemy is from the hero.</color><line-height=140%>
818,Heroes;CombatStats;Functions,</line-height>{0}Tier 2:</color> {1}All heroes gain {2}+{3}%</color> double-shot chance (instantly perform 2 attacks).</color><line-height=140%>
819,Heroes;CombatStats;Functions,</line-height>{0}Tier 2:</color> {1}All heroes gain {2}+{3}%</color> instant skill cooldown chance after using a skill.</color><line-height=140%>
820,Heroes;CombatStats,</line-height>{0}Tier 2:</color> {1}All heroes gain {2}+{3}%</color> splash damage.</color><line-height=140%>
821,Heroes;CombatStats;Functions,</line-height>{0}Tier 2:</color> {1}All heroes gain {2}+{3}%</color> super crit chance.</color><line-height=140%>
822,Heroes;CombatStats,</line-height>{0}Tier 2:</color> {1}All heroes gain {2}+{3}%</color> super crit damage.</color><line-height=140%>
823,Heroes;CombatStats,</line-height>{0}Tier 2:</color> {1}All heroes gain {2}+{3}s</color> skill duration.</color><line-height=140%>
824,Heroes;CombatStats;Functions,"</line-height>{0}Tier 2:</color> {1}Burn the enemies, continually dealing the spell's damage every second for {2}{3}s</color>.</color><line-height=140%>"
826,CombatStats;Functions,</line-height>{0}Tier 2:</color> {1}Increase enemy spawn speed by {2}+{3}%</color>.</color><line-height=140%>
827,Economy;Functions,</line-height>{0}Tier 2:</color> {1}Increase super energy income chance by {2}+{3}%</color>.</color><line-height=140%>
828,Economy;Functions,</line-height>{0}Tier 2:</color> {1}Increase super exp chance by {2}+{3}%</color>.</color><line-height=140%>
829,Economy;Functions,</line-height>{0}Tier 2:</color> {1}Increase super gold chance by {2}+{3}%</color>.</color><line-height=140%>
847,Functions,CalculateCurrentIncrease
848,Functions,Update
853,CombatStats,_translationSpeed
855,CombatStats,_movementSpeed
856,CombatStats,_boostedSpeed
857,CombatStats,_boostSpeed
860,CombatStats,_enableSpeedAcceleration
861,CombatStats,_speedAccelerationFactor
868,WavePerks,AnimationCardOpener
870,WavePerks,PlayCardOpen
871,WavePerks,PlayCardClosed
872,WavePerks,animationCardOpen
873,WavePerks,CardPack
897,WavePerks,PlayCards
898,WavePerks,PlayCardsBack
929,CombatStats,PlayAnimAttack
930,CombatStats,PlayAttack
941,CombatStats,<PlayAttack>d__4
967,CombatStats,dropdownWithPlaceholder
969,CombatStats,RotationSpeeds
970,CombatStats,m_textMeshPro
976,Economy;Functions,InitializeRewardedAds
977,Economy;Functions,LoadRewardedAd
979,Economy;Functions,_adReward
980,Economy;Functions,ShowRewardedAd
983,Economy;Functions,OnRewardedAdLoadedEvent
985,Economy;Functions,OnRewardedAdLoadFailedEvent
986,Economy;Functions,OnRewardedAdDisplayedEvent
987,Economy;Functions,OnRewardedAdFailedToDisplayEvent
988,Economy;Functions,OnRewardedAdClickedEvent
989,Economy;Functions,OnRewardedAdHiddenEvent
990,Economy;Functions,reward
991,Economy;Functions,OnRewardedAdReceivedRewardEvent
992,Economy;Functions,giveReward
993,Economy;Functions,OnRewardedAdRevenuePaidEvent
1000,Economy;Functions,adReward
1001,Economy;Functions,gaveReward
1011,Economy,price
1013,Automation,AutomationActiveHudCell
1015,Functions,updSliders
1026,Progression,prestigeWave
1027,Automation,AutomationActiveHudPanel
1028,Functions,updPanel
1029,Functions,_updUiSizeAfterFrame
1039,Functions,updTimer
1042,Functions,<updPanel>b__11_0
1044,Functions,<_updUiSizeAfterFrame>d__12
1045,Automation,AutomationFunctionActiveCell
1046,Functions,updCell
1047,Functions,updSlider
1053,Heroes,bgImage
1060,Economy;Functions,unlockSlotButtonCost
1061,Economy;Functions,unlockSlotCost
1063,Automation,AutomationFunctionCell
1069,Progression,waveReq
1074,Economy;Functions,unlockButtonCost
1080,Economy;Functions,cost
1081,Automation,AutomationFunctionDetailsMenu
1082,Progression,onPrestigeSliderChanged
1091,Progression,settingsPrestige
1092,Progression,prestigeWaveSlider
1093,Progression;Economy,prestigeMaxValue
1094,Progression,prestigeWavePctText
1095,Progression,prestigeWaveMaxText
1096,Progression,prestigeWaveNumText
1097,Progression;WavePerks,settingsWavePerks
1098,Bosses,settingsUltimus
1099,Bosses;Progression,ultimusWaveCover
1100,Bosses;Progression,ultimusWaveButtonText
1101,Bosses,ultimusTypeCover
1102,Bosses;Heroes,ultimusTypeButtonImage
1103,Bosses,ultimusTypeButtonText
1104,Bosses,settingsSupreme
1105,Bosses;Progression,supremeWaveCover
1106,Bosses;Progression,supremeWaveButtonText
1110,Automation,AutomationInfoPanel
1115,Heroes;CombatStats,damageBoost
1116,Economy,goldBoost
1117,Economy,energyBoost
1118,Economy,expBoost
1119,Automation;Heroes;Functions,autoLevelHeroes
1120,Automation;Progression;WavePerks,autoWavePerks
1122,Automation;Progression,autoPrestige
1123,Bosses;CombatStats;Functions,spawnBosses
1124,Bosses;CombatStats;Functions,spawnGoblins
1125,Bosses;CombatStats;Functions,spawnProducers
1126,Bosses;CombatStats;Functions,spawnTrainers
1127,Bosses;CombatStats;Functions,spawnShadows
1128,Bosses;CombatStats;Functions,spawnAliens
1129,Bosses;CombatStats;Functions,spawnUltimus
1130,Bosses;CombatStats;Functions,spawnSupreme
1132,Heroes;CombatStats,damageBoostAmount
1133,Heroes;CombatStats,damageBoostMax
1134,Heroes;CombatStats,damageBoostCooldown
1135,Economy,goldBoostAmount
1136,Economy,goldBoostMax
1137,Economy;CombatStats,goldBoostCooldown
1138,Economy,energyBoostAmount
1139,Economy,energyBoostMax
1140,Economy;CombatStats,energyBoostCooldown
1141,Economy,expBoostAmount
1142,Economy,expBoostMax
1143,Economy;CombatStats,expBoostCooldown
1144,Automation;Heroes;CombatStats;Functions,autoLevelHeroesCooldown
1145,Automation;Progression;WavePerks,autoWavePerksAmount
1146,CombatStats,autoClaimAdsCooldown
1147,Automation;Progression,autoPrestigeWaveLimit
1148,Automation;Bosses;CombatStats;Functions,autoBossSpawns
1149,Automation;Bosses;Functions,autoBossBonus
1150,Automation;Bosses;CombatStats,autoBossCooldown
1151,Bosses;CombatStats;Functions,autoGoblinSpawns
1152,Bosses;Functions,autoGoblinBonus
1153,Bosses;CombatStats,autoGoblinCooldown
1154,Bosses;CombatStats;Functions,autoProducerSpawns
1155,Bosses;Functions,autoProducerBonus
1156,Bosses;CombatStats,autoProducerCooldown
1157,Bosses;CombatStats;Functions,autoTrainerSpawns
1158,Bosses;Functions,autoTrainerBonus
1159,Bosses;CombatStats,autoTrainerCooldown
1160,Bosses;CombatStats;Functions,autoShadowSpawns
1161,Bosses;Functions,autoShadowBonus
1162,Bosses;CombatStats,autoShadowCooldown
1163,Bosses;CombatStats;Functions,autoAlienSpawns
1164,Bosses;Functions,autoAlienBonus
1165,Bosses;CombatStats,autoAlienCooldown
1166,Bosses;CombatStats;Functions,autoUltimusSpawns
1167,Bosses;Functions,autoUltimusBonus
1168,Bosses;CombatStats,autoUltimusCooldown
1169,Bosses;CombatStats;Functions,autoSupremeSpawns
1170,Bosses;Functions,autoSupremeBonus
1171,Bosses;CombatStats,autoSupremeCooldown
1172,CombatStats,idleActivationCooldown
1173,Automation;Progression;Functions,autoLevelInstantAfterPrestige
1174,Bosses,autoUltimusType
1175,Bosses;Progression,autoUltimusWave
1176,Bosses;Progression,autoSupremeWave
1177,Heroes;CombatStats,damageBoostStartVal
1178,Economy,goldBoostStartVal
1179,Economy,energyBoostStartVal
1180,Economy,expBoostStartVal
1181,Automation;Heroes;Functions,autoLevelHeroesSpendAmount
1182,Automation,AutomationPanel
1190,Economy;Functions,nextFunctionUnlockCost
1193,Economy;Functions,resetButtonCost
1197,Automation,AutomationUpgradeActiveCell
1206,Economy;Functions,completeButtonCost
1207,Economy;Functions,completeCost
1208,Automation,AutomationUpgradeCell
1213,Economy;Functions,upgradeButtonCost
1217,Economy;Functions,naCoverCost
1219,Functions,currLevel
1220,Functions,maxLevel
1221,Economy;Functions,baseCost
1222,Economy;Functions,costMult
1223,Economy;Functions,upgradeCost
1224,Bosses,BossPanel
1225,Bosses,_bossNum
1226,CombatStats;Functions,spawnButton
1227,CombatStats,buyHpReduction
1228,CombatStats;Functions,autoSpawnButton
1229,Bosses,bossNum
1230,Economy,openGoldenInfoPanel
1232,Bosses;Economy;Functions,expandedSupremeChancePanels
1233,Economy;Functions,expandedGoldenChancePanels
1234,Bosses;Economy,expandedUltimusPanel
1235,Bosses,goblinRectTransform
1236,CombatStats,hpText1
1237,Economy;Functions,rewardText1
1238,Economy;Functions,rewardDesc1
1239,CombatStats;Functions,spawnButtonText1
1244,Bosses;Economy;Functions,goblinGoldenChanceText
1245,Bosses,producerRectTransform
1246,CombatStats,hpText2
1247,Economy;Functions,rewardText2
1248,Economy;Functions,rewardDesc2
1249,CombatStats;Functions,spawnButtonText2
1254,Bosses;Economy;Functions,producerGoldenChanceText
1255,Bosses,trainerRectTransform
1256,CombatStats,hpText3
1257,Economy;Functions,rewardText3
1258,Economy;Functions,rewardDesc3
1259,CombatStats;Functions,spawnButtonText3
1264,Bosses;Economy;Functions,trainerGoldenChanceText
1265,Bosses,shadowRectTransform
1266,Bosses,bossAvailablePanel4
1267,Bosses,bossLockedPanel4
1268,CombatStats,hpText4
1269,CombatStats,hpReductionStatText4
1270,CombatStats,hpButton4
1271,Economy;CombatStats;Functions,hpButtonCost4
1272,CombatStats,hpButtonMaxCover4
1273,Economy;Functions,rewardText4
1274,CombatStats;Functions,spawnButton4
1275,CombatStats;Functions,spawnButtonTitle4
1276,Economy;CombatStats;Functions,spawnButtonCost4
1280,CombatStats;Functions,autoSpawnText4
1282,CombatStats,lockedHpText4
1283,Economy;Functions,lockedRewardText4
1284,Bosses;Functions,shadowSupremeChanceText
1285,Bosses,alienRectTransform
1286,Bosses,bossAvailablePanel5
1287,Bosses,bossLockedPanel5
1288,CombatStats,hpText5
1289,CombatStats,hpReductionStatText5
1290,CombatStats,hpButton5
1291,Economy;CombatStats;Functions,hpButtonCost5
1292,CombatStats,hpButtonMaxCover5
1293,Economy;Functions,rewardText5
1294,CombatStats;Functions,spawnButton5
1295,CombatStats;Functions,spawnButtonTitle5
1296,Economy;CombatStats;Functions,spawnButtonCost5
1300,CombatStats;Functions,autoSpawnText5
1302,CombatStats,lockedHpText5
1303,Economy;Functions,lockedRewardText5
1304,Bosses;Functions,alienSupremeChanceText
1305,Bosses,ultimusRectTransform
1306,Bosses,bossAvailablePanel6
1307,Bosses,bossLockedPanel6
1308,CombatStats,hpText6
1309,CombatStats;Functions,spawnsText6
1310,CombatStats;Functions,spawnsSlider6
1311,CombatStats;Functions,spawnsSliderText
1312,Bosses,ultimusTokens1
1313,CombatStats;Functions,spawnButton6_a
1314,CombatStats;Functions,spawnButtonTitle6_a
1315,Economy;CombatStats;Functions,spawnButtonCost6_a
1316,CombatStats;Functions,spawnButtonIcon6_a
1317,CombatStats;Functions,spawnButtonCover6_a
1318,CombatStats;Functions,spawnButtonCoverText6_a
1319,Bosses,ultimusTokens2
1320,CombatStats;Functions,spawnButton6_b
1321,CombatStats;Functions,spawnButtonTitle6_b
1322,Economy;CombatStats;Functions,spawnButtonCost6_b
1323,CombatStats;Functions,spawnButtonIcon6_b
1324,CombatStats;Functions,spawnButtonCover6_b
1325,CombatStats;Functions,spawnButtonCoverText6_b
1326,Bosses,ultimusTokens3
1327,CombatStats;Functions,spawnButton6_c
1328,CombatStats;Functions,spawnButtonTitle6_c
1329,Economy;CombatStats;Functions,spawnButtonCost6_c
1330,CombatStats;Functions,spawnButtonIcon6_c
1331,CombatStats;Functions,spawnButtonCover6_c
1332,CombatStats;Functions,spawnButtonCoverText6_c
1333,CombatStats,lockedHpText6
1334,Economy;Functions,lockedRewardText6
1335,Bosses,supUltimusPanel
1336,Bosses;Economy;Functions,supUltimusRewardText
1337,Bosses;CombatStats;Functions,supUltimusSpawnButton
1338,Bosses;CombatStats;Functions,supUltimusSpawnButtonTitle
1339,Bosses;Economy;CombatStats;Functions,supUltimusSpawnButtonCost
1340,Bosses;CombatStats;Functions,supUltimusSpawnButtonIcon
1341,Bosses;CombatStats;Functions,supUltimusSpawnButtonCover
1342,Bosses;CombatStats;Functions,supUltimusSpawnButtonCoverText
1343,Bosses;Progression,supUltimusWaveLockedCover
1345,Bosses,listBossInfoPanels
1346,Bosses;CombatStats,infoSupAlienHp
1347,Bosses;CombatStats,infoSupUltimusHp
1349,Bosses,BossPanelSidePanel
1354,Progression;Functions,updWaveChanges
1355,Functions,updFastChanges
1356,CombatStats;Functions,updKillableHp
1360,Economy,expandedPanel
1361,Economy,expandedContent
1362,Economy;CombatStats;Functions,didMoveHpRectsForGoldenChance
1363,Bosses;CombatStats,goblinHpRectTransform
1364,Bosses;CombatStats,goblinHpText
1365,Bosses,goblinResAmount
1366,Bosses,goblinResDesc
1367,Bosses;CombatStats;Functions,goblinSpawnButtonText
1368,Bosses,goblinNaCover
1369,Bosses,goblinNaCoverText
1370,Bosses;CombatStats,producerHpRectTransform
1371,Bosses;CombatStats,producerHpText
1372,Bosses,producerResAmount
1373,Bosses,producerResDesc
1374,Bosses;CombatStats;Functions,producerSpawnButtonText
1375,Bosses,producerNaCover
1376,Bosses,producerNaCoverText
1377,Bosses;CombatStats,trainerHpRectTransform
1378,Bosses;CombatStats,trainerHpText
1379,Bosses,trainerResAmount
1380,Bosses,trainerResDesc
1381,Bosses;CombatStats;Functions,trainerSpawnButtonText
1382,Bosses,trainerNaCover
1383,Bosses,trainerNaCoverText
1384,Bosses,shadowLockedPanel
1385,Bosses,shadowLockedRect
1386,Bosses;CombatStats,shadowLockedHpText
1387,Bosses;Economy;Functions,shadowLockedRewardText
1388,Bosses,shadowUnlockedPanel
1389,Bosses,shadowUnlockedRect
1390,Bosses;CombatStats,shadowHpText
1391,Bosses;CombatStats,shadowHpReductionButton
1392,Bosses;CombatStats,shadowHpReductionButtonTitle
1393,Bosses;Economy;CombatStats;Functions,shadowHpReductionButtonCost
1394,Bosses;CombatStats,shadowHpReductionMaxCover
1395,Bosses,shadowResAmount
1396,Bosses;CombatStats;Functions,shadowContinueSpawnCheckbox
1397,Bosses;CombatStats;Functions,shadowContinueSpawnCheckmark
1398,Bosses;CombatStats;Functions,shadowSpawnButton
1399,Bosses;CombatStats;Functions,shadowSpawnButtonTitle
1400,Bosses;Economy;CombatStats;Functions,shadowSpawnButtonCost
1401,Bosses,shadowNaCover
1402,Bosses,shadowNaCoverText
1403,Bosses;Economy;Functions,didExpandShadowForSupremeChance
1404,Bosses,alienLockedPanel
1405,Bosses,alienLockedRect
1406,Bosses;CombatStats,alienLockedHpText
1407,Bosses;Economy;Functions,alienLockedRewardText
1408,Bosses,alienUnlockedPanel
1409,Bosses,alienUnlockedRect
1410,Bosses;CombatStats,alienHpText
1411,Bosses;CombatStats,alienHpReductionButton
1412,Bosses;CombatStats,alienHpReductionButtonTitle
1413,Bosses;Economy;CombatStats;Functions,alienHpReductionButtonCost
1414,Bosses;CombatStats,alienHpReductionMaxCover
1415,Bosses,alienResAmount
1416,Bosses;CombatStats;Functions,alienContinueSpawnCheckbox
1417,Bosses;CombatStats;Functions,alienContinueSpawnCheckmark
1418,Bosses;CombatStats;Functions,alienSpawnButton
1419,Bosses;CombatStats;Functions,alienSpawnButtonTitle
1420,Bosses;Economy;CombatStats;Functions,alienSpawnButtonCost
1421,Bosses,alienNaCover
1422,Bosses,alienNaCoverText
1423,Bosses;Economy;Functions,didExpandAlienForSupremeChance
1424,Bosses,ultimusLockedPanel
1425,Bosses,ultimusLockedRect
1426,Bosses;CombatStats,ultimusLockedHpText
1427,Bosses;Economy;Functions,ultimusLockedRewardText
1428,Bosses,ultimusUnlockedPanel
1429,Bosses,ultimusUnlockedRect
1430,Bosses;CombatStats,ultimusHpText
1431,Bosses;CombatStats;Functions,ultimusSpawnsSlider
1432,Bosses;CombatStats;Functions,ultimusSpawnsCurrentText
1433,Bosses;CombatStats;Functions,ultimusSpawnsCooldownText
1434,Bosses,ultimusResAmount
1435,Bosses;Heroes;CombatStats;Functions,ultimusMeleeSpawnButton
1436,Bosses;Heroes;CombatStats;Functions,ultimusMeleeSpawnButtonTitle
1437,Bosses;Heroes;Economy;CombatStats;Functions,ultimusMeleeSpawnButtonCost
1438,Bosses;Heroes,ultimusMeleeNaCover
1439,Bosses;Heroes,ultimusMeleeNaCoverText
1440,Bosses;Heroes;CombatStats;Functions,ultimusMageSpawnButton
1441,Bosses;Heroes;CombatStats;Functions,ultimusMageSpawnButtonTitle
1442,Bosses;Heroes;Economy;CombatStats;Functions,ultimusMageSpawnButtonCost
1443,Bosses;Heroes,ultimusMageNaCover
1444,Bosses;Heroes,ultimusMageNaCoverText
1445,Bosses;Heroes;CombatStats;Functions,ultimusRangeSpawnButton
1446,Bosses;Heroes;CombatStats;Functions,ultimusRangeSpawnButtonTitle
1447,Bosses;Heroes;Economy;CombatStats;Functions,ultimusRangeSpawnButtonCost
1448,Bosses;Heroes;CombatStats,ultimusRangeNaCover
1449,Bosses;Heroes;CombatStats,ultimusRangeNaCoverText
1450,Bosses,ultimusSupremePanel
1451,Bosses;CombatStats;Functions,ultimusSupremeSpawnButton
1452,Bosses;CombatStats;Functions,ultimusSupremeSpawnButtonTitle
1453,Bosses;Economy;CombatStats;Functions,ultimusSupremeSpawnButtonCost
1454,Bosses,ultimusSupremeNaCover
1455,Bosses,ultimusSupremeNaCoverText
1456,Bosses;Economy;Functions,didExpandUltimusForSupremeChance
1458,Bosses;CombatStats,minGoblinHpText
1459,Bosses,minGoblinResAmount
1460,Bosses;CombatStats;Functions,minGoblinSpawnButtonText
1461,Bosses,minGoblinNaCover
1462,Bosses,minGoblinNaCoverText
1463,Bosses;CombatStats,minProducerHpText
1464,Bosses,minProducerResAmount
1465,Bosses;CombatStats;Functions,minProducerSpawnButtonText
1466,Bosses,minProducerNaCover
1467,Bosses,minProducerNaCoverText
1468,Bosses;CombatStats,minTrainerHpText
1469,Bosses,minTrainerResAmount
1470,Bosses;CombatStats;Functions,minTrainerSpawnButtonText
1471,Bosses,minTrainerNaCover
1472,Bosses,minTrainerNaCoverText
1473,Bosses;CombatStats,minShadowHpText
1474,Bosses,minShadowResAmount
1475,Bosses;CombatStats;Functions,minShadowContinueSpawnCheckbox
1476,Bosses;CombatStats;Functions,minShadowContinueSpawnCheckmark
1477,Bosses;CombatStats;Functions,minShadowSpawnButton
1478,Bosses;CombatStats;Functions,minShadowSpawnButtonTitle
1479,Bosses;Economy;CombatStats;Functions,minShadowSpawnButtonCost
1480,Bosses,minShadowNaCover
1481,Bosses,minShadowNaCoverText
1482,Bosses;Progression,minShadowWaveLockedCover
1483,Bosses;CombatStats,minAlienHpText
1484,Bosses,minAlienResAmount
1485,Bosses;CombatStats;Functions,minAlienContinueSpawnCheckbox
1486,Bosses;CombatStats;Functions,minAlienContinueSpawnCheckmark
1487,Bosses;CombatStats;Functions,minAlienSpawnButton
1488,Bosses;CombatStats;Functions,minAlienSpawnButtonTitle
1489,Bosses;Economy;CombatStats;Functions,minAlienSpawnButtonCost
1490,Bosses,minAlienNaCover
1491,Bosses,minAlienNaCoverText
1492,Bosses;Progression,minAlienWaveLockedCover
1493,Bosses;CombatStats;Functions,minUltimusSpawnsSlider
1494,Bosses;CombatStats;Functions,minUltimusSpawnsCurrentText
1495,Bosses;CombatStats;Functions,minUltimusSpawnsCooldownText
1496,Bosses;CombatStats,minUltimusHpText
1497,Bosses,minUltimusResAmount
1498,Bosses;Progression,minUltimusWaveLockedCover
1499,Bosses;Heroes;CombatStats;Functions,minUltimusMeleeSpawnButton
1500,Bosses;Heroes;CombatStats;Functions,minUltimusMeleeSpawnButtonTitle
1501,Bosses;Heroes;Economy;CombatStats;Functions,minUltimusMeleeSpawnButtonCost
1502,Bosses;Heroes,minUltimusMeleeNaCover
1503,Bosses;Heroes,minUltimusMeleeNaCoverText
1504,Bosses;Heroes;CombatStats;Functions,minUltimusMageSpawnButton
1505,Bosses;Heroes;CombatStats;Functions,minUltimusMageSpawnButtonTitle
1506,Bosses;Heroes;Economy;CombatStats;Functions,minUltimusMageSpawnButtonCost
1507,Bosses;Heroes,minUltimusMageNaCover
1508,Bosses;Heroes,minUltimusMageNaCoverText
1509,Bosses;Heroes;CombatStats;Functions,minUltimusRangeSpawnButton
1510,Bosses;Heroes;CombatStats;Functions,minUltimusRangeSpawnButtonTitle
1511,Bosses;Heroes;Economy;CombatStats;Functions,minUltimusRangeSpawnButtonCost
1512,Bosses;Heroes;CombatStats,minUltimusRangeNaCover
1513,Bosses;Heroes;CombatStats,minUltimusRangeNaCoverText
1514,Bosses;CombatStats,minUltimusSupremeHpText
1515,Bosses,minUltimusSupremeResAmount
1516,Bosses;CombatStats;Functions,minUltimusSupremeSpawnButton
1517,Bosses;CombatStats;Functions,minUltimusSupremeSpawnButtonTitle
1518,Bosses;Economy;CombatStats;Functions,minUltimusSupremeSpawnButtonCost
1519,Bosses,minUltimusSupremeNaCover
1520,Bosses,minUltimusSupremeNaCoverText
1521,Bosses;Progression,minUltimusSupremeWaveLockedCover
1522,Progression,savedHighestWave
1530,Economy,goldTextFree
1531,Economy,energyTextFree
1532,Progression,runeTextFree
1533,Economy,gemTextFree
1537,Economy;Functions,goldRewardFree
1538,Economy;Functions,energyRewardFree
1539,Economy;Functions,gemRewardFree
1540,Progression;Economy;Functions,runeRewardFree
1542,Economy,goldTextPremium
1543,Economy,energyTextPremium
1544,Progression,runeTextPremium
1545,Economy,gemTextPremium
1549,Economy;Functions,goldRewardPremium
1550,Economy;Functions,energyRewardPremium
1551,Economy;Functions,gemRewardPremium
1552,Progression;Economy;Functions,runeRewardPremium
1559,Economy;Functions,codeListRewards
1565,Economy;Functions,codeResultListRewards
1572,Functions,codeAlreadyMovedPanels
1574,Economy;Functions,nextRewardText
1580,CombatStats,scrollSpeed
1589,Functions,getDecompressedString
1603,Progression,doDateCheck
1620,Progression,onWaveNum
1621,Bosses,isBossRushActive
1622,CombatStats,gameSpeed
1623,CombatStats,gameSpeedNormal
1624,CombatStats,strongDmgType
1625,CombatStats,weakDmgType
1626,Progression,paidToContinueWave
1627,Progression,lastPrestigeWave
1629,Progression,lastDateCheck
1635,Economy,resGold
1636,Economy,resGold_big
1637,Economy,resEnergy
1638,Economy,resEnergy_double
1639,Economy,resGems
1640,Progression,resPrestigePoints
1641,Progression,resPrestigePoints_big
1642,Progression;CombatStats,resTechPts
1643,Bosses;Progression,resTechSupremePts
1649,Bosses,resTokensSupreme
1651,Progression,resMasteryPoints
1659,Heroes;CombatStats,iapDamage
1660,Economy,iapKillGold
1661,Progression;Economy,iapPrestigePower
1662,Economy,iapKillExp
1663,CombatStats,iapGameSpeed
1664,Progression;Economy,iapBattlepassExp
1665,Economy,iapGems1
1666,Economy,iapGems2
1667,Economy,iapGems3
1668,Economy,iapGems4
1669,Economy,iapGems5
1673,Progression,iapBattlepassPremium
1675,Bosses,iapPvpBossBoost
1676,Bosses,iapPvpBossBoostPerm
1686,Progression,iapMasterySmallPack
1687,Progression,iapMasteryLargePack
1688,Progression,iapMasteryPermBundle
1710,Heroes,listHeroDataPrefabs
1711,Heroes,listHeroDataActive
1712,Heroes,listHeroDataRemoved
1713,CombatStats,baseEnemyHp
1714,CombatStats,baseEnemyHp_big
1715,Progression;CombatStats,savedEnemyHpBeginningOfWave
1716,Progression;CombatStats,savedEnemyHpBeginningOfWave_big
1718,Bosses,producerCd
1719,Bosses,trainerCd
1720,Progression,runesToClaim
1721,Bosses;Progression;CombatStats,runeBossHp
1722,Bosses;Progression;CombatStats,runeBossHp_big
1723,Bosses;Progression;CombatStats,techBossHp
1724,Bosses;Progression;CombatStats,techBossHp_big
1725,Bosses;CombatStats;Functions,ultimusSpawns
1726,Bosses,ultimusCd
1727,Bosses;Progression,supremeRunesToClaim
1728,Bosses;Progression,supremeRunesToClaim2
1729,Bosses;Economy,mimicGemsToday
1730,Functions,playerLevel
1731,Economy,playerExp
1732,Progression,battlepassNormalClaimed
1733,Progression,battlepassPremiumClaimed
1734,Progression;Functions,battlepassNormalRepeatLastClaimLevel
1735,Progression;Functions,battlepassPremiumRepeatLastClaimLevel
1736,Heroes;CombatStats,bpDamage
1737,Economy,bpKillGold
1738,Progression;Economy,bpPrestigePower
1739,Economy,bpKillExp
1740,Economy,bpKillExp_double
1741,Economy,bpEnergyIncome
1744,Progression,tournHighestWave
1746,Economy;Functions,tournCanClaimReward
1747,Bosses,pvpBossLeague
1748,Bosses,pvpBossJoined
1749,Bosses,pvpBossVersionId
1750,Bosses;CombatStats;Functions,pvpBossSpawns
1751,Bosses;Economy;Functions,pvpBossCanClaimReward
1752,Bosses,pvpBossUploadScoreSuccess
1753,Bosses;Heroes;CombatStats,pvpBossTrackedDamage_last
1754,Bosses;CombatStats,pvpBossTrackedAttacks_last
1755,Bosses,pvpBossTrackedDuration_last
1756,Bosses;CombatStats,pvpBossTrackedNormalCrits_last
1757,Bosses;CombatStats,pvpBossTrackedSuperCrits_last
1758,Bosses;CombatStats,pvpBossTrackedUltraCrits_last
1759,Bosses;Heroes;CombatStats,pvpBossTrackedDamage_bestCurr
1760,Bosses;CombatStats,pvpBossTrackedAttacks_bestCurr
1761,Bosses,pvpBossTrackedDuration_bestCurr
1762,Bosses;CombatStats,pvpBossTrackedNormalCrits_bestCurr
1763,Bosses;CombatStats,pvpBossTrackedSuperCrits_bestCurr
1764,Bosses;CombatStats,pvpBossTrackedUltraCrits_bestCurr
1775,Heroes;CombatStats;Functions,communityEventDamageBonus
1776,Economy;Functions,communityEventGoldBonus
1777,Progression;Functions,communityEventPrestigeBonus
1778,Economy;Functions,communityEventEnergyBonus
1786,CombatStats,taskMasterPermDmg
1787,Economy,taskMasterPermGold
1788,Progression,taskMasterPermPrestige
1789,Economy,taskMasterPermExp
1790,Economy,taskMasterPermEnergy
1797,Heroes;CombatStats,giftcodeDamage
1798,Economy,giftcodeKillGold
1799,Economy,giftcodeEnergy
1800,Progression,giftcodePrestige
1801,Economy,giftcodeKillExp
1811,Heroes;CombatStats,map1Perks_range
1814,CombatStats;Functions,map1Perks_instantSkillChance
1815,CombatStats,map1Perks_skillPowerPct
1816,Functions,map1Perks_doubleShotChance
1817,Heroes;Progression;Economy;CombatStats,map1Perks_masteryExpRange
1818,Progression;CombatStats,map1Perks_masterySkillPower
1820,Heroes;CombatStats,map1Slots_damage
1821,CombatStats,map1Slots_attSpeed
1822,Heroes;CombatStats,map1Slots_range
1823,Economy,map1Slots_gold
1824,Progression;Economy;Functions,map1Slots_rankExpPct
1825,CombatStats,map1Slots_skillPowerPct
1826,CombatStats;Functions,map1Slots_instantSkillChance
1827,Functions,map1Slots_synergyBonus
1828,Progression;Functions,map1Slots_milestoneBonus
1829,Progression;Economy;Functions,map1Slots_mastery2xExpChance
1832,CombatStats,map2Perks_enemyMoveSpeed
1835,CombatStats;Functions,map2Perks_instantSpellChance
1836,Functions,map2Perks_adBonus
1837,Progression;WavePerks,map2Perks_wavePerkEffect
1838,Heroes;Progression;Economy,map2Perks_masteryExpMage
1839,Progression;CombatStats,map2Perks_masterySkillPower
1841,Heroes;CombatStats,map2Slots_damage
1842,CombatStats,map2Slots_attSpeed
1843,Heroes;CombatStats,map2Slots_range
1844,Economy,map2Slots_gold
1845,Progression;Economy;Functions,map2Slots_rankExpPct
1846,CombatStats,map2Slots_skillPowerPct
1847,CombatStats;Functions,map2Slots_instantSkillChance
1848,Functions,map2Slots_synergyBonus
1849,Progression;Functions,map2Slots_milestoneBonus
1850,Progression;Economy;Functions,map2Slots_mastery2xExpChance
1853,Heroes;CombatStats,map3Perks_range
1854,Progression;Economy;Functions,map3Perks_rankExpPct
1855,Bosses;CombatStats;Functions,map3Perks_trainerSpawns
1856,Economy;Functions,map3Perks_superExpChance
1857,Economy,map3Perks_superExpAmount
1858,Bosses;Functions,map3Perks_extraBossChance
1859,Bosses;Functions,map3Perks_mimicBossChance
1860,Progression;Functions,map3Perks_milestoneBonus
1861,Bosses;Economy,map3Perks_mimicExp
1863,Heroes;CombatStats,map3Slots_damage
1864,CombatStats,map3Slots_attSpeed
1865,Heroes;CombatStats,map3Slots_range
1866,Economy,map3Slots_gold
1867,Progression;Economy;Functions,map3Slots_rankExpPct
1868,CombatStats,map3Slots_skillPowerPct
1869,CombatStats;Functions,map3Slots_instantSkillChance
1870,Functions,map3Slots_synergyBonus
1871,Progression;Functions,map3Slots_milestoneBonus
1872,Progression;Economy;Functions,map3Slots_mastery2xExpChance
1875,CombatStats,map4Perks_skillCooldown
1876,Progression;Economy,map4Perks_prestigePower
1877,Progression;Economy,map4Perks_battlepassExp
1878,Heroes;CombatStats,map4Perks_range
1879,Progression;WavePerks,map4Perks_wavePerkWaves
1880,Bosses,map4Perks_bossRushSkip
1881,Heroes;Progression;Economy,map4Perks_masteryExpMelee
1882,CombatStats;Functions,map4Perks_enemySpawnSpeed
1884,Heroes;CombatStats,map4Slots_damage
1885,CombatStats,map4Slots_attSpeed
1886,Heroes;CombatStats,map4Slots_range
1887,Economy,map4Slots_gold
1888,Progression;Economy;Functions,map4Slots_rankExpPct
1889,CombatStats,map4Slots_skillPowerPct
1890,CombatStats;Functions,map4Slots_instantSkillChance
1891,Functions,map4Slots_synergyBonus
1892,Progression;Functions,map4Slots_milestoneBonus
1893,Progression;Economy;Functions,map4Slots_mastery2xExpChance
1896,Heroes;CombatStats,map5Perks_damage
1897,Economy,map5Perks_gold
1898,CombatStats,map5Perks_attSpeed
1899,CombatStats,map5Perks_splashDmg
1900,CombatStats;Functions,map5Perks_superCritChance
1901,CombatStats,map5Perks_superCritDmg
1902,Economy;Functions,map5Perks_superGoldChance
1903,Economy,map5Perks_superGoldAmount
1905,Heroes;CombatStats,map5Slots_damage
1906,CombatStats,map5Slots_attSpeed
1907,Heroes;CombatStats,map5Slots_range
1908,Economy,map5Slots_gold
1909,Progression;Economy;Functions,map5Slots_rankExpPct
1910,CombatStats,map5Slots_skillPowerPct
1911,CombatStats;Functions,map5Slots_instantSkillChance
1912,Functions,map5Slots_synergyBonus
1913,Progression;Functions,map5Slots_milestoneBonus
1914,Progression;Economy;Functions,map5Slots_mastery2xExpChance
1917,Economy,map6Perks_energyIncome
1918,Economy;Functions,map6Perks_superEnergyChance
1919,Economy,map6Perks_superEnergyAmount
1920,CombatStats,map6Perks_spellCooldown
1921,Heroes;CombatStats;Functions,map6Perks_powerMageSpawns
1922,Heroes;CombatStats,map6Perks_powerMageCooldown
1923,Heroes;Economy;Functions,map6Perks_powerMageGoldenChance
1924,CombatStats;Functions,map6Perks_instantSpellChance
1926,Heroes;CombatStats,map6Slots_damage
1927,CombatStats,map6Slots_attSpeed
1928,Heroes;CombatStats,map6Slots_range
1929,Economy,map6Slots_gold
1930,Progression;Economy;Functions,map6Slots_rankExpPct
1931,CombatStats,map6Slots_skillPowerPct
1932,CombatStats;Functions,map6Slots_instantSkillChance
1933,Functions,map6Slots_synergyBonus
1934,Progression;Functions,map6Slots_milestoneBonus
1935,Progression;Economy;Functions,map6Slots_mastery2xExpChance
1937,CombatStats,map7Perks_dmgGroup1
1938,Economy,map7Perks_goldGroup2
1939,Economy,map7Perks_expGroup3
1940,Economy,map7Perks_energyGroup4
1941,Bosses,map7Perks_bossGroup5
1942,CombatStats,map7Perks_skillGroup6
1945,Heroes;CombatStats,map7Slots_damage
1946,CombatStats,map7Slots_attSpeed
1947,Heroes;CombatStats,map7Slots_range
1948,Economy,map7Slots_gold
1949,Progression;Economy;Functions,map7Slots_rankExpPct
1950,CombatStats,map7Slots_skillPowerPct
1951,CombatStats;Functions,map7Slots_instantSkillChance
1952,Functions,map7Slots_synergyBonus
1953,Progression;Functions,map7Slots_milestoneBonus
1954,Progression;Economy;Functions,map7Slots_mastery2xExpChance
1958,Heroes,map0Preset1HeroData
1959,Heroes,map0Preset2HeroData
1960,Heroes,map0Preset3HeroData
1961,Heroes,map0Preset4HeroData
1962,Heroes,map0Preset5HeroData
1963,Heroes,map0Preset6HeroData
1964,Heroes,map0Preset7HeroData
1965,Heroes,map0Preset8HeroData
1966,Heroes,map0Preset9HeroData
1968,Heroes,map1Preset1HeroData
1969,Heroes,map1Preset2HeroData
1970,Heroes,map1Preset3HeroData
1971,Heroes,map1Preset4HeroData
1972,Heroes,map1Preset5HeroData
1973,Heroes,map1Preset6HeroData
1974,Heroes,map1Preset7HeroData
1975,Heroes,map1Preset8HeroData
1976,Heroes,map1Preset9HeroData
1978,Heroes,map2Preset1HeroData
1979,Heroes,map2Preset2HeroData
1980,Heroes,map2Preset3HeroData
1981,Heroes,map2Preset4HeroData
1982,Heroes,map2Preset5HeroData
1983,Heroes,map2Preset6HeroData
1984,Heroes,map2Preset7HeroData
1985,Heroes,map2Preset8HeroData
1986,Heroes,map2Preset9HeroData
1988,Heroes,map3Preset1HeroData
1989,Heroes,map3Preset2HeroData
1990,Heroes,map3Preset3HeroData
1991,Heroes,map3Preset4HeroData
1992,Heroes,map3Preset5HeroData
1993,Heroes,map3Preset6HeroData
1994,Heroes,map3Preset7HeroData
1995,Heroes,map3Preset8HeroData
1996,Heroes,map3Preset9HeroData
1998,Heroes,map4Preset1HeroData
1999,Heroes,map4Preset2HeroData
2000,Heroes,map4Preset3HeroData
2001,Heroes,map4Preset4HeroData
2002,Heroes,map4Preset5HeroData
2003,Heroes,map4Preset6HeroData
2004,Heroes,map4Preset7HeroData
2005,Heroes,map4Preset8HeroData
2006,Heroes,map4Preset9HeroData
2008,Heroes,map5Preset1HeroData
2009,Heroes,map5Preset2HeroData
2010,Heroes,map5Preset3HeroData
2011,Heroes,map5Preset4HeroData
2012,Heroes,map5Preset5HeroData
2013,Heroes,map5Preset6HeroData
2014,Heroes,map5Preset7HeroData
2015,Heroes,map5Preset8HeroData
2016,Heroes,map5Preset9HeroData
2018,Heroes,map6Preset1HeroData
2019,Heroes,map6Preset2HeroData
2020,Heroes,map6Preset3HeroData
2021,Heroes,map6Preset4HeroData
2022,Heroes,map6Preset5HeroData
2023,Heroes,map6Preset6HeroData
2024,Heroes,map6Preset7HeroData
2025,Heroes,map6Preset8HeroData
2026,Heroes,map6Preset9HeroData
2027,CombatStats,spellPresetNames
2028,CombatStats,spellPresetSpells1
2029,CombatStats,spellPresetSpells2
2030,CombatStats,spellPresetSpells3
2031,CombatStats,spellPresetSpells4
2032,CombatStats,spellPresetSpells5
2033,CombatStats,spellPresetSpells6
2034,CombatStats,spellPresetSpells7
2035,CombatStats,spellPresetAuto1
2036,CombatStats,spellPresetAuto2
2037,CombatStats,spellPresetAuto3
2038,CombatStats,spellPresetAuto4
2039,CombatStats,spellPresetAuto5
2040,CombatStats,spellPresetAuto6
2041,CombatStats,spellPresetAuto7
2042,Progression;CombatStats,researchDmg1
2043,Progression;CombatStats,researchAttSpeed
2044,Progression;CombatStats;Functions,researchCritChance
2045,Progression;CombatStats,researchEnemyHp
2046,Progression;CombatStats,researchDmg2
2047,Progression;CombatStats,researchSuperCritDmg
2048,Progression;Functions,researchSynergyBonus
2049,Progression;CombatStats,researchDmg3
2050,Progression;CombatStats,researchDmg4
2051,Progression;CombatStats,researchDmg5
2052,Progression;CombatStats,researchAttSpeed2
2053,Progression;CombatStats,researchDmg6
2054,Progression;CombatStats,researchSkillDuration
2055,Progression;CombatStats,researchSpellDuration
2056,Progression;Economy,researchKillGold1
2057,Progression;Economy;CombatStats,researchPrestigePower1
2058,Progression;Economy,researchKillExp
2059,Progression;Economy;Functions,researchBonusGoldAmt
2060,Progression;Economy;Functions,researchBonusExpAmt
2061,Progression;Economy,researchKillGold2
2062,Progression;Economy;CombatStats,researchPrestigePower2
2063,Bosses;Progression;Economy,researchBossExp
2064,Progression;Economy,researchKillGold3
2065,Progression;Economy;CombatStats,researchPrestigePower3
2066,Progression;Economy,researchKillGold4
2067,Progression;Economy;CombatStats,researchPrestigePower4
2068,Progression;Economy,researchKillGold5
2069,Progression;Economy;CombatStats,researchPrestigePower5
2070,Progression;Economy,researchKillGold6
2071,Progression;Economy,researchKillExpPct
2072,Progression,researchHoarderCd
2073,Bosses;Progression;CombatStats,researchProducerCd
2074,Bosses;Progression,researchTrainerCd
2075,Bosses;Progression;CombatStats,researchShadowAlienHpReduction
2076,Progression,researchRuneRarity
2077,Bosses;Progression;CombatStats;Functions,researchUltimusSpawns
2078,Bosses;Progression;Economy,researchMimicGold
2079,Bosses;Progression,researchMimicPrestigePts
2080,Progression,researchTowerLives
2081,Progression;CombatStats,researchGameSpeed
2082,Progression;WavePerks,researchWavePerksUnlocked
2083,Progression;WavePerks,researchWavePerksWaves
2084,CombatStats,spell1
2085,CombatStats,spell2
2086,CombatStats,spell3
2087,CombatStats,spell4
2088,CombatStats,spell5
2089,CombatStats,spellMapDmg
2090,CombatStats,spellFreeze
2091,Heroes;CombatStats,spellHeroDmg
2092,Heroes;CombatStats,spellHeroAttSpeed
2093,Heroes;CombatStats,spellHeroRange
2094,Heroes;CombatStats;Functions,spellHeroCritChance
2095,Heroes;CombatStats,spellHeroCritDmg
2096,Heroes;CombatStats,spellHeroSkillCd
2097,Heroes;CombatStats,spellHeroSkillPower
2098,Economy;CombatStats,spellKillGold
2099,Economy;CombatStats,spellKillExp
2100,Economy;CombatStats,spellKillEnergy
2101,CombatStats,spellGameSpeed
2102,CombatStats,spellMapDmgCd
2103,CombatStats,spellFreezeCd
2104,Heroes;CombatStats,spellHeroDmgCd
2105,Heroes;CombatStats,spellHeroAttSpeedCd
2106,Heroes;CombatStats,spellHeroRangeCd
2107,Heroes;CombatStats;Functions,spellHeroCritChanceCd
2108,Heroes;CombatStats,spellHeroCritDmgCd
2109,Heroes;CombatStats,spellHeroSkillCdCd
2110,Heroes;CombatStats,spellHeroSkillPowerCd
2111,Economy;CombatStats,spellKillGoldCd
2112,Economy;CombatStats,spellKillExpCd
2113,Economy;CombatStats,spellKillEnergyCd
2114,CombatStats,spellGameSpeedCd
2115,CombatStats,spell1Auto
2116,CombatStats,spell2Auto
2117,CombatStats,spell3Auto
2118,CombatStats,spell4Auto
2119,CombatStats,spell5Auto
2120,Progression;CombatStats,prestigeDmg1
2121,Heroes;Progression;CombatStats,prestigeRange
2122,Progression;CombatStats,prestigeCritDmg
2123,Progression;CombatStats;Functions,prestigeSuperCritChance
2124,Progression;CombatStats,prestigeDmg2
2125,Bosses;Progression;CombatStats,prestigeBossDmg
2126,Progression;CombatStats,prestigeDmg3
2127,Progression;CombatStats,prestigeDmg4
2128,Progression;CombatStats,prestigeDmg5
2129,Progression;CombatStats,prestigeDmg6
2130,Progression;CombatStats,prestigeSkillCd
2131,Progression;CombatStats,prestigeSpellCd
2132,Progression;CombatStats,prestigeSkillPower
2133,Heroes;Progression;CombatStats,prestigeVideoAdUltraCritDamage
2134,Progression;CombatStats;Functions,prestigeVideoAdUltraCritChance
2135,Progression;CombatStats,prestigeDmg7
2136,Progression;CombatStats,prestigeSkillPower2
2137,Progression;Economy,prestigeMasteryPower
2138,Progression;Economy,prestigeKillGold1
2139,Progression;Economy,prestigeKillExp
2140,Progression;Economy;Functions,prestigeBonusGoldChance
2141,Progression;Economy;Functions,prestigeBonusExpChance
2142,Progression;Economy,prestigeKillGold2
2143,Bosses;Progression;Economy,prestigeBossGold
2144,Progression;Economy;Functions,prestigeBonusEnergyChance
2145,Progression;Economy,prestigeEnergyIncome
2146,Progression;Economy,prestigeKillGold3
2147,Progression;Economy,prestigeKillGold4
2148,Progression;Economy,prestigeKillGold5
2149,Progression;Economy,prestigeKillGold6
2150,Progression;Economy,prestigeVideoAdUltraGoldAmount
2151,Progression;Economy;Functions,prestigeVideoAdUltraGoldChance
2152,Progression;Economy,prestigeKillExpPct
2153,Progression;Economy,prestigeEnergyIncome2
2154,Progression;Economy,prestigeKillGold7
2155,Progression;Economy;Functions,prestigeUltraGoldChance
2156,Progression;Economy;Functions,prestigeUltraEnergyChance
2157,Progression;Economy,prestigeHoarderGold
2158,Bosses;Progression;Economy,prestigeProducerEnergy
2159,Bosses;Progression;Economy;Functions,prestigeTrainerExp
2160,Progression,prestigeRunesRarity
2161,Progression;Economy;Functions,prestigeTechReward
2162,Progression;Functions,prestige2xTokenDropChance
2163,Bosses;Progression;CombatStats;Functions,prestigeUltimusSpawns
2164,Progression;Functions,prestigeTech2xChance
2165,Bosses;Progression,prestigeUltimusTokens
2166,Bosses;Progression;Economy;Functions,prestigeGoldenGoblinChance
2167,Bosses;Progression;Economy;Functions,prestigeGoldenProducerChance
2168,Bosses;Progression;Economy;Functions,prestigeGoldenTrainerChance
2169,Bosses;Progression;Economy,prestigeMimicGold
2170,Progression;Economy,prestigePlayerExp
2171,Progression;CombatStats,prestigeGameSpeed
2172,Progression;Functions,prestigeVideoAdBonus
2173,Progression;CombatStats,techDmg1
2174,Progression;CombatStats,techEnemyHp
2175,Progression;CombatStats,techAttSpeed
2176,Heroes;Progression;CombatStats,techRange
2177,Progression;CombatStats;Functions,techCritChance
2178,Progression;CombatStats,techCritDmg
2179,Progression,techRunesRarity
2180,Bosses;Progression;CombatStats,techBossDmg
2181,Progression;CombatStats,techDmg2
2182,Progression;CombatStats,techSkillCd
2183,Progression;CombatStats,techSpellCd
2184,Progression;CombatStats,techSkillDuration
2185,Progression;CombatStats,techSpellDuration
2186,Progression;Economy,techEnergyIncome
2187,Progression;Economy,techKillGold1
2188,Progression;Economy;CombatStats,techPrestigePower
2189,Progression;Economy,techKillExp
2190,Progression;Economy,techHoarderGold
2191,Bosses;Progression;Economy,techTrainerExp
2192,Bosses;Progression;Economy,techBossGold
2193,Bosses;Progression;Economy,techBossExp
2194,Progression;Economy,techKillGold2
2195,Progression;CombatStats,techGameSpeed
2196,Progression;Functions,techSynergyBonus
2197,Progression;WavePerks,techWavePerkRerolls
2198,Bosses;Progression,techMiniShadowShardDrop
2199,Progression,supTechUnlocked
2200,Progression;CombatStats;Functions,supTechDmg1Bonus
2201,Progression;CombatStats;Functions,supTechDmg2Bonus
2202,Progression;Economy;Functions,supTechGold1Bonus
2203,Progression;Economy;Functions,supTechGold2Bonus
2204,Progression;CombatStats;Functions,supTechPrestige1Bonus
2205,Progression;CombatStats;Functions,supTechCritDmgMaxLevel
2206,Progression;CombatStats;Functions,supTechEnemyHpMaxLevel
2207,Progression;Economy;Functions,supTechExp1Bonus
2208,Bosses;Progression;Economy;Functions,supTechGoldenGoblinChance
2209,Bosses;Progression;Economy;Functions,supTechGoldenTrainerChance
2210,Bosses;Progression;Economy;Functions,supTechGoldenProducerChance
2211,Bosses;Progression;Economy;Functions,supTechUltimusReward
2212,Bosses;Progression;Economy;Functions,supTechBossGoldMaxLevel
2213,Bosses;Progression;Economy;Functions,supTechBossExpMaxLevel
2214,Heroes;Progression;CombatStats,supTechDamage3
2215,Progression;Economy,supTechGold3
2216,Progression;Economy;CombatStats,supTechProgressiveExp
2217,Progression;CombatStats,supTechPrestige2
2218,Progression,supTechEnemyShields
2219,Progression,supTechEnemyWeakness
2220,Progression;Economy,supTechEnergyIncome2
2221,Progression,supTechTournPts
2222,Progression,supTechIntroSkip
2223,Bosses;Progression,supTechBossRushWaves
2224,Progression;Functions,supTechLevelMilestones
2225,CombatStats,tournDmg1
2226,CombatStats;Functions,tournSuperCritChance
2227,CombatStats,tournSuperCritDmg
2228,CombatStats,tournDmg2
2229,CombatStats,tournSkillPower
2230,CombatStats;Functions,tournEnemyHpSkipChance
2231,CombatStats;Functions,tournSpellMaxLevel
2232,CombatStats,tournSpellDuration
2233,Economy,tournKillGold1
2234,Economy,tournKillExp
2235,Economy,tournKillExpProgressive
2236,Economy;Functions,tournBonusGoldChance
2237,Economy;Functions,tournBonusExpChance
2238,Economy;Functions,tournBonusEnergyChance
2239,Economy,tournEnergyIncome
2240,Economy,tournKillGold2
2241,Economy;Functions,tournBonusGoldAmt
2242,Economy;Functions,tournBonusExpAmt
2243,Economy;Functions,tournBonusEnergyAmt
2244,Economy;Functions,tournUltraEnergyChance
2245,CombatStats;Functions,tournHoarderSpawns
2246,Bosses;CombatStats;Functions,tournProducerSpawns
2247,Bosses;Economy,tournProducerEnergy
2248,Progression;Economy;Functions,tournRunesReward
2249,Progression;Economy;Functions,tournTechReward
2250,Bosses;CombatStats,tournShadowAlienHpReduction
2251,Bosses;CombatStats;Functions,tournAlienSupremeSpawnChance
2252,Bosses;Economy;Functions,tournUltimusReward
2253,Bosses,tournUltimusCd
2254,Bosses;CombatStats;Functions,tournUltimusSpawns
2255,Bosses;CombatStats;Functions,tournSupremeSpawnChance
2256,Bosses;Economy,tournMimicEnergy
2257,Economy,tournPlayerExp
2258,Bosses,tournBossRushMax
2259,Progression;WavePerks,tournWavePerkEffect
2260,Heroes;CombatStats,ticketDamage1
2261,Heroes;CombatStats,ticketDamage2
2262,Heroes;CombatStats,ticketDamage3
2263,CombatStats;Functions,ticketCritChance
2264,Heroes;CombatStats,ticketCritDamage
2265,CombatStats;Functions,ticketSuperCritChance
2266,Heroes;CombatStats,ticketSuperCritDamage
2267,CombatStats;Functions,ticketInstantSkillCdChance
2268,CombatStats;Functions,ticketInstantSpellCdChance
2270,CombatStats,ticketSkillPower
2271,Heroes;Functions,ticketFreeHeroLevel
2272,Economy,ticketGold1
2273,Economy,ticketGold2
2274,Economy,ticketGold3
2275,Economy;Functions,ticketSuperGoldChance
2276,Economy,ticketSuperGoldAmount
2277,Progression;Economy;Functions,ticketRankExp1
2278,Progression;Economy;Functions,ticketRankExp2
2279,Economy,ticketEnergyIncome
2280,Heroes;Economy;Functions,ticketHeroLevelCost
2281,Economy;Functions,ticketUltraGoldChance
2282,Economy;Functions,ticketUltraExpChance
2283,Bosses;CombatStats,ticketShadowAlienHpScaling
2284,Bosses;CombatStats;Functions,ticketUltimusSpawns
2285,Bosses;Progression;Functions,ticket2xSupremeRuneChance
2286,Bosses;CombatStats;Functions,ticketAlienSupremeSpawnChance
2287,Bosses;Economy,ticketMimicEnergy
2289,Bosses;Functions,ticketExtraBossChance
2290,Bosses,ticketBossRushMax
2291,Progression;WavePerks,ticketWavePerkEffect
2293,Bosses;CombatStats,ultimusDmg
2294,Bosses;CombatStats;Functions,ultimusUltraCritChance
2295,Bosses;Heroes;CombatStats,ultimusUltraCritDamage
2296,Bosses;Economy,ultimusHoarderGold
2297,Bosses;Economy,ultimusTrainerExp
2298,Bosses;Progression,ultimusShadowRunes
2299,Bosses;Progression;Functions,ultimus2xRuneDropChance
2300,Bosses;Progression;Economy,ultimusBattlepassExp
2301,Bosses;Progression,ultimusDailyGiftRunes
2302,Bosses;Economy,ultimusVideoAdGems
2303,Bosses;Progression;WavePerks,ultimusWavePerkWaves
2304,Bosses,ultimusTrainerCd
2305,Bosses;Economy;Functions,ultimusTrainerGoldenChance
2306,Bosses;Progression,ultimusRuneRarity
2307,Bosses;Progression;Economy,ultimusPrestigePower
2308,Bosses;Economy,ultimusEnergyIncome
2309,Bosses;Economy;Functions,ultimusUltraEnergyChance
2310,Bosses;Economy,ultimusUltraEnergyAmount
2311,Bosses;Economy,ultimusProducerEnergy
2312,Bosses;Progression,ultimusAlienTech
2313,Bosses;Progression;Functions,ultimus2xTechDropChance
2314,Bosses;CombatStats,ultimusShadowAlienHpSkip
2315,Bosses;Economy;Functions,ultimusVideoAdUltraEnergyChance
2316,Bosses;Economy,ultimusVideoAdUltraEnergyAmount
2317,Bosses,ultimusProducerCd
2318,Bosses;CombatStats;Functions,ultimusProducerSpawns
2319,Bosses;Economy;Functions,ultimusProducerGoldenChance
2320,Bosses;Functions,ultimusExtraBossChance
2321,Bosses;Economy;CombatStats,ultimusKillGold
2322,Bosses;Economy;Functions,ultimusUltraGoldChance
2323,Bosses;Economy,ultimusUltraGoldAmount
2324,Bosses;Progression;Economy;Functions,ultimusRankExp
2325,Bosses;Economy;Functions,ultimusUltraExpChance
2326,Bosses;Economy,ultimusUltraExpAmount
2327,Bosses;Economy,ultimusStartingGold
2328,Bosses;Progression,ultimusMapPerks
2329,Bosses;Economy;Functions,ultimusVideoAdUltraExpChance
2330,Bosses;Economy,ultimusVideoAdUltraExpAmount
2331,Bosses,ultimusHoarderCd
2332,Bosses;CombatStats;Functions,ultimusHoarderSpawns
2333,Bosses;Economy;Functions,ultimusGoblinGoldenChance
2334,Bosses;Economy,ultimusBossGold
2335,Bosses;CombatStats,ultimusDmg2
2336,Bosses;Economy;CombatStats,ultimusKillGold2
2337,Bosses;Progression;Economy,ultimusPrestigePower2
2338,Bosses;Economy,ultimusEnergyIncome2
2339,Bosses;Heroes;Economy;Functions,ultimusHeroLevelCostReduction
2340,Bosses;Progression;Economy;Functions,ultimusRankExpPct
2341,Bosses;Progression;CombatStats,ultimusMasterySkillPower
2342,Bosses;CombatStats,ultimusEnemyHpScaleReduction
2343,Bosses;CombatStats;Functions,ultimusBossChestSpawnChance
2344,Bosses;CombatStats,ultimusShadowAlienHpScaling
2345,Bosses;Progression;Economy;Functions,ultimusSupremeTechReward
2346,Bosses,ultimusEnemyWeakness
2347,Bosses,ultimusIntroSkip
2348,Bosses;Progression,ultimusBossRushWaves
2349,Bosses;Economy,ultimusMimicExp
2350,Bosses;Economy,ultimusMimicEnergy
2351,Economy;CombatStats,gemsDmg
2352,Economy;CombatStats;Functions,gemsSuperCritChance
2353,Economy;CombatStats,gemsSuperCritDmg
2354,Economy;CombatStats,gemsSkillPower
2355,Economy;CombatStats,gemsKillGold
2356,Progression;Economy,gemsPrestigePower
2357,Economy;CombatStats,gemsKillExp
2358,Economy,gemsEnergyIncome
2359,Economy,gemsTournTrophies
2360,Progression;Economy;Functions,gemsRunesReward
2361,Progression;Economy;Functions,gemsTechReward
2362,Bosses;Economy;CombatStats,gemsShadowAlienHpScaling
2363,Bosses;Economy;Functions,gemsUltimusReward
2364,Bosses;Economy,gemsUltimusCd
2365,Economy,gemsPlayerExp
2366,Progression;Economy,gemsRunesRarity
2367,Economy;CombatStats,gemsGameSpeed
2368,Economy;Functions,gemsAdBonusAmt
2369,Economy;Functions,gemsAdBonusDuration
2370,Economy,gemsOfflineResourceType
2371,Economy;Functions,gemsOfflineRewards
2372,Progression,runeRarityEffectSetting
2373,Progression;CombatStats,runeDmg1
2374,Progression;Economy,runeKillGold1
2375,Progression;CombatStats,runeAttSpeed
2376,Progression;CombatStats,runeCritDmg
2377,Progression;CombatStats,runeEnemyHp
2378,Progression;Economy,runeKillExp1
2379,Progression;Economy,runePrestigePower1
2380,Progression;CombatStats;Functions,runeCritChance
2381,Progression;Economy;Functions,runeBonusGoldAmt
2382,Bosses;Progression,runeTrainerCd
2383,Progression;CombatStats,runeDmg2
2384,Progression;Economy,runeKillGold2
2385,Heroes;Progression;CombatStats,runeRange
2386,Progression;CombatStats,runeSkillCd
2387,Progression;Economy;Functions,runeBonusExpAmt
2388,Progression;Economy,runeKillExp2
2389,Progression;Economy,runePrestigePower2
2390,Progression;CombatStats,runeSuperCritDmg
2391,Progression;CombatStats,runeSpellDuration
2392,Progression;CombatStats;Functions,runeHoarderSpawns
2393,Progression;CombatStats,runeDmg3
2394,Progression;Economy,runeKillGold3
2395,Progression;CombatStats;Functions,runeSuperCritChance
2396,Progression;Economy;Functions,runeBonusEnergyAmt
2397,Bosses;Progression;CombatStats;Functions,runeProducerSpawns
2398,Progression;CombatStats,runeDmg4
2399,Progression;Economy,runeKillGold4
2400,Progression;Economy,runeEnergyIncome
2401,Progression;Economy,runePlayerExp
2402,Progression;Economy;Functions,runeTechReward
2403,Progression;CombatStats,runeDmg5
2404,Progression;Economy,runeKillGold5
2405,Progression;Economy,runeEnergyIncome2
2406,Progression;Economy,runeKillExp3
2407,Progression;Economy,runePrestigePower3
2408,Heroes;Progression;Economy;Functions,runeHeroLevelCost
2409,Progression,runeMapPerks
2410,Progression;WavePerks,runeWavePerkWaves
2411,Progression;WavePerks,runeWavePerkEffect
2412,Progression;Economy;Functions,runeAdReward
2413,Bosses;Progression,runeSupreme2CombatUnlocked
2414,Progression;CombatStats,runeDmg6
2415,Progression;CombatStats,runeUltraCritDmg
2416,Progression;CombatStats;Functions,runeUltraCritChance
2417,Progression;Economy,runeKillExp4
2418,Progression;Economy;Functions,runeUltraExpChance
2419,Bosses;Progression,runeSupreme2ResourceUnlocked
2420,Progression;Economy,runeKillGold6
2421,Progression;Economy,runeUltraGoldAmt
2422,Progression;Economy;Functions,runeUltraGoldChance
2423,Progression;Economy,runeEnergyIncome3
2424,Progression;Economy;Functions,runeUltraEnergyChance
2425,Bosses;Progression,runeSupreme2ProgressUnlocked
2426,Progression;Economy,runePrestigePower4
2427,Progression,runeWeeklyTickets
2428,Heroes;Progression;Functions,runeFreeHeroLevelChance
2429,Progression;CombatStats;Functions,runeEnemyHpSkipChance
2430,Automation;Progression;CombatStats,runeWorkshopCooldown
2431,Progression,masteryMinimizeIaps
2432,Heroes;Progression;CombatStats,masteryDamage
2433,Progression;CombatStats,masteryUltraCritDmg
2434,Progression;CombatStats,masterySkillPower
2435,Progression;CombatStats,masteryInstantSpellCd
2436,Heroes;Progression;Economy;Functions,masteryHeroLevelCost
2437,Progression;Functions,masteryMilestoneBonus
2438,Progression;Functions,masterySynergy12Bonus
2439,Progression;Functions,masterySynergy34Bonus
2440,Progression;CombatStats,masteryEnemyHpScaleReduction
2441,Progression;Economy,masteryKillGold
2442,Progression;Economy,masteryUltraGoldAmount
2443,Progression;Economy,masteryEnergyIncome
2444,Progression;Economy,masteryUltraEnergyAmount
2445,Progression;Economy;Functions,masteryRankExpPct
2446,Progression;Economy,masteryPrestigePower
2447,Bosses;Progression;Economy,masteryBossGold
2448,Bosses;Progression;Economy,masteryBossExp
2449,Bosses;Progression;Functions,masteryBossExtraChance
2450,Bosses;Progression;CombatStats;Functions,masteryBossChestSpawnChance
2451,Bosses;Progression;Economy,masteryTrainerExp
2452,Bosses;Progression,masteryAlienTech
2453,Bosses;Progression,masteryUltimusTokens
2454,Bosses;Progression,masterySupremeRunes
2455,Bosses;Progression,masteryAlienSupremeTechDrop
2456,Bosses;Progression;Economy,masteryMimicEnergy
2457,Progression,masteryMapPerks
2458,Progression;WavePerks;Functions,masteryWavePerksBonus
2459,Progression;Economy,masteryBattlepassExp
2460,Progression;CombatStats;Functions,masteryEnemySpawnSpeed
2461,Progression;WavePerks,wavePerkOnNum
2462,Progression;WavePerks,wavePerkCard1
2463,Progression;WavePerks,wavePerkCard2
2464,Progression;WavePerks,wavePerkCard3
2465,Progression;WavePerks,wavePerkPaidRerolls
2466,Progression;WavePerks,wavePerkFreeRerolls
2467,Heroes;Progression;CombatStats;WavePerks,wavePerkDamage
2468,Progression;Economy;WavePerks,wavePerkKillGold
2469,Progression;Economy;WavePerks,wavePerkPrestigePower
2470,Progression;CombatStats;WavePerks,wavePerkCritDmg
2471,Progression;CombatStats;WavePerks,wavePerkEnemyHp
2472,Heroes;Progression;CombatStats;WavePerks,wavePerkRange
2473,Progression;CombatStats;WavePerks;Functions,wavePerkCritChance
2474,Progression;CombatStats;WavePerks,wavePerkAttSpeed
2475,Progression;Economy;WavePerks,wavePerkHoarderGold
2476,Progression;Economy;WavePerks,wavePerkKillExp
2477,Progression;Economy;WavePerks,wavePerkEnergyIncome
2478,Progression;CombatStats;WavePerks,wavePerkSkillPower
2479,Progression;CombatStats;WavePerks,wavePerkSkillCd
2480,Progression;CombatStats;WavePerks,wavePerkSpellCd
2481,Bosses;Progression;Economy;WavePerks,wavePerkProducerEnergy
2482,Progression;Economy;WavePerks,wavePerkBattlepassExp
2483,Progression;WavePerks,wavePerkWavesRequired
2484,Progression;CombatStats;WavePerks;Functions,wavePerkHoarderSpawns
2485,Bosses;Progression;CombatStats;WavePerks;Functions,wavePerkProducerSpawns
2486,Bosses;Progression;CombatStats;WavePerks;Functions,wavePerkTrainerSpawns
2487,Bosses;Progression;Economy;WavePerks,wavePerkTrainerExp
2488,Bosses;Progression;WavePerks,wavePerkShadowRunes
2489,Bosses;Progression;WavePerks,wavePerkAlienTech
2490,Bosses;Progression;WavePerks,wavePerkUltimusTokens
2491,Progression;CombatStats;WavePerks,wavePerkGameSpeed
2492,Automation,isAutomationActive
2502,Automation;Heroes;CombatStats,functionUnlockedIdleDamage
2503,Automation;Economy,functionUnlockedIdleGold
2504,Automation;Economy,functionUnlockedIdleEnergy
2505,Automation;Economy,functionUnlockedIdleExp
2506,Automation;Heroes;Functions,functionUnlockedHeroLevels
2507,Automation;Progression;WavePerks,functionUnlockedWavePerks
2508,Automation,functionUnlockedClaimAd
2509,Automation;Progression,functionUnlockedPrestige
2510,Automation;Bosses,functionUnlockedBosses
2511,Automation;Bosses,functionUnlockedGoblins
2512,Automation;Bosses,functionUnlockedProducers
2513,Automation;Bosses,functionUnlockedTrainers
2514,Automation;Bosses,functionUnlockedAliens
2515,Automation;Bosses,functionUnlockedShadows
2516,Automation;Bosses,functionUnlockedUltimus
2517,Automation;Bosses,functionUnlockedSupreme
2519,Automation;Heroes;CombatStats,functionCooldownIdleDamage
2520,Automation;Economy;CombatStats,functionCooldownIdleGold
2521,Automation;Economy;CombatStats,functionCooldownIdleEnergy
2522,Automation;Economy;CombatStats,functionCooldownIdleExp
2523,Automation;Heroes;CombatStats;Functions,functionCooldownHeroLevels
2524,Automation;CombatStats,functionCooldownClaimAd
2525,Automation;Bosses;CombatStats,functionCooldownBosses
2526,Automation;Bosses;CombatStats,functionCooldownGoblins
2527,Automation;Bosses;CombatStats,functionCooldownProducers
2528,Automation;Bosses;CombatStats,functionCooldownTrainers
2529,Automation;Bosses;CombatStats,functionCooldownAliens
2530,Automation;Bosses;CombatStats,functionCooldownShadows
2531,Automation;Bosses;CombatStats,functionCooldownUltimus
2532,Automation;Bosses;CombatStats,functionCooldownSupreme
2533,Automation;Heroes;CombatStats;Functions,functionEffectDamageLevel
2534,Automation;Economy;Functions,functionEffectGoldLevel
2535,Automation;Economy;Functions,functionEffectEnergyLevel
2536,Automation;Economy;Functions,functionEffectExpLevel
2537,Automation;Progression,functionEffectPrestigeWavePct
2538,Automation,functionEffectPerkPriority
2539,Automation;Bosses;Progression,functionEffectUltimusWave
2540,Automation;Bosses,functionEffectUltimusType
2541,Automation;Bosses;Progression,functionEffectSupremeWave
2547,Automation;Heroes;CombatStats;Functions,workshopLevelIdleDamageAmount
2548,Automation;Heroes;CombatStats;Functions,workshopLevelIdleDamageStartVal
2549,Automation;Heroes;Economy;CombatStats;Functions,workshopLevelIdleDamageMax
2550,Automation;Heroes;CombatStats;Functions,workshopLevelIdleDamageCooldown
2551,Automation;Economy;Functions,workshopLevelIdleGoldAmount
2552,Automation;Economy;Functions,workshopLevelIdleGoldStartVal
2553,Automation;Economy;Functions,workshopLevelIdleGoldMax
2554,Automation;Economy;CombatStats;Functions,workshopLevelIdleGoldCooldown
2555,Automation;Economy;Functions,workshopLevelIdleEnergyAmount
2556,Automation;Economy;Functions,workshopLevelIdleEnergyStartVal
2557,Automation;Economy;Functions,workshopLevelIdleEnergyMax
2558,Automation;Economy;CombatStats;Functions,workshopLevelIdleEnergyCooldown
2559,Automation;Economy;Functions,workshopLevelIdleExpAmount
2560,Automation;Economy;Functions,workshopLevelIdleExpStartVal
2561,Automation;Economy;Functions,workshopLevelIdleExpMax
2562,Automation;Economy;CombatStats;Functions,workshopLevelIdleExpCooldown
2563,Automation;CombatStats;Functions,workshopLevelIdleActivationCooldown
2564,Automation;Heroes;CombatStats;Functions,workshopLevelHeroLevelsCooldown
2565,Automation;Heroes;Functions,workshopLevelHeroLevelsSpendAmount
2566,Automation;Heroes;Functions,workshopLevelInstantHeroLevels
2567,Automation;Progression;WavePerks;Functions,workshopLevelWavePerksAmount
2568,Automation;CombatStats;Functions,workshopLevelClaimAdsCooldown
2569,Automation;Progression;Functions,workshopLevelPrestigeWaves
2570,Automation;Bosses;CombatStats;Functions,workshopLevelBossSpawns
2571,Automation;Bosses;Functions,workshopLevelBossBonus
2572,Automation;Bosses;CombatStats;Functions,workshopLevelBossCooldown
2573,Automation;Bosses;CombatStats;Functions,workshopLevelGoblinSpawns
2574,Automation;Bosses;Functions,workshopLevelGoblinBonus
2575,Automation;Bosses;CombatStats;Functions,workshopLevelGoblinCooldown
2576,Automation;Bosses;CombatStats;Functions,workshopLevelProducerSpawns
2577,Automation;Bosses;Functions,workshopLevelProducerBonus
2578,Automation;Bosses;CombatStats;Functions,workshopLevelProducerCooldown
2579,Automation;Bosses;CombatStats;Functions,workshopLevelTrainerSpawns
2580,Automation;Bosses;Functions,workshopLevelTrainerBonus
2581,Automation;Bosses;CombatStats;Functions,workshopLevelTrainerCooldown
2582,Automation;Bosses;CombatStats;Functions,workshopLevelShadowSpawns
2583,Automation;Bosses;Functions,workshopLevelShadowBonus
2584,Automation;Bosses;CombatStats;Functions,workshopLevelShadowCooldown
2585,Automation;Bosses;CombatStats;Functions,workshopLevelAlienSpawns
2586,Automation;Bosses;Functions,workshopLevelAlienBonus
2587,Automation;Bosses;CombatStats;Functions,workshopLevelAlienCooldown
2588,Automation;Bosses;CombatStats;Functions,workshopLevelUltimusSpawns
2589,Automation;Bosses;Functions,workshopLevelUltimusBonus
2590,Automation;Bosses;CombatStats;Functions,workshopLevelUltimusCooldown
2591,Automation;Bosses;Functions,workshopLevelUltimusTypeSetting
2592,Automation;Bosses;Progression;Functions,workshopLevelUltimusWaveSetting
2593,Automation;Bosses;CombatStats;Functions,workshopLevelSupremeSpawns
2594,Automation;Bosses;Functions,workshopLevelSupremeBonus
2595,Automation;Bosses;CombatStats;Functions,workshopLevelSupremeCooldown
2596,Automation;Bosses;Progression;Functions,workshopLevelSupremeWaveSetting
2597,Automation;Heroes;CombatStats,workshopCooldownIdleDamageAmount
2598,Automation;Heroes;CombatStats,workshopCooldownIdleDamageStartVal
2599,Automation;Heroes;Economy;CombatStats,workshopCooldownIdleDamageMax
2600,Automation;Heroes;CombatStats,workshopCooldownIdleDamageCooldown
2601,Automation;Economy;CombatStats,workshopCooldownIdleGoldAmount
2602,Automation;Economy;CombatStats,workshopCooldownIdleGoldStartVal
2603,Automation;Economy;CombatStats,workshopCooldownIdleGoldMax
2604,Automation;Economy;CombatStats,workshopCooldownIdleGoldCooldown
2605,Automation;Economy;CombatStats,workshopCooldownIdleEnergyAmount
2606,Automation;Economy;CombatStats,workshopCooldownIdleEnergyStartVal
2607,Automation;Economy;CombatStats,workshopCooldownIdleEnergyMax
2608,Automation;Economy;CombatStats,workshopCooldownIdleEnergyCooldown
2609,Automation;Economy;CombatStats,workshopCooldownIdleExpAmount
2610,Automation;Economy;CombatStats,workshopCooldownIdleExpStartVal
2611,Automation;Economy;CombatStats,workshopCooldownIdleExpMax
2612,Automation;Economy;CombatStats,workshopCooldownIdleExpCooldown
2613,Automation;Heroes;CombatStats;Functions,workshopCooldownHeroLevelsCooldown
2614,Automation;Heroes;CombatStats;Functions,workshopCooldownHeroLevelsSpendAmount
2615,Automation;Heroes;CombatStats;Functions,workshopCooldownInstantHeroLevels
2616,Automation;Progression;CombatStats;WavePerks,workshopCooldownWavePerksAmount
2617,Automation;CombatStats,workshopCooldownClaimAdsCooldown
2618,Automation;Progression;CombatStats,workshopCooldownPrestigeWaves
2619,Automation;Bosses;CombatStats;Functions,workshopCooldownBossSpawns
2620,Automation;Bosses;CombatStats;Functions,workshopCooldownBossBonus
2621,Automation;Bosses;CombatStats,workshopCooldownBossCooldown
2622,Automation;Bosses;CombatStats;Functions,workshopCooldownGoblinSpawns
2623,Automation;Bosses;CombatStats;Functions,workshopCooldownGoblinBonus
2624,Automation;Bosses;CombatStats,workshopCooldownGoblinCooldown
2625,Automation;Bosses;CombatStats;Functions,workshopCooldownProducerSpawns
2626,Automation;Bosses;CombatStats;Functions,workshopCooldownProducerBonus
2627,Automation;Bosses;CombatStats,workshopCooldownProducerCooldown
2628,Automation;Bosses;CombatStats;Functions,workshopCooldownTrainerSpawns
2629,Automation;Bosses;CombatStats;Functions,workshopCooldownTrainerBonus
2630,Automation;Bosses;CombatStats,workshopCooldownTrainerCooldown
2631,Automation;Bosses;CombatStats;Functions,workshopCooldownShadowSpawns
2632,Automation;Bosses;CombatStats;Functions,workshopCooldownShadowBonus
2633,Automation;Bosses;CombatStats,workshopCooldownShadowCooldown
2634,Automation;Bosses;CombatStats;Functions,workshopCooldownAlienSpawns
2635,Automation;Bosses;CombatStats;Functions,workshopCooldownAlienBonus
2636,Automation;Bosses;CombatStats,workshopCooldownAlienCooldown
2637,Automation;Bosses;CombatStats;Functions,workshopCooldownUltimusSpawns
2638,Automation;Bosses;CombatStats;Functions,workshopCooldownUltimusBonus
2639,Automation;Bosses;CombatStats,workshopCooldownUltimusCooldown
2640,Automation;Bosses;CombatStats,workshopCooldownUltimusTypeSetting
2641,Automation;Bosses;Progression;CombatStats,workshopCooldownUltimusWaveSetting
2642,Automation;Bosses;CombatStats;Functions,workshopCooldownSupremeSpawns
2643,Automation;Bosses;CombatStats;Functions,workshopCooldownSupremeBonus
2644,Automation;Bosses;CombatStats,workshopCooldownSupremeCooldown
2645,Automation;Bosses;Progression;CombatStats,workshopCooldownSupremeWaveSetting
2646,Progression,achHighestWave
2647,Progression;CombatStats,achPrestiges
2648,Progression;Functions,achBattlepassLevel
2649,Progression,achBestTournamentTier
2652,Automation;Functions,achWorkshopLevels
2653,Heroes,achHeroesUnlocked
2654,Heroes;Functions,achHeroLevels
2655,Heroes;Progression;Functions,achHeroRanks
2656,CombatStats,achCriticalHits
2657,CombatStats,achSuperCriticalHits
2658,CombatStats,achSkillsUsed
2659,CombatStats,achSpellsUsed
2660,Progression,achMasteryMissions
2661,CombatStats,achEnemiesKilled
2662,Bosses;CombatStats,achGoblinsKilled
2663,Bosses;CombatStats,achProducersKilled
2664,Bosses;CombatStats,achTrainersKilled
2665,Bosses;CombatStats,achShadowsKilled
2666,Bosses;CombatStats,achAliensKilled
2667,Bosses;CombatStats,achUltimusKilled
2668,Bosses;CombatStats,achSupremesKilled
2669,Bosses;CombatStats,achChestMimicsKilled
2670,Bosses;Economy;CombatStats,achGoldenBossesKilled
2671,Bosses;CombatStats,achSupremeAliensKilled
2672,Bosses;CombatStats,achSupremeUltimusKilled
2673,Bosses;Heroes;CombatStats,achPvpBossDamage
2677,Progression,dailyTaskHighestWave
2683,Heroes;Functions,chalHeroLevel1
2684,Heroes;Functions,chalHeroLevel2
2685,Heroes;Functions,chalHeroLevel3
2686,Heroes,chalMeleeKills
2687,Heroes,chalMageKills
2688,Heroes;CombatStats,chalRangeKills
2689,Economy,chalSpendGems1
2690,Economy,chalSpendGems2
2691,Economy,chalSpendGems3
2695,Progression;Functions,chalBattlepassLevel1
2696,Progression;Functions,chalBattlepassLevel2
2697,Progression;Functions,chalBattlepassLevel3
2698,Bosses,chalGoblinKills
2699,Bosses,chalProducerKills
2700,Bosses,chalTrainerKills
2701,Bosses,chalShadowKills
2702,Bosses,chalAlienKills
2703,CombatStats,chalSkillKills
2704,Economy;CombatStats,chalGoldSkillKills
2706,Economy;CombatStats,chalEnergyFromSkills
2707,Economy,chalHoldEnergy1
2708,Economy,chalHoldEnergy2
2709,Economy,chalHoldEnergy3
2714,Progression;Functions,chalHighestRank
2715,Progression;Functions,chalTotalRanks
2716,Progression;Functions,chalRank20Plus
2717,CombatStats;Functions,chalSpellLevels
2719,Progression,chalWaveIn20Min
2720,Heroes;Functions,chalheroLevel2750
2721,Heroes;Progression;Functions,chalAllHeroRank250
2722,Progression;Functions,chalBattlepassLevel75
2724,Bosses;CombatStats,chalUltimusKills
2725,Heroes;Progression,chalWaveOnlyCommonHeroes
2726,Heroes;Functions,chalTotalHeroLevelsSingleRun
2727,Heroes;Progression;Functions,chalRank500Hero
2728,Economy,chalEnergySingleRun
2729,Economy,chalUltraGoldHoarders
2730,Bosses;Economy,chalUltraExpTrainers
2731,Progression,chalWave20kAllMaps
2732,Progression,chalWave35kAllMaps
2733,Heroes,chalKills25mSingleHero
2734,Heroes;Progression;Functions,chalRank2kAllHeroes
2736,Heroes;Progression;CombatStats;WavePerks,chalWavePerksDamage15
2737,Bosses,chalSupremeKills
2738,Automation;Functions,chalWorkshopLevels
2739,Progression,chal_highestWave_allMaps_50k
2741,Progression,chal_commEvent_claimMilestones_25
2743,Heroes,chal_kills_100m_singleHero
2744,Bosses,chal_supremeAlien_kills_5k
2745,Bosses,chal_supremeUltimus_kills_1k
2751,Economy,lbIconGold1
2752,Economy,lbIconGold2
2753,Economy,lbIconGold3
2754,Economy,lbIconGold4
2755,Economy,lbIconGold5
2756,Economy,lbIconGold6
2757,Economy,lbIconGold7
2758,Economy,lbIconGold8
2759,Economy,lbIconGold9
2760,Economy,lbIconGold10
2761,Economy,lbIconGold11
2762,Economy,lbIconGold12
2763,Economy,lbIconGold13
2764,Economy,lbIconGold14
2765,Economy,lbIconGold15
2766,Economy,lbIconGold16
2767,Economy,lbIconEnergy1
2768,Economy,lbIconEnergy2
2769,Economy,lbIconEnergy3
2770,Economy,lbIconEnergy4
2771,Economy,lbIconEnergy5
2772,Economy,lbIconEnergy6
2773,Economy,lbIconEnergy7
2774,Economy,lbIconEnergy8
2775,Economy,lbIconEnergy9
2776,Economy,lbIconEnergy10
2777,Economy,lbIconEnergy11
2778,Economy,lbIconEnergy12
2779,Economy,lbIconEnergy13
2780,Economy,lbIconEnergy14
2781,Economy,lbIconEnergy15
2782,Economy,lbIconEnergy16
2783,Economy,lbIconGems1
2784,Economy,lbIconGems2
2785,Economy,lbIconGems3
2786,Economy,lbIconGems4
2787,Economy,lbIconGems5
2788,Economy,lbIconGems6
2789,Economy,lbIconGems7
2790,Economy,lbIconGems8
2791,Economy,lbIconGems9
2792,Economy,lbIconGems10
2793,Economy,lbIconGems11
2794,Economy,lbIconGems12
2795,Economy,lbIconGems13
2796,Economy,lbIconGems14
2797,Progression,lbIconPrestige1
2798,Progression,lbIconPrestige2
2799,Progression,lbIconPrestige3
2800,Progression,lbIconPrestige4
2801,Progression,lbIconPrestige5
2802,Progression,lbIconPrestige6
2803,Progression,lbIconPrestige7
2804,Progression,lbIconPrestige8
2805,Progression,lbIconPrestige9
2806,Progression,lbIconPrestige10
2807,Progression,lbIconPrestige11
2808,Progression,lbIconPrestige12
2809,Progression,lbIconPrestige13
2810,Progression,lbIconPrestige14
2811,Progression,lbIconPrestige15
2812,Progression,lbIconPrestige16
2813,Progression,lbIconTech1
2814,Progression,lbIconTech2
2815,Progression,lbIconTech3
2816,Progression,lbIconTech4
2817,Progression,lbIconTech5
2818,Progression,lbIconTech6
2819,Progression,lbIconTech7
2820,Progression,lbIconTech8
2821,Progression,lbIconTech9
2822,Progression,lbIconTech10
2823,Progression,lbIconTech11
2824,Progression,lbIconTech12
2825,Progression,lbIconTech13
2826,Progression,lbIconTech14
2827,Progression,lbIconTech15
2828,Progression,lbIconTech16
2829,Bosses;Progression,lbIconTechSupreme1
2830,Bosses;Progression,lbIconTechSupreme2
2831,Bosses;Progression,lbIconTechSupreme3
2832,Bosses;Progression,lbIconTechSupreme4
2849,Bosses,lbIconTokensSupreme1
2850,Bosses,lbIconTokensSupreme2
2851,Bosses,lbIconTokensSupreme3
2852,Bosses,lbIconTokensSupreme4
2853,Bosses,lbIconTokensSupreme5
2854,Bosses,lbIconTokensSupreme6
2855,Bosses,lbIconTokensSupreme7
2856,Bosses,lbIconTokensSupreme8
2857,Progression,lbIconMastery1
2858,Progression,lbIconMastery2
2859,Progression,lbIconMastery3
2860,Progression,lbIconMastery4
2861,Progression,lbIconMastery5
2862,Progression,lbIconMastery6
2863,Progression,lbIconMastery7
2864,Progression,lbIconMastery8
2866,Progression,bgChalHighestWaveMap1a
2867,Progression,bgChalHighestWaveMap2a
2868,Progression,bgChalHighestWaveMap3a
2869,Progression,bgChalHighestWaveMap4a
2870,Progression,bgChalHighestWaveMap5a
2871,Progression,bgChalHighestWaveMap6a
2872,Progression,bgChalHighestWaveMap1b
2873,Progression,bgChalHighestWaveMap2b
2874,Progression,bgChalHighestWaveMap3b
2875,Progression,bgChalHighestWaveMap4b
2876,Progression,bgChalHighestWaveMap5b
2877,Progression,bgChalHighestWaveMap6b
2878,Progression,bgChal_astralMap_wave50k
2879,Progression;Economy,bgChal_noGold_wave25k
2880,Progression;CombatStats,bgChal_noPerksSpellsSkills_wave50k
2881,Progression,bgChalPrestige1
2882,Progression,bgChalPrestige2
2883,Progression,bgChalPrestige3
2884,Progression,bgChalPrestige4
2885,Progression,bgChal_prestiges_over40k
2887,Bosses,bgChalKillBosses
2888,Bosses,bgChalKillGoblins
2889,Bosses,bgChalKillProducers
2890,Bosses,bgChalKillTrainers
2891,Bosses,bgChalKillShadows
2892,Bosses,bgChalKillAliens
2893,Bosses,bgChalKillUltimus
2894,Bosses;Progression;Economy,bgChal_allGoldBosses_singleWave
2895,Heroes,bgChal_allMeleeHeroes_10mKills
2896,Heroes;Progression;Functions,bgChalHighestHeroRank1
2897,Heroes;Progression;Functions,bgChalHighestHeroRank2
2898,Heroes;Progression;Functions,bgChalHighestHeroRank3
2899,Heroes;Progression;Functions,bgChalHighestHeroRank4
2900,Heroes;Progression;Functions,bgChalHighestHeroRank5
2901,Heroes;Progression;Functions,bgChalHighestHeroRank6
2902,Heroes;Progression;Functions,bgChalAllHeroRanks1
2903,Heroes;Progression;Functions,bgChalAllHeroRanks2
2904,Heroes;Progression;Functions,bgChalAllHeroRanks3
2905,Heroes;Progression;Functions,bgChalAllHeroRanks4
2906,Progression;Functions,bgChal_totalRanks_100k
2907,Progression;Functions,bgChal_totalRanks_200k
2908,Progression,bgChal_allMastery_1
2909,Progression,bgChal_allMastery_5
2910,Progression,bgChal_allMastery_10
2911,Economy,bgChalSuperGoldProcs
2912,Economy,bgChalUltraGoldProcs
2913,Economy,bgChalSuperExpProcs
2914,Economy,bgChalUltraExpProcs
2915,Economy,bgChalSuperEnergyProcs
2916,Economy,bgChalUltraEnergyProcs
2924,Progression,steamAchWave1
2925,Progression,steamAchWave2
2926,Progression,steamAchWave3
2927,Progression,steamAchBattlepass1
2928,Progression,steamAchBattlepass2
2929,Progression,steamAchBattlepass3
2930,Heroes,steamAchHeroesUnlocked1
2931,Heroes,steamAchHeroesUnlocked2
2932,Heroes,steamAchHeroesUnlocked3
2933,Heroes;Progression;Functions,steamAchHeroRanks1
2934,Heroes;Progression;Functions,steamAchHeroRanks2
2935,Heroes;Progression;Functions,steamAchHeroRanks3
2939,Heroes,steamAchHeroKills1
2940,Heroes,steamAchHeroKills2
2941,Heroes,steamAchHeroKills3
2945,Bosses;CombatStats,steamAchBossKills1
2946,Bosses;CombatStats,steamAchBossKills2
2947,Bosses;CombatStats,steamAchBossKills3
2948,Bosses;Economy,steamAchGoldenBosses1
2949,Bosses;Economy,steamAchGoldenBosses2
2950,Bosses;Economy,steamAchGoldenBosses3
2951,Bosses,steamAchChestMimics1
2952,Bosses,steamAchChestMimics2
2953,Bosses,steamAchChestMimics3
2954,Bosses;Heroes;CombatStats,steamAchPvpBossDamage1
2955,Bosses;Heroes;CombatStats,steamAchPvpBossDamage2
2956,Bosses;Heroes;CombatStats,steamAchPvpBossDamage3
2957,Bosses,steamAchSupremeShadow
2958,Bosses,steamAchSupremeAlien
2959,Bosses,steamAchSupremeUltimus
2963,Automation;Functions,steamAchWorkshopLevels1
2964,Automation;Functions,steamAchWorkshopLevels2
2965,Automation;Functions,steamAchWorkshopLevels3
2966,Progression;CombatStats,steamAchSkillMastery1
2967,Progression;CombatStats,steamAchSkillMastery2
2968,Progression;CombatStats,steamAchSkillMastery3
2971,Functions,settingsDisplayLevel
2972,Heroes;CombatStats,settingsDisplayDamage
2973,Progression;Functions,settingsDisplayRank
2976,CombatStats,settingsDisplaySkillCd
2978,Heroes;CombatStats,settingsTextDamage
2979,Economy,settingsTextKillGold
2980,Economy,settingsTextExp
2986,Bosses,settingsEnemyShowBoss
2994,Progression;Functions,settingsPinMaxMilestoneLevel
2995,CombatStats,settingsReduceEnemySpeed
2996,CombatStats,settingsSplashDmg
2997,Bosses;Functions,settingsExtraBossChance
2998,CombatStats;Functions,settingsInstantSpellCdChance
3001,Progression,settingsIntroSkipPrestige
3002,Bosses;Progression,settingsBossRushExtraWaves
3003,Progression,settingsAutoClaimRunes
3005,Progression,settingsShowWaveLockedUpgrades
3006,Heroes,minimizedHeroes1
3007,Heroes,minimizedHeroes2
3008,Heroes,minimizedHeroes3
3009,Heroes,minimizedHeroes4
3010,Heroes,minimizedHeroes5
3011,Heroes,minimizedHeroes6
3012,Heroes,minimizedHeroes7
3013,Bosses,minimizedBosses
3014,Progression,hideMaxResearch
3015,Progression,hideMaxPrestige
3016,Progression,hideMaxTournament
3018,Bosses,hideMaxUltimus
3019,Progression,hideMaxMastery
3020,Economy,hideMaxGems
3023,Progression,hideClaimedBattlepass
3036,Progression,statHighestWave
3037,Progression,statPrestiges
3038,Progression;Functions,statHighestBattlepassLevel
3040,Progression,statBestTournamentTier
3041,Progression,statBestTournamentTierFinish
3042,Progression;Functions,statBestTournamentRank
3045,Automation;Functions,statWorkshopLevels
3046,Heroes,statHeroesUnlocked
3047,Heroes;Functions,statHeroLevels
3048,Heroes;Progression;Functions,statHeroRanks
3049,Progression,statMasteryMissions
3050,CombatStats,statCriticalHits
3051,CombatStats,statSuperCriticalHits
3052,CombatStats,statUltraCriticalHits
3053,Economy,statSuperGoldProcs
3054,Economy,statUltraGoldProcs
3055,Economy,statSuperExpProcs
3056,Economy,statUltraExpProcs
3057,Economy,statSuperEnergyProcs
3058,Economy,statUltraEnergyProcs
3059,CombatStats,statSkillsUsed
3060,CombatStats,statSpellsUsed
3061,CombatStats,statEnemiesKilled
3062,Bosses;CombatStats,statBossesKilled
3063,Bosses;CombatStats,statGoblinsKilled
3064,Bosses;CombatStats,statProducersKilled
3065,Bosses;CombatStats,statTrainersKilled
3066,Bosses;CombatStats,statShadowsKilled
3067,Bosses;CombatStats,statSupremeShadowsKilled
3068,Bosses;Progression,statTotalSupremeRunes
3069,Bosses;CombatStats,statAliensKilled
3070,Bosses;CombatStats,statAlienSupremesKilled
3071,Bosses;CombatStats,statUltimusKilled
3072,Bosses;CombatStats,statUltimusSupremesKilled
3073,Bosses;CombatStats,statChestMimicsKilled
3074,Bosses;Economy;CombatStats,statGoldenBossesKilled
3075,Bosses;Heroes;CombatStats,statPvpBossesBestDamage
3076,Bosses;Heroes;CombatStats,statPvpBossBestDamageForAchievement
3077,Bosses,statPvpBossesBestLeague
3078,Heroes;Functions,statHighestHeroLevel
3079,Heroes,statMeleeKills
3080,Heroes,statMageKills
3081,Heroes;CombatStats,statRangeKills
3082,Economy,statGemsSpent
3083,CombatStats,statSkillKills
3084,Economy,statGoldLustedKills
3086,Economy;CombatStats,statEnergyFromSkills
3089,Heroes;Progression;CombatStats;WavePerks,statMostDamageWavePerks
3090,Economy,statMostEnergyHeld
3092,Progression,statHighestWave20Min
3093,Heroes;Progression,statWaveOnlyCommonHeroes
3094,Heroes;Functions,statBestRunTotalHeroLevels
3095,Economy,statMostEnergySingleRun
3096,Economy,statUltraGoldHoarders
3097,Bosses;Economy,statUltraExpTrainers
3099,Progression,statCommEventMilestonesClaimed
3121,Progression,stat_prestiges_over40k
3122,Progression;Economy,stat_highestWave_noGoldSpent
3123,Progression;CombatStats,stat_highestWave_noPerksSpellsSkills
3124,Bosses;Progression;Economy,stat_goldenBosses_killedSingleWave
3125,Progression,stat_highestWave_island_uncommonOnly
3126,Progression,stat_highestWave_snow_rareOnly
3127,Progression,stat_highestWave_cemetery_epicOnly
3128,Progression,stat_highestWave_lava_legendaryOnly
3129,Progression,stat_highestWave_astral_mythicOnly
3130,Bosses;Economy,stat_goldenGoblin_ultraGoldProcs
3131,Heroes;Economy,stat_goldenPowerMage_kills
3132,Bosses;Economy,stat_goldenTrainer_ultraExpProcs
3133,Bosses,stat_supremeShadow_2xDrops
3134,Bosses,stat_supremeAlien_2xDrops
3135,Bosses,stat_supremeUltimus_2xDrops
3136,Bosses;Heroes;CombatStats,stat_pvpBoss_dmgOnly5Heroes
3137,Progression,stat_highestWave_balancedOnly
3138,Progression,stat_highestWave_zeroSynergies
3139,Progression,stat_prestiges_over10k
3140,Progression;WavePerks,stat_wavePerks_mostActive
3142,Progression,stat_teleports_singleWave
3144,Bosses;Economy,stat_goldenTrainer_ultraExpProcs_singleKill
3145,Progression,stat_mostRunesHoarded
3146,Bosses;Economy,stat_mimic_totalGems
3147,Progression,statCurrRunHighestWave
3150,Progression,statCurrRunWavesPassed
3151,Progression,statCurrRunWavesFailed
3152,Progression,statCurrRunWavesFailedAfterWave50
3153,Progression,statCurrRunConsecWaves
3154,Progression;Economy,statCurrRunBattlepassExp
3155,Progression;CombatStats,statCurrRunEnemiesKilled
3156,CombatStats,statCurrRunHoardersKilled
3157,Bosses;CombatStats,statCurrRunProducersKilled
3158,Bosses;CombatStats,statCurrRunTrainersKilled
3159,Bosses;CombatStats,statCurrRunSupremeShadowsKilled
3160,CombatStats,statCurrRunSkillsUsed
3161,CombatStats,statCurrRunSpellsUsed
3162,Economy,statCurrRunKillGoldEarned
3163,Economy,statCurrRunKillGoldEarned_big
3164,Economy,statCurrRunKillExpEarned
3165,Progression;Economy,statCurrRunEnergyEarned
3166,Bosses;Progression,statCurrRunMimicPrestigePts
3167,Heroes;Functions,statCurrRunTotalHeroLevels
3168,Heroes;Functions,statCurrRunFreeHeroLevels
3169,Progression;CombatStats,statCurrRunEnemyHpSkips
3170,Heroes,statCurrRunOnlyCommonHeroes
3171,Heroes,statCurrRunOnlyUncommonHeroes
3172,Heroes,statCurrRunOnlyRareHeroes
3173,Heroes,statCurrRunOnlyEpicHeroes
3174,Heroes,statCurrRunOnlyLegendaryHeroes
3175,Heroes,statCurrRunOnlyMythicHeroes
3178,Economy,statCurrRunZeroGoldSpent
3179,CombatStats,statCurrRunZeroPerksSpellsSkills
3181,Progression,trackedWaveGains
3182,Economy,trackedGoldGains
3183,Economy,trackedGoldGains_big
3184,Economy,trackedEnergyGains
3185,Economy,trackedExpGains
3186,Progression,currWavesPerHour
3187,Economy,currGoldPerHour
3188,Economy,currGoldPerHour_big
3189,Economy,currEnergyPerHour
3190,Economy,currExpPerHour
3191,Economy,bestGoldPerHour
3192,Economy,bestGoldPerHour_big
3193,Economy,bestEnergyPerHour
3194,Economy,bestExpPerHour
3195,Progression,leadHighestWave
3196,CombatStats,leadEnemiesKilled
3212,Progression,mailReadPrestige
3213,Bosses,mailReadAncientShadow
3214,Heroes,mailReadRareHeroes
3215,Bosses,mailReadExoticAlien
3216,Heroes,mailReadEpicHeroes
3218,Progression,mailReadTournament
3220,Bosses,mailReadBossRush
3221,Heroes,mailReadLegendaryHeroes
3222,Bosses,mailReadWeeklyBoss
3223,Heroes,mailReadMythicHeroes
3225,Bosses;Heroes,mailReadSupremeHeroes
3226,Bosses,mailReadUltimusBoss
3227,Progression;WavePerks,mailReadWavePerks
3228,Automation,mailReadAutomation
3229,Bosses;Progression,mailReadSupremeRunes
3230,Bosses,mailReadSupremeAlien
3231,Progression,mailReadMapPerks
3232,Bosses,mailReadSupremeUltimus
3247,Functions,timeSinceLastLeaderboardsUpdate
3248,CombatStats,lastSpeedHackTrigger
3270,Progression,continueWave
3276,Economy,gemButton
3277,Economy,gemButtonText
3289,CombatStats;Functions,delaySpawnTime
3290,CombatStats;Functions,spawnEnemy
3296,Bosses,ultimusSupremeChangeClass
3297,Bosses;Heroes,ultimusSupremeStunHero
3299,Heroes,_fromHero
3300,CombatStats,_dmgAmt
3301,CombatStats,_canCrit
3303,CombatStats,_useSkill
3304,CombatStats,_isSkillDmg
3305,CombatStats,_fromLandMineSpell
3306,Heroes;CombatStats;Functions,dealDamage
3309,Bosses;Economy;CombatStats,checkSteamAchGoldenBossKills
3313,CombatStats;Functions,spawnSkillParticles
3314,CombatStats,skillTeleport
3315,Functions,includeEnemyTypeBonus
3316,Economy;Functions,getKillGoldAmt
3317,Economy,goldAmt
3318,Economy,isSuperGold
3319,Economy,isUltraGold
3320,Economy;CombatStats;Functions,spawnGoldText
3321,Economy;Functions,getKillExpAmt
3322,Economy,expAmt
3323,Heroes,fromHero
3324,Economy,isSuperExp
3325,Economy,isUltraExp
3326,Economy;CombatStats;Functions,spawnKillExpText
3329,CombatStats;Functions,spawnSkillTextOnEnemy
3332,CombatStats,fromSpell
3334,Heroes;CombatStats,checkAurasInRange
3335,Heroes;CombatStats;Functions,_dealDamageOnSpawnAfterFrame
3336,CombatStats;Functions,updMoveSpeed
3342,Economy,isGoldenVariant
3343,Bosses,isSupremeVariant
3344,Bosses,ultimusClass
3348,CombatStats,animSkill
3350,CombatStats,MoveSpeed
3351,CombatStats,DieSpeed
3353,Bosses,ultimusSupremeMaterial
3359,CombatStats;Functions,delaySpawnTimer
3360,CombatStats,useMoveSpeed
3364,CombatStats;Functions,isSpawned
3365,Automation,fromAutomation
3366,Bosses,isExtraBoss
3367,CombatStats,currHp
3368,CombatStats,maxHp
3369,CombatStats,futureHp
3370,CombatStats,failsafeHpTimer
3371,Heroes;CombatStats,timerInRangeSkillCheck
3373,Heroes;CombatStats,chieftainSkillSlowAmt
3374,Heroes;CombatStats,chieftainSkillSlowTime
3375,CombatStats,championSkillStunTime
3376,CombatStats,championSkillLightningStunLimit3x
3377,Heroes;CombatStats,apprenticeSkillFromHero
3378,Heroes;CombatStats,apprenticeSkillSlowAmt
3379,CombatStats,sorcererSkillStunTime
3380,CombatStats,sorcererSkillStunLimit3x
3381,Heroes;CombatStats,witchSkillFromHero
3382,Heroes;CombatStats,witchSkillCurseAmt
3383,CombatStats,elementalistSkillConfuseTime
3384,CombatStats,elementalistSkillConfuseLimit3x
3385,CombatStats,elementalistSkillConfuseIsWalkingBackwards
3386,Heroes;CombatStats,skymageSkillTeleportLimit3x
3387,Heroes;CombatStats,sovereignSkillFromHero
3388,Heroes;Economy;CombatStats;Functions,sovereignSkillSuperGoldChance
3389,Heroes;Economy;CombatStats,sovereignSkillSuperGoldAmt
3390,Heroes;CombatStats,hunterSkillFromHero
3391,Heroes;Economy;CombatStats,hunterSkillGoldAmt
3392,Heroes;CombatStats,foresterSkillBleedTime
3393,Heroes;CombatStats,foresterSkillBleedDmg
3394,Heroes;CombatStats,foresterSkillBleedFromHero
3395,Heroes;CombatStats,archerSkillFromHero
3396,Economy;CombatStats,archerSkillExpAmt
3397,Heroes;CombatStats,arbalestSkillFromHero
3398,Economy;CombatStats,arbalestSkillEnergyAmt
3399,Heroes;CombatStats,rogueSkillFromHero
3400,Heroes;Economy;CombatStats,rogueSkillGoldAmt
3401,Heroes;CombatStats,ballistaSkillFromHero
3402,Economy;CombatStats,ballistaSkillExpAmt
3403,Heroes;CombatStats,captainSkillFromHero
3404,Economy;CombatStats,captainSkillEnergyAmt
3405,Economy;CombatStats;Functions,veteranSkillSuperExpChance
3406,Economy;CombatStats;Functions,veteranSkillShareExpChance
3407,Heroes;CombatStats,veteranSkillFromHero
3408,Heroes;Progression,militiaMasteryBleedTimes
3409,Heroes;Progression;CombatStats,militiaMasteryBleedDmg
3410,Heroes;Progression,militiaMasteryBleedFromHero
3411,Heroes;Progression,chieftainMasteryStunTime
3412,Heroes;Progression,chieftainMasteryStunLimit3x
3413,Heroes;Progression;CombatStats;Functions,apprenticeMasteryDmgBonus
3414,Heroes;Progression,apprenticeMasteryHero
3415,Heroes;Progression;CombatStats;Functions,witchMasteryDmgBonus
3416,Heroes;Progression,witchMasteryHero
3417,Heroes;Progression;Economy,sovereignMasteryUltraGold
3418,Heroes;Progression;CombatStats;Functions,foresterMasteryBleedDmgBonus
3419,Heroes;Progression;Economy,rogueMasteryGold
3420,Progression;Economy,ballistaMasteryExp
3421,Heroes;Progression;Economy,captainMasteryPowerMageEnergy
3422,Progression;Economy,veteranMasterySuperExp
3423,CombatStats,spellMapDmgBurnTime
3424,Heroes;CombatStats,spellMapDmgBurnDamage
3425,Heroes;CombatStats,spellMapDmgBurnExtraDamageEffect
3426,CombatStats,spellFreezeChillTime
3427,Heroes;CombatStats,spellFreezeChillExtraDamageEffect
3431,CombatStats,checkMoveSpeedTimer
3432,Functions,shouldUpdStatusEffectsThisFrame
3433,CombatStats;Functions,shouldUpdMoveSpeedThisFrame
3434,Bosses,ultimusSupremeChangedTimes
3435,Bosses,ultimusSupremeChangeAnimationTimer
3436,Bosses;Heroes,min5HeroesDuringPvpBoss
3437,Heroes;CombatStats;Functions,<_dealDamageOnSpawnAfterFrame>d__124
3441,Progression;CombatStats;Functions,spawnWave
3443,Bosses,isBoss
3444,Functions,getEnemy
3446,Functions,getEnemyFromPool
3461,CombatStats;Functions,spawnSpeed
3464,CombatStats;Functions,spawnOverflowParent
3465,CombatStats,totalCurrHp
3466,CombatStats,totalMaxHp
3467,Bosses,isShadowActive
3468,Bosses,isAlienActive
3469,Bosses;Heroes,isUltimusMeleeActive
3470,Bosses;Heroes,isUltimusMageActive
3471,Bosses;Heroes;CombatStats,isUltimusRangeActive
3472,Bosses,isUltimusSupremeActive
3473,Bosses,chestBossMimic
3474,Economy,goldHoarder
3475,Economy,goldHoarder_goldVar
3476,Bosses;Economy,energyProducer
3477,Bosses;Economy,energyProducer_goldVar
3478,Bosses;Economy,expTrainer
3479,Bosses;Economy,expTrainer_goldVar
3480,Bosses;Progression,runeShadow
3481,Bosses;Progression,runeShadow_supVar
3482,Bosses;Progression,techAlien
3483,Bosses;Progression,techAlien_supVar
3484,Bosses;Heroes,ultimusMelee
3485,Bosses;Heroes,ultimusMage
3486,Bosses;Heroes;CombatStats,ultimusRange
3487,Bosses,ultimus_supVar
3488,Bosses,globalBoss
3534,Heroes,soulMage1
3535,Heroes,soulMage2
3536,Heroes,soulMage3
3537,Heroes,angelMage1
3538,Heroes,angelMage2
3539,Heroes,angelMage3
3540,Heroes,deathMage1
3541,Heroes,deathMage2
3542,Heroes,deathMage3
3543,Heroes,fireMage1
3544,Heroes,fireMage2
3545,Heroes,fireMage3
3546,Heroes,iceMage1
3547,Heroes,iceMage2
3548,Heroes,iceMage3
3552,Heroes,batMage1
3553,Heroes,batMage2
3554,Heroes,batMage3
3566,Bosses;Functions,updSupremeUltimusImmunityDisplay
3567,CombatStats;Functions,updSkillIcons
3569,Heroes;CombatStats;Functions,poolDamageTexts
3570,CombatStats,hpRectTransform
3571,CombatStats,hpSlider
3572,CombatStats,hpSliderBg
3573,CombatStats,panelSkillEffects
3577,Economy,effectGold
3578,Economy,effectExp
3579,Economy,effectEnergy
3581,Heroes,immuneMelee
3582,Heroes,immuneMeleeText
3583,Heroes,immuneMage
3584,Heroes;Functions,immuneMageText
3585,Heroes;CombatStats,immuneRange
3586,Heroes;CombatStats;Functions,immuneRangeText
3588,Functions,EnemyTargetedCircle
3594,Functions,updPanelAfterFrame
3596,Functions,<updPanelAfterFrame>d__3
3598,Functions,updTargetFps
3599,Functions,updReuseableStats
3600,Functions,updEnemyShields
3601,CombatStats;Functions,updGameSpeed
3603,Progression,completedWave
3605,Progression;Economy;Functions,giveBattlepassExp
3606,Progression,prestigeStart
3607,Progression,prestigeEnd
3608,Progression,hidePrestigeBg
3609,Functions,getUseMapPlacements
3610,Functions,getUseMapPath
3611,Progression,_useWaveNum
3612,Economy;Functions,getBaseGoldDrop
3613,CombatStats,_spell
3614,CombatStats,tryInstantSpellCd
3615,CombatStats,isSpellEquipped
3616,CombatStats;Functions,updSpellButton
3617,CombatStats,tryAutocastSpell
3618,Bosses,isBossAlive
3622,CombatStats,speedHackDetector
3623,Economy,baseGoldDrop
3624,Bosses;Progression;CombatStats;Functions,autoSpawnRuneBoss
3625,Bosses;Progression;CombatStats;Functions,autoSpawnTechBoss
3626,Bosses;CombatStats,ultimusBaseHp
3629,CombatStats,spellMapDmgActiveTime
3630,CombatStats,spellFreezeActiveTime
3631,Heroes;CombatStats,spellHeroDmgActiveTime
3632,Heroes;CombatStats,spellHeroAttSpeedActiveTime
3633,Heroes;CombatStats,spellHeroRangeActiveTime
3634,Heroes;CombatStats;Functions,spellHeroCritChanceActiveTime
3635,Heroes;CombatStats,spellHeroCritDmgActiveTime
3636,Heroes;CombatStats,spellHeroSkillCdActiveTime
3637,Heroes;CombatStats,spellHeroSkillPowerActiveTime
3638,Economy;CombatStats,spellKillGoldActiveTime
3639,Economy;CombatStats,spellKillExpActiveTime
3640,Economy;CombatStats,spellKillEnergyActiveTime
3641,CombatStats,spellGameSpeedActiveTime
3642,Progression,prestigeBg
3643,Progression,prestigeSparklesEffect
3644,Progression,prestigeNextMap
3645,Progression,timesFailedThisWaveSet
3648,Bosses;CombatStats,refreshPvpBossLeaderboards
3649,Bosses;CombatStats,timeUntilRefreshPvpBossLeaderboards
3653,Economy,adGoldTimer
3654,Heroes;CombatStats;Functions,adDamageTimer
3655,CombatStats,adGameSpeedTimer
3656,Economy,adEnergyTimer
3657,Economy,adExpTimer
3658,Functions,adBonusAmt
3659,Economy,isGemSaleActive
3660,CombatStats,gameSpeedWithTempEffects
3662,Progression;Functions,mapPerkBonus
3663,Progression;WavePerks,wavePerkEffect
3664,Progression,masteryPower
3665,Economy;Functions,avgEnergySuperUltraBonus
3666,CombatStats,gameSpeedEffect
3667,Economy;CombatStats,energySpellAmount
3668,Progression;Economy,arbalestMasteryEnergy
3669,Heroes;CombatStats,autoIdleDamageAmount
3670,Economy,autoIdleGoldAmount
3671,Economy,autoIdleEnergyAmount
3672,Economy,autoIdleExpAmount
3673,Automation;Progression,isAutoPrestige
3676,Progression,stat_currWave_uniqueEnemiesTeleported
3677,Bosses;Progression;Economy;CombatStats,stat_currWave_goldenGoblinsKilled
3678,Heroes;Progression;Economy;CombatStats,stat_currWave_goldenPowerMagesKilled
3679,Bosses;Progression;Economy;CombatStats,stat_currWave_goldenTrainersKilled
3680,Heroes,HeroId
3681,Heroes,militia
3682,Heroes,viking
3693,Heroes,apprentice
3694,Heroes,druid
3696,Heroes,witch
3699,Heroes,battlemage
3700,CombatStats,spelldancer
3701,Heroes,skymage
3706,Heroes,hunter
3707,Heroes,forester
3709,Heroes;CombatStats,ranger
3712,Heroes,rogue
3719,Heroes,sovereign
3723,Heroes,HeroClass
3724,Heroes,melee
3725,Heroes,mage
3726,Heroes;CombatStats,range
3729,Bosses,boss
3730,Bosses;Economy,goldBoss
3731,Bosses;Economy,energyBoss
3732,Bosses;Economy,expBoss
3733,Bosses;Progression,runeBoss
3734,Bosses;Progression,techBoss
3735,Bosses,supremeShadow
3736,Bosses,pvpBoss
3737,Bosses,ultimusSupreme
3738,Heroes,HeroUpgrade
3739,Heroes;CombatStats,damage_global
3740,Heroes;CombatStats,damage_personal
3741,CombatStats,attSpeed_global
3742,CombatStats,attSpeed_personal
3743,Heroes;CombatStats,range_personal
3744,CombatStats;Functions,critChance_global
3745,CombatStats;Functions,critChance_personal
3746,CombatStats,critDmg_global
3747,CombatStats,critDmg_personal
3748,CombatStats,skillPower_personal
3749,CombatStats,skillDuration_personal
3750,CombatStats,skillCd_global
3751,CombatStats,skillCd_personal
3752,Economy,killGold_global
3753,Economy,killExp_global
3754,Economy,killGold_personal
3755,CombatStats;Functions,superCritChance_global
3756,CombatStats;Functions,superCritChance_personal
3757,CombatStats,superCritDmg_global
3758,CombatStats,superCritDmg_personal
3759,CombatStats;Functions,ultraCritChance_global
3760,CombatStats;Functions,ultraCritChance_personal
3761,CombatStats,ultraCritDmg_global
3762,CombatStats,ultraCritDmg_personal
3763,Economy;Functions,goldSuperChance_global
3764,Economy;Functions,goldSuperChance_personal
3765,Economy,goldSuperAmount_global
3766,Economy,goldSuperAmount_personal
3767,Economy;Functions,goldUltraChance_global
3768,Economy;Functions,goldUltraChance_personal
3769,Economy,goldUltraAmount_global
3770,Economy,goldUltraAmount_personal
3771,Economy;Functions,expSuperChance_global
3772,Economy,expSuperAmount_global
3773,Economy;Functions,expUltraChance_global
3774,Economy,expUltraAmount_global
3775,Economy;Functions,energySuperChance_global
3776,Economy,energySuperAmount_global
3777,Economy;Functions,energyUltraChance_global
3778,Economy,energyUltraAmount_global
3779,Economy,energyIncome_global
3780,CombatStats,skillPower_global
3781,Bosses;Economy,bossGold_personal
3782,Bosses;Economy,bossGold_global
3783,Bosses;Economy,bossExp_global
3784,Heroes;Economy,powerMageEnergy_global
3785,Bosses;Progression,shadowRunes_personal
3786,Bosses;Progression,alienTech_global
3787,Bosses;CombatStats,ultraBossDmg_personal
3788,Bosses;CombatStats,ultraBossDmg_global
3789,Progression;Economy,battlepassExp_global
3790,Progression;WavePerks;Functions,wavePerkBonus_global
3791,Bosses;CombatStats,bossDmg_global
3792,CombatStats;Functions,instantSkillChance_personal
3793,Bosses;Economy,goblinHoarderGold_global
3794,Economy;CombatStats,instantSpell_gold
3795,Economy;CombatStats,instantspell_exp
3796,Heroes;CombatStats,range_global
3797,CombatStats,skillDuration_global
3798,CombatStats,instantSpell_blizzard
3799,CombatStats,instantSpell_agility
3800,CombatStats,instantSpell_accelerate
3801,CombatStats,instantSpell_powerPlant
3802,CombatStats,instantSpell_timeWarp
3809,CombatStats,attacker
3811,CombatStats,skiller
3812,Economy,goldFarmer
3814,Economy,expFarmer
3820,Bosses;Economy,goldProducer
3821,Bosses;Economy,expProducer
3824,Heroes,archmage
3825,Economy,goldFactory
3830,Economy,expFactory
3837,CombatStats,Spell
3838,CombatStats,mapDmg
3840,Heroes;CombatStats,heroDmg
3841,Heroes;CombatStats,heroAttSpeed
3842,Heroes;CombatStats,heroRange
3843,Heroes;CombatStats;Functions,heroCritChance
3844,Heroes;CombatStats,heroCritDmg
3845,Heroes;CombatStats,heroSkillCd
3846,Heroes;CombatStats,heroSkillPower
3847,Economy,killGold
3848,Economy,killExp
3849,Economy,killEnergy
3850,CombatStats,SpellAutoCast
3851,Bosses,bossOnly
3853,Progression,highestWave
3854,Progression,prestiges
3855,Progression;Functions,battlepassLevel
3856,Progression,tournamentTier
3858,Heroes,heroesUnlocked
3859,Heroes;Functions,heroLevels
3860,Heroes;Progression;Functions,heroRanks
3861,CombatStats,criticalHits
3862,CombatStats,superCriticalHits
3863,CombatStats,skillsUsed
3864,CombatStats,spellsUsed
3865,CombatStats,enemiesKilled
3866,Bosses;CombatStats,goblinsKilled
3867,Bosses;CombatStats,producersKilled
3868,Bosses;CombatStats,trainersKilled
3869,Bosses;CombatStats,shadowsKilled
3870,Bosses;CombatStats,aliensKilled
3871,Bosses;CombatStats,ultimusKilled
3872,Bosses;CombatStats,supremesKilled
3873,Progression,masteryMissions
3876,Bosses,chestMimicKills
3877,Bosses;Economy;CombatStats,goldenBossKills
3878,Bosses,supremeAlienKills
3879,Bosses;CombatStats,supremeUltimusKills
3880,Bosses;Heroes;CombatStats,pvpBossDamage
3882,Progression,totalWaves
3884,Economy,superGold
3885,Economy,superExp
3886,Economy,superEnergy
3888,CombatStats,skillKills
3891,Bosses;CombatStats,ultimusKills
3892,Bosses,supremeKills
3893,CombatStats,ultraCrits
3894,Bosses;Economy,ultraGoldOnBoss
3895,Bosses;Economy,ultraExpOnBoss
3896,Economy,ultraEnergy
3897,Automation;Bosses,autoBosses
3898,Bosses,autoUltraBosses
3899,CombatStats,instantSpells
3900,CombatStats,instantSkills
3901,Heroes;Functions,freeHeroLevels
3902,CombatStats,enemyHpSkips
3903,Bosses,mimicChestKills
3905,Heroes;Functions,heroLevel1
3906,Heroes;Functions,heroLevel2
3907,Heroes;Functions,heroLevel3
3908,Heroes,meleeKills
3909,Heroes,mageKills
3910,Heroes;CombatStats,rangeKills
3911,Economy,spendGems1
3912,Economy,spendGems2
3913,Economy,spendGems3
3917,Progression;Functions,battlepassLevel1
3918,Progression;Functions,battlepassLevel2
3919,Progression;Functions,battlepassLevel3
3920,Bosses,goblinKills
3921,Bosses,producerKills
3922,Bosses,trainerKills
3923,Bosses,shadowKills
3924,Bosses,alienKills
3925,Economy;CombatStats,goldSkillKills
3927,Economy;CombatStats,energyFromSkills
3928,Economy,holdEnergy1
3929,Economy,holdEnergy2
3930,Economy,holdEnergy3
3935,Progression;Functions,highestRank
3936,Progression;Functions,totalRanks
3937,Progression;Functions,rank50Plus
3938,CombatStats;Functions,spellLevels
3940,Progression,wave5000in20min
3941,Heroes;Functions,heroLevel2750
3942,Heroes;Progression;Functions,allHeroRank250
3943,Progression;Functions,battlepassLevel75
3945,Progression,wave10000onlyCommon
3946,Heroes;Functions,totalHeroLevels100000singleRun
3947,Heroes;Progression;Functions,singleHeroRank500
3948,Economy,energy10mSingleRun
3949,Economy,ultraGoldProcHoarder
3950,Bosses;Economy,ultraExpProcTrainer
3951,Progression,wave20kAllMaps
3952,Progression,wave35kAllMaps
3953,Heroes,kills25mSingleHero
3954,Heroes;Progression;Functions,rank2kAllHeroes
3956,Heroes;Progression;CombatStats;WavePerks,damageWavePerks15
3957,Automation;Functions,workshopLevels
3958,Progression,highestWave_allMaps_50k
3960,Progression,commEvent_claimMilestones_25
3962,Heroes,kills_100m_singleHero
3963,Bosses,supremeAlien_kills_5k
3964,Bosses,supremeUltimus_kills_500
3966,Progression,AstralMapPerks
3967,Heroes;CombatStats,damage
3968,Economy,gold
3969,Economy,energy
3970,CombatStats,skills
3978,Functions,targetDay
3979,Functions,getTimeUntilDayOfWeek
3982,Economy,priceString
3983,Economy,formatPriceToLocalString
3993,Heroes,_heroUpgradeEnum
3994,Functions,getUpgradeObjectFromEnum
3995,Progression;Functions,currRank
3996,Progression;Economy;Functions,getRankExpReq
3997,Functions,_currLevel
3998,Progression;Functions,getMasteryRankReq
3999,Progression;CombatStats;Functions,getMasterySkillPower
4000,Economy;Functions,getPlayerLevelExpReq
4001,CombatStats,includeSpells
4002,Economy;Functions,getPlayerExp
4003,Progression;Functions,getRuneRarityChance
4005,Progression;Functions,getRuneText
4006,Progression;Functions,getDailyGiftRunesBonus
4007,CombatStats;Functions,getVideoAdBonusUltraCritChance
4008,Heroes;CombatStats;Functions,getVideoAdBonusUltraCritDamage
4009,Economy;Functions,getVideoAdBonusUltraGoldChance
4010,Economy;Functions,getVideoAdBonusUltraGoldAmount
4011,Economy;Functions,getVideoAdBonusUltraExpChance
4012,Economy;Functions,getVideoAdBonusUltraExpAmount
4013,Economy;Functions,getVideoAdBonusUltraEnergyChance
4014,Economy;Functions,getVideoAdBonusUltraEnergyAmount
4015,Economy;Functions,getVideoAdBonusGems
4017,Functions,getRarityText
4018,Functions,getRarityColor
4019,Functions,getRarityColorString
4021,Functions,getClassText
4023,Economy;Functions,costRes
4025,Economy;Functions,costText
4026,Functions,updButton
4027,Progression,_milestone
4028,Functions,_level
4029,Heroes,_hero
4030,Progression;Functions,getLevelMilestoneValue
4031,Progression;Functions,getLevelMilestoneGlobalEffect
4033,Functions,GetSynergyValue
4034,Functions,getSynergyGlobalBonus
4036,CombatStats;Functions,getSpellActiveTime
4037,CombatStats;Functions,getSpellDurationPermEffect
4038,CombatStats;Functions,getSpellCooldownTime
4039,CombatStats;Functions,getSpellCooldownTimePermEffect
4041,CombatStats;Functions,getSpellTierLevel
4042,Functions,getAchCompletedAmt
4045,Functions,level
4048,Functions,getAchievementReqAmt
4050,Functions,getTaskTitle
4051,Functions,getTaskUpgradeObject
4054,Functions,getTasksCompletedAmt
4056,Economy;Functions,getTaskReward
4057,Functions,getTaskReqAmt
4058,Heroes;Functions,getHighestHeroKills
4059,Heroes;Progression;Functions,getHighestHeroRank
4060,Heroes;Progression;Functions,getTotalHeroRanks
4061,Progression;Functions,_rankNum
4062,Heroes;Progression;Functions,getNumHeroesAboveRank
4063,Progression,_masteryNum
4064,Heroes;Progression;Functions,getNumHeroesAboveMastery
4065,Progression;CombatStats;Functions,getHighestRepeatSkillMastery
4068,Functions,getWeeklyTaskReqValues
4071,Functions,getWeeklyTaskParamValues
4074,Functions,getWeeklyTaskCompletedAmt
4083,Progression,_addRunes
4084,Progression,addRunesToClaim
4085,Progression,isBattlepassMenuReadyToBeClaimed
4086,Economy,trackHighestEnergy
4087,Economy,gemsAmt
4088,Economy,trackGemsSpent
4089,CombatStats;Functions,getEnemyHpPermEffect
4090,CombatStats;Functions,getEnemySpeedPermEffect
4091,CombatStats;Functions,getEnemySpawnSpeed
4092,Functions,getEnemyShieldPct
4093,Functions,getEnemyWeaknessPct
4094,Economy;Functions,getSuperGoldChance
4096,Economy;Functions,getSuperGoldAmount
4097,Functions,_includeTempBonuses
4098,Economy;Functions,getUltraGoldChance
4099,Economy;Functions,getUltraGoldAmount
4100,Economy;Functions,getBaseKillExp
4101,Economy;Functions,isForBpPermReward
4102,Economy;Functions,getExpBonusFlat
4103,Economy;Functions,getExpBonusPct
4104,Economy;Functions,getSuperExpChance
4105,Economy;Functions,getSuperExpAmount
4106,Economy;Functions,getUltraExpChance
4107,Economy;Functions,getUltraExpAmount
4108,Economy;Functions,getSuperEnergyChance
4109,Economy;Functions,getSuperEnergyAmount
4110,Economy;Functions,getUltraEnergyChance
4111,Economy;Functions,getUltraEnergyAmount
4112,Progression,_onWaveNum
4114,Progression;Economy;Functions,getPrestigePointsReward
4115,Progression;Functions,getPrestigePointsPermEffect
4116,Economy;Functions,getStartingGold
4117,Progression;Functions,getMapPerkBonus
4118,Progression;Functions,getAstralMapPerkBonus
4119,Economy;Functions,getEnergyIncome
4120,Economy;Functions,getAvgEnergyChanceBonus
4121,Economy;CombatStats;Functions,getEnergySpellBaseValue
4122,Economy;CombatStats;Functions,getEnergySpellAmount
4123,Bosses;Economy;Functions,getBossGold
4124,Bosses;Economy;Functions,getBossExp
4125,CombatStats;Functions,getHoarderSpawns
4126,Economy;Functions,getHoarderGold
4127,Functions,getHoarderCd
4128,Economy;Functions,getHoarderGoldenChance
4129,Bosses;CombatStats;Functions,getProducerSpawns
4131,Bosses;Economy;Functions,getProducerEnergy
4132,Bosses;Functions,getProducerCd
4133,Bosses;Economy;Functions,getProducerGoldenChance
4134,Bosses;CombatStats;Functions,getTrainerSpawns
4135,Bosses;Economy;Functions,getTrainerExp
4136,Bosses;Functions,getTrainerCd
4137,Bosses;Economy;Functions,getTrainerGoldenChance
4138,Progression;Economy;Functions,getBonusRuneRewardScale
4139,Bosses;Progression;Functions,getShadowRunesDrop
4140,Bosses;Progression;Functions,getShadowRunes2xChance
4141,Functions,includeEarlyChance
4142,Bosses;CombatStats;Functions,getSupremeShadowSpawnChance
4143,Bosses;CombatStats;Functions,getSupremeShadowSpawnChanceGlobalEffect
4144,Bosses;Progression;Functions,getSupremeShadowRuneDrop
4145,Bosses;Progression;Functions,getSupremeShadow2xRuneChance
4146,Bosses;Progression;Functions,getAlienTechDrop
4147,Bosses;Progression;Functions,getAlienTech2xChance
4148,Bosses;CombatStats;Functions,getAlienSupremeSpawnChance
4149,Bosses;Progression;Functions,getAlienSupremeTechDrop
4150,Bosses;CombatStats;Functions,getShadowAlienHpReduction
4151,Bosses;CombatStats;Functions,getShadowAlienHpScaling
4152,Progression,_includeMapPerks
4153,Bosses;CombatStats;Functions,getShadowAlienHpSkip
4154,Bosses;CombatStats;Functions,getUltimusMaxSpawns
4155,Progression,useWaveNum
4156,Bosses;Functions,getUltimusTokenDrop
4157,Bosses;Functions,getUltimusTokensGlobal
4158,Bosses;Functions,getUltimusTokens2xChance
4159,Bosses;Functions,getUltimusCd
4160,Progression,milestoneNum
4161,Functions,getCommunityEventCommunityRequiredValue
4162,Functions,getCommunityEventPersonalRequiredValue
4165,Progression;Functions,getRuneCurrLevel
4166,Progression;Functions,getRuneMaxLevel
4168,Progression;WavePerks;Functions,getWavePerkWaveRequired
4169,Progression;WavePerks;Functions,getWavePerkWaveRequiredGlobalEffect
4170,Progression;WavePerks;Functions,getWavePerkEffect
4171,Progression;WavePerks;Functions,getNewWavePerks
4172,Economy;Functions,getAdBonusReward
4173,Functions,getAdBonusDuration
4174,Bosses;Progression;Functions,getMaxBossRushWave
4175,Bosses;Progression;Functions,getMaxBossRushWaveGlobalEffect
4176,Bosses;Progression;Functions,getMaxBossRushSkippedWaves
4177,Progression;Functions,getIntroSkipWaves
4179,CombatStats;Functions,getMaxGameSpeed
4180,CombatStats;Functions,getEnemyHpScalingReduction
4181,Heroes;Economy;Functions,getHeroLevelCostReduction
4182,Heroes;Functions,getFreeHeroLevelChance
4183,CombatStats;Functions,getInstantSkillCdChance
4184,CombatStats;Functions,getInstantSpellCdChance
4185,Functions,getEnemyImmuneLimit
4186,CombatStats;Functions,getEnemyHpSkipChance
4187,Functions,getTowerLives
4188,Bosses;Functions,getExtraBossChance
4189,Bosses;CombatStats;Functions,getMimicChestSpawnChance
4190,Bosses;Economy;Functions,getMimicChestGoldBonus
4191,Bosses;Economy;Functions,getMimicChestExpBonus
4192,Bosses;Economy;Functions,getMimicChestEnergyBonus
4193,Bosses;Progression;Functions,getMimicChestPrestigeBonus
4194,Bosses;Economy;Functions,getMimicChestMaxDailyGems
4195,Functions,getTournTrophies
4196,Progression,useWave
4197,Functions,getTournTier
4199,Progression;Functions,getNextTourTierWave
4200,Bosses,testWorldBossConversion
4202,Bosses,testWorldBossConversionValues
4206,Functions,getNumActiveFunctions
4207,Functions,getNumFunctionsUnlocked
4209,Automation,isFunctionUnlocked
4211,CombatStats;Functions,getFunctionCurrCooldown
4212,CombatStats;Functions,getFunctionMaxCooldown
4213,Functions,getNumActiveFunctionUpgrades
4215,Functions,getFunctionUpgradeTitle
4216,Economy;Functions,getFunctionUpgradeCosts
4217,Functions,getFunctionUpgradeCurrLevel
4218,Functions,getFunctionUpgradeBaseValue
4219,Functions,getFunctionUpgradeCurrStatValue
4220,Functions,getFunctionUpgradeMaxLevel
4221,Functions,getFunctionUpgradeCurrTime
4223,Functions,getWorkshopMaxTime
4224,CombatStats;Functions,calcLandMineDmg
4225,Progression;Functions,getMaxWaveToShowLockedUpgrades
4226,Progression;Functions,getMaxWaveOnCurrMap
4228,Progression;Functions,getMapPerkValue
4229,Functions,_mapPlacementBonus
4231,Functions,getMapSlotBonusValue
4233,Functions,mapPlacementBonus
4234,Functions,getMapSlotLevelAndValue
4239,Functions,getCombatStyleTitle
4241,Functions,getMapName
4245,Functions,updLeaderboardNameText
4247,Functions,<_updUiSizeAfterFrame>d__9
4254,Heroes,Hero
4255,Functions,updAllStats
4256,Heroes;CombatStats;Functions,updRangeAndSynergy
4258,Heroes;CombatStats;Functions,updDamageStats
4260,CombatStats,_includeSkills
4261,Functions,getDps
4262,Functions,getAvgDps
4263,Functions,getAvgDpsBaseWithoutEffects
4264,CombatStats;Functions,getDmg
4265,CombatStats;Functions,getDmgPermEffect
4267,CombatStats;Functions,getAttSpeed
4268,CombatStats;Functions,getAttSpeedPermEffect
4269,CombatStats;Functions,updAnimSpeed
4270,Heroes;CombatStats;Functions,getRange
4271,Heroes;CombatStats;Functions,getRangePermEffect
4272,CombatStats;Functions,getCritChance
4273,CombatStats;Functions,getCritChancePermEffect
4274,CombatStats;Functions,getCritDmg
4275,CombatStats;Functions,getCritDmgPermEffect
4276,CombatStats;Functions,getSuperCritChance
4277,CombatStats;Functions,getSuperCritChancePermEffect
4278,CombatStats;Functions,getSuperCritDmg
4279,CombatStats;Functions,getSuperCritDmgPermEffect
4280,CombatStats;Functions,getUltraCritChance
4281,CombatStats;Functions,getUltraCritChancePermEffect
4282,CombatStats;Functions,getUltraCritDmg
4283,CombatStats;Functions,getUltraCritDmgPermEffect
4284,Bosses;CombatStats;Functions,getBossDmg
4285,Bosses;CombatStats;Functions,getBossDmgPermEffect
4286,Bosses;CombatStats;Functions,getUltraBossDmg
4287,CombatStats;Functions,getSkillPower
4289,CombatStats;Functions,getSkillPowerPermEffect
4290,CombatStats,_includeSpells
4291,CombatStats;Functions,getSkillDuration
4292,CombatStats;Functions,getSkillDurationPermEffect
4293,CombatStats;Functions,getSkillActiveTime
4294,CombatStats;Functions,getSkillCooldownTime
4295,CombatStats;Functions,getSkillCooldownTimePermEffect
4296,Economy;Functions,getKillGold
4297,Economy;Functions,getGoldSuperChance
4298,Economy;Functions,getGoldSuperAmount
4299,Economy;Functions,getGoldUltraChance
4300,Economy;Functions,getGoldUltraAmount
4301,Progression;Economy;Functions,giveRankExp
4302,Economy,_addExpAmt
4304,Progression;CombatStats,addSkillMasteryValue
4305,Progression;CombatStats;Functions,getSkillMasteryRequiredValue
4306,Functions,findNewTargetEnemy
4307,Heroes;CombatStats;Functions,updEnemiesInRange
4310,Heroes;CombatStats,isInRange
4311,Functions,isValidTargetEnemy
4313,Heroes;CombatStats,isSupportHeroWithSkillReady
4314,CombatStats,attackEnemy
4315,Functions,_targetEnemy
4316,Heroes;CombatStats,_damage
4317,Heroes;CombatStats,_isSkillDamage
4319,CombatStats;Functions,spawnProjectile
4320,CombatStats,_doInstantSkill
4321,CombatStats,_timeBetweenAttacks
4322,CombatStats,_numAttacks
4325,Functions,getSplashRadius
4326,CombatStats;Functions,spawnUseSkillParticles
4328,Heroes,stunHero
4330,Heroes,prefabHero
4331,Heroes,heroId
4332,Heroes,heroClass
4333,Heroes,heroIconHead
4334,Heroes,heroIconFull
4335,Heroes,heroName
4336,Heroes,heroRarity
4340,CombatStats,baseAttSpeed
4341,Heroes;CombatStats,baseRangeRatio
4342,CombatStats;Functions,baseCritChance
4343,CombatStats,skillTitle
4344,CombatStats,baseSkillActiveTime
4345,CombatStats,baseSkillCooldownTime
4346,CombatStats;Functions,skillPowerBonusEffect
4347,CombatStats,skillDurationTimeEffect
4348,Progression;CombatStats,skillMasteryBaseReqVal
4349,Progression,listMilestoneUpgrades
4350,Progression,milestoneCount
4351,Heroes,synergyHero1
4352,Heroes,synergyHero2_1
4353,Heroes,synergyHero2_2
4354,Heroes,synergyHero3
4355,Heroes,synergyHero4_1
4356,Heroes,synergyHero4_2
4357,Heroes,synergyHero5
4358,Heroes,synergyHero6_1
4359,Heroes,synergyHero6_2
4360,Heroes,synergyHero7
4361,Heroes,synergyHero8_1
4362,Heroes,synergyHero8_2
4363,Heroes,synergyHero9
4364,Heroes,synergyHero10_1
4365,Heroes,synergyHero10_2
4366,Heroes,synergyHero11
4367,Heroes,synergyHero12_1
4368,Heroes,synergyHero12_2
4369,Heroes,synergyHero13
4370,Heroes,synergyHero14_1
4371,Heroes,synergyHero14_2
4372,Heroes,synergyHero15_1
4373,Heroes,synergyHero15_2
4374,Heroes,synergyHero15_3
4375,Heroes,synergyHero16_1
4376,Heroes,synergyHero16_2
4377,Heroes,synergyHero16_3
4394,CombatStats,animAttack
4395,Heroes,heroData
4396,Functions,targetEnemy
4397,CombatStats,currentlyAttackingThisEnemy
4398,Heroes,heroObjTracker
4401,CombatStats,attSpeed
4402,CombatStats;Functions,critChance
4403,CombatStats,critDmg
4404,CombatStats;Functions,superCritChance
4405,CombatStats,superCritDmg
4406,CombatStats;Functions,ultraCritChance
4407,CombatStats,ultraCritDmg
4409,CombatStats,skillPower
4410,CombatStats,skillDuration
4411,CombatStats,skillActiveMaxTime
4412,CombatStats,skillCooldownMaxTime
4413,Economy;Functions,goldSuperChance
4414,Economy,goldSuperAmount
4415,Economy;Functions,goldUltraChance
4416,Economy,goldUltraAmount
4417,Progression;Economy;Functions,rankReqExp
4418,Heroes;CombatStats,lastFrame_damage
4419,CombatStats,lastFrame_attSpeed
4420,CombatStats;Functions,lastFrame_critChance
4421,CombatStats,lastFrame_critDmg
4422,CombatStats;Functions,lastFrame_superCritChance
4423,CombatStats,lastFrame_superCritDmg
4424,CombatStats;Functions,lastFrame_ultraCritChance
4425,CombatStats,lastFrame_ultraCritDmg
4427,Heroes;CombatStats,heroesInRange
4429,Heroes,hasSynergy1_hero0
4430,Heroes,hasSynergy1_hero1
4432,Heroes,hasSynergy2_hero0
4433,Heroes,hasSynergy2_hero1
4434,Heroes,hasSynergy2_hero2
4436,Heroes,hasSynergy3_hero0
4437,Heroes,hasSynergy3_hero1
4439,Heroes,hasSynergy4_hero0
4440,Heroes,hasSynergy4_hero1
4441,Heroes,hasSynergy4_hero2
4443,Heroes,hasSynergy5_hero0
4444,Heroes,hasSynergy5_hero1
4446,Heroes,hasSynergy6_hero0
4447,Heroes,hasSynergy6_hero1
4448,Heroes,hasSynergy6_hero2
4450,Heroes,hasSynergy7_hero0
4451,Heroes,hasSynergy7_hero1
4453,Heroes,hasSynergy8_hero0
4454,Heroes,hasSynergy8_hero1
4455,Heroes,hasSynergy8_hero2
4457,Heroes,hasSynergy9_hero0
4458,Heroes,hasSynergy9_hero1
4460,Heroes,hasSynergy10_hero0
4461,Heroes,hasSynergy10_hero1
4462,Heroes,hasSynergy10_hero2
4464,Heroes,hasSynergy11_hero0
4465,Heroes,hasSynergy11_hero1
4467,Heroes,hasSynergy12_hero0
4468,Heroes,hasSynergy12_hero1
4469,Heroes,hasSynergy12_hero2
4471,Heroes,hasSynergy13_hero0
4472,Heroes,hasSynergy13_hero1
4474,Heroes,hasSynergy14_hero0
4475,Heroes,hasSynergy14_hero1
4476,Heroes,hasSynergy14_hero2
4478,Heroes,hasSynergy15_hero0
4479,Heroes,hasSynergy15_hero1
4480,Heroes,hasSynergy15_hero2
4481,Heroes,hasSynergy15_hero3
4483,Heroes,hasSynergy16_hero0
4484,Heroes,hasSynergy16_hero1
4485,Heroes,hasSynergy16_hero2
4486,Heroes,hasSynergy16_hero3
4487,Heroes;CombatStats,spellHeroDmgLastEnemyAttacked
4488,Heroes;CombatStats,spellHeroDmgConsecAttacksOnSameEnemy
4489,CombatStats,skillCooldownTime
4490,CombatStats,skillActiveTime
4491,Heroes;CombatStats,listEnemiesInRange
4492,Functions,listEnemiesNearTarget
4493,CombatStats,lastEnemyAttacked
4494,CombatStats,samuraiSkillTimer
4495,CombatStats,gladiatorSkillKills
4496,CombatStats;Functions,dicemasterSkillCritChance
4497,CombatStats;Functions,dicemasterSkillSuperCritChance
4498,CombatStats;Functions,dicemasterSkillUltraCritChance
4499,Heroes;CombatStats,druidSkillActiveTime
4500,Heroes;CombatStats,druidSkillDamage
4501,CombatStats,wizardSkillActiveTime
4502,CombatStats,wizardSkillAttSpeed
4503,Heroes;CombatStats,battlemageSkillActiveTime
4504,Heroes;CombatStats;Functions,battlemageSkillCritChance
4505,CombatStats,spelldancerSkillActiveTime
4506,CombatStats,spelldancerSkillCritDmg
4507,CombatStats,titanSkillActiveTime
4508,CombatStats;Functions,titanSkillSuperCritChance
4509,CombatStats,titanSkillSuperCritDmg
4510,CombatStats,warlockSkillActiveTime
4511,CombatStats,warlockSkillCooldown
4512,CombatStats,templarSkillActiveTime
4513,CombatStats,templarSkillSplashDmg
4514,CombatStats,necromancerSkillActiveTime
4515,Heroes;CombatStats,necromancerSkillDamage
4516,CombatStats,necromancerSkillAttSpeed
4517,CombatStats,necromancerSkillCooldown
4518,Heroes;Progression,vikingMasteryConsecHits
4519,Progression;Functions,ninjaMasteryNumBonusHits
4520,Progression,assassinMasteryNumExecutes
4521,Progression,peacekeeperMasteryNumKills
4522,Progression,paladinMasteryConsecHits
4523,Progression;CombatStats;Functions,titanMasteryUltraCritChance
4524,Progression;CombatStats,titanMasteryUltraCritDmg
4525,Heroes;Progression;CombatStats;Functions,druidMasteryDmgBonus
4526,Progression;Functions,wizardMasteryTripleShotChance
4527,Heroes;Progression;Economy;CombatStats;Functions,battlemageMasteryUltraCritChance
4528,Progression;CombatStats,spelldancerMasteryCritDmg
4529,Progression;Functions,warlockMasteryInstantCdChance
4530,Progression;Functions,templarMasterySplashBonus
4531,Progression;CombatStats,necromancerMasteryCritDmg
4532,Progression;CombatStats,necromancerMasterySuperCritDmg
4533,Progression;CombatStats,necromancerMasteryUltraCritDmg
4534,Progression,crusaderMasteryConsecHits
4535,Heroes;Progression;CombatStats,milestoneDamageSolo
4536,Progression;CombatStats,milestoneAttSpeedSolo
4537,Progression;CombatStats;Functions,milestoneCritChanceSolo
4538,Heroes;Progression;CombatStats,milestoneCritDamageSolo
4539,Progression;CombatStats;Functions,milestoneCritSuperChanceSolo
4540,Heroes;Progression;CombatStats,milestoneCritSuperDamageSolo
4541,Progression;CombatStats;Functions,milestoneCritUltraChanceSolo
4542,Heroes;Progression;CombatStats,milestoneCritUltraDamageSolo
4543,Heroes;Progression;CombatStats,milestoneRangeSolo
4544,Progression;CombatStats,milestoneSkillPowerSolo
4545,Progression;CombatStats,milestoneSkillDurationSolo
4546,Progression;CombatStats,milestoneSkillCooldownSolo
4547,Progression;CombatStats;Functions,milestoneInstantSkillChanceSolo
4548,Progression;Economy,milestoneKillGoldSolo
4549,Progression;Economy;Functions,milestoneGoldSuperChanceSolo
4550,Progression;Economy,milestoneGoldSuperAmountSolo
4551,Progression;Economy;Functions,milestoneGoldUltraChanceSolo
4552,Progression;Economy,milestoneGoldUltraAmountSolo
4553,Heroes;CombatStats,synergyDamageSolo
4554,CombatStats,synergyAttSpeedSolo
4555,CombatStats;Functions,synergyCritChanceSolo
4556,Heroes;CombatStats,synergyCritDamageSolo
4557,CombatStats;Functions,synergyCritSuperChanceSolo
4558,Heroes;CombatStats,synergyCritSuperDamageSolo
4559,CombatStats;Functions,synergyCritUltraChanceSolo
4560,Heroes;CombatStats,synergyCritUltraDamageSolo
4561,CombatStats,synergySkillPowerSolo
4562,CombatStats,synergySkillDurationSolo
4563,CombatStats,synergySkillCooldownSolo
4564,Economy,synergyKillGoldSolo
4565,Economy;Functions,synergyGoldSuperChanceSolo
4566,Economy,synergyGoldSuperAmountSolo
4567,Economy;Functions,synergyGoldUltraChanceSolo
4568,Economy,synergyGoldUltraAmountSolo
4569,Bosses;Economy,synergyBossGoldSolo
4570,Bosses;Progression,synergyShadowRunesSolo
4571,Bosses;CombatStats,synergyUltraBossDmgSolo
4574,Functions,lastLevelTextUpdated
4575,Progression;Functions,showRankNotif
4578,CombatStats,attackInterval
4579,CombatStats,attackTimePassed
4580,Functions,retargetTimer
4582,CombatStats,AnimSpeed
4583,CombatStats,<_doInstantSkill>d__324
4588,CombatStats,<completedAttacks>5__5
4589,Heroes,HeroBuildCell
4592,Heroes,checkSteamHeroesUnlocked
4594,Heroes,thisHero
4595,Heroes,heroIcon
4597,Progression;Functions,rankSlider
4598,Progression;Functions,rankIcon
4599,Progression;Functions,rankLevelText
4600,Progression,masterySlider
4601,Progression,masteryIcon
4602,Progression;Functions,masteryLevelText
4604,CombatStats,attSpeedText
4605,Heroes;CombatStats;Functions,rangeText
4606,CombatStats,skillText
4610,Economy;Functions,unlockCostText
4613,Progression,waveReqCover
4614,Progression,waveReqText
4615,Heroes,numMaxHeroes
4616,Heroes,HeroBuildMenu
4617,CombatStats,refreshPanel
4618,Functions,updCells
4619,Functions,updCellButtons
4628,Bosses,supremeNormal
4635,Bosses,supremeMinimized
4644,Economy,savedEnergy
4645,Heroes,HeroData
4647,Functions,updUsePresetLevels
4649,WavePerks,numCards
4650,Progression;Functions,rank
4651,Progression;Economy;Functions,rankExp
4653,Progression;Functions,rankPoints
4654,Heroes;Progression;CombatStats;Functions,rankDamage
4655,Progression;CombatStats;Functions,rankAttSpeed
4656,Heroes;Progression;CombatStats;Functions,rankRange
4657,Progression;CombatStats;Functions,rankCritChance
4658,Progression;CombatStats;Functions,rankCritDmg
4659,Progression;CombatStats;Functions,rankSkillPower
4660,Progression;CombatStats;Functions,rankSkillCooldown
4661,Progression;Economy;Functions,rankKillGold
4662,Progression;Economy;Functions,rankKillExp
4663,Progression;CombatStats;Functions,rankSuperCritChance
4664,Progression;CombatStats;Functions,rankSuperCritDmg
4665,Progression;Economy;Functions,rankSuperGoldChance
4666,Progression;Economy;Functions,rankSuperGoldAmount
4667,Progression;CombatStats;Functions,rankUltraCritChance
4668,Progression;CombatStats;Functions,rankUltraCritDmg
4669,Progression;Economy;Functions,rankUltraGoldChance
4670,Progression;Economy;Functions,rankUltraGoldAmount
4671,Progression;CombatStats;Functions,rankSkillPower2
4672,Progression;Economy;Functions,rankHoarderGold
4673,Bosses;Progression;Economy;Functions,rankProducerEnergy
4674,Bosses;Progression;Economy;Functions,rankTrainerExp
4675,Bosses;Progression;Economy;Functions,rankBossGold
4676,Bosses;Progression;Economy;Functions,rankBossExp
4677,Bosses;Progression;CombatStats;Functions,rankUltraBossDmg
4678,Heroes;Progression;CombatStats;Functions,rankDamage2
4679,Progression;Economy;Functions,rankKillGold2
4680,Progression;Economy;Functions,rankKillExp2
4681,Progression;Economy;Functions,rankEnergyIncome
4682,Progression;Economy;Functions,rankSuperExpChance
4683,Progression;Economy;Functions,rankSuperExpAmount
4684,Progression;Economy;Functions,rankSuperEnergyChance
4685,Progression;Economy;Functions,rankSuperEnergyAmount
4687,Progression;Functions,rankPoints_p1
4688,Heroes;Progression;CombatStats;Functions,rankDamage_p1
4689,Progression;CombatStats;Functions,rankAttSpeed_p1
4690,Heroes;Progression;CombatStats;Functions,rankRange_p1
4691,Progression;CombatStats;Functions,rankCritChance_p1
4692,Progression;CombatStats;Functions,rankCritDmg_p1
4693,Progression;CombatStats;Functions,rankSkillPower_p1
4694,Progression;CombatStats;Functions,rankSkillCooldown_p1
4695,Progression;Economy;Functions,rankKillGold_p1
4696,Progression;Economy;Functions,rankKillExp_p1
4697,Progression;CombatStats;Functions,rankSuperCritChance_p1
4698,Progression;CombatStats;Functions,rankSuperCritDmg_p1
4699,Progression;Economy;Functions,rankSuperGoldChance_p1
4700,Progression;Economy;Functions,rankSuperGoldAmount_p1
4701,Progression;CombatStats;Functions,rankUltraCritChance_p1
4702,Progression;CombatStats;Functions,rankUltraCritDmg_p1
4703,Progression;Economy;Functions,rankUltraGoldChance_p1
4704,Progression;Economy;Functions,rankUltraGoldAmount_p1
4705,Progression;CombatStats;Functions,rankSkillPower2_p1
4706,Progression;Economy;Functions,rankHoarderGold_p1
4707,Bosses;Progression;Economy;Functions,rankProducerEnergy_p1
4708,Bosses;Progression;Economy;Functions,rankTrainerExp_p1
4709,Bosses;Progression;Economy;Functions,rankBossGold_p1
4710,Bosses;Progression;Economy;Functions,rankBossExp_p1
4711,Bosses;Progression;CombatStats;Functions,rankUltraBossDmg_p1
4712,Heroes;Progression;CombatStats;Functions,rankDamage2_p1
4713,Progression;Economy;Functions,rankKillGold2_p1
4714,Progression;Economy;Functions,rankKillExp2_p1
4715,Progression;Economy;Functions,rankEnergyIncome_p1
4716,Progression;Economy;Functions,rankSuperExpChance_p1
4717,Progression;Economy;Functions,rankSuperExpAmount_p1
4718,Progression;Economy;Functions,rankSuperEnergyChance_p1
4719,Progression;Economy;Functions,rankSuperEnergyAmount_p1
4722,Progression;Functions,rankPoints_p2
4723,Heroes;Progression;CombatStats;Functions,rankDamage_p2
4724,Progression;CombatStats;Functions,rankAttSpeed_p2
4725,Heroes;Progression;CombatStats;Functions,rankRange_p2
4726,Progression;CombatStats;Functions,rankCritChance_p2
4727,Progression;CombatStats;Functions,rankCritDmg_p2
4728,Progression;CombatStats;Functions,rankSkillPower_p2
4729,Progression;CombatStats;Functions,rankSkillCooldown_p2
4730,Progression;Economy;Functions,rankKillGold_p2
4731,Progression;Economy;Functions,rankKillExp_p2
4732,Progression;CombatStats;Functions,rankSuperCritChance_p2
4733,Progression;CombatStats;Functions,rankSuperCritDmg_p2
4734,Progression;Economy;Functions,rankSuperGoldChance_p2
4735,Progression;Economy;Functions,rankSuperGoldAmount_p2
4736,Progression;CombatStats;Functions,rankUltraCritChance_p2
4737,Progression;CombatStats;Functions,rankUltraCritDmg_p2
4738,Progression;Economy;Functions,rankUltraGoldChance_p2
4739,Progression;Economy;Functions,rankUltraGoldAmount_p2
4740,Progression;CombatStats;Functions,rankSkillPower2_p2
4741,Progression;Economy;Functions,rankHoarderGold_p2
4742,Bosses;Progression;Economy;Functions,rankProducerEnergy_p2
4743,Bosses;Progression;Economy;Functions,rankTrainerExp_p2
4744,Bosses;Progression;Economy;Functions,rankBossGold_p2
4745,Bosses;Progression;Economy;Functions,rankBossExp_p2
4746,Bosses;Progression;CombatStats;Functions,rankUltraBossDmg_p2
4747,Heroes;Progression;CombatStats;Functions,rankDamage2_p2
4748,Progression;Economy;Functions,rankKillGold2_p2
4749,Progression;Economy;Functions,rankKillExp2_p2
4750,Progression;Economy;Functions,rankEnergyIncome_p2
4751,Progression;Economy;Functions,rankSuperExpChance_p2
4752,Progression;Economy;Functions,rankSuperExpAmount_p2
4753,Progression;Economy;Functions,rankSuperEnergyChance_p2
4754,Progression;Economy;Functions,rankSuperEnergyAmount_p2
4757,Progression;Functions,rankPoints_p3
4758,Heroes;Progression;CombatStats;Functions,rankDamage_p3
4759,Progression;CombatStats;Functions,rankAttSpeed_p3
4760,Heroes;Progression;CombatStats;Functions,rankRange_p3
4761,Progression;CombatStats;Functions,rankCritChance_p3
4762,Progression;CombatStats;Functions,rankCritDmg_p3
4763,Progression;CombatStats;Functions,rankSkillPower_p3
4764,Progression;CombatStats;Functions,rankSkillCooldown_p3
4765,Progression;Economy;Functions,rankKillGold_p3
4766,Progression;Economy;Functions,rankKillExp_p3
4767,Progression;CombatStats;Functions,rankSuperCritChance_p3
4768,Progression;CombatStats;Functions,rankSuperCritDmg_p3
4769,Progression;Economy;Functions,rankSuperGoldChance_p3
4770,Progression;Economy;Functions,rankSuperGoldAmount_p3
4771,Progression;CombatStats;Functions,rankUltraCritChance_p3
4772,Progression;CombatStats;Functions,rankUltraCritDmg_p3
4773,Progression;Economy;Functions,rankUltraGoldChance_p3
4774,Progression;Economy;Functions,rankUltraGoldAmount_p3
4775,Progression;CombatStats;Functions,rankSkillPower2_p3
4776,Progression;Economy;Functions,rankHoarderGold_p3
4777,Bosses;Progression;Economy;Functions,rankProducerEnergy_p3
4778,Bosses;Progression;Economy;Functions,rankTrainerExp_p3
4779,Bosses;Progression;Economy;Functions,rankBossGold_p3
4780,Bosses;Progression;Economy;Functions,rankBossExp_p3
4781,Bosses;Progression;CombatStats;Functions,rankUltraBossDmg_p3
4782,Heroes;Progression;CombatStats;Functions,rankDamage2_p3
4783,Progression;Economy;Functions,rankKillGold2_p3
4784,Progression;Economy;Functions,rankKillExp2_p3
4785,Progression;Economy;Functions,rankEnergyIncome_p3
4786,Progression;Economy;Functions,rankSuperExpChance_p3
4787,Progression;Economy;Functions,rankSuperExpAmount_p3
4788,Progression;Economy;Functions,rankSuperEnergyChance_p3
4789,Progression;Economy;Functions,rankSuperEnergyAmount_p3
4790,Progression;CombatStats;Functions,skillMasteryLevel
4791,Progression;CombatStats,skillMasteryCurrVal
4792,Progression;CombatStats,skillMasteryProgressCurrRun
4793,Progression;CombatStats,skillMasteryTimeActiveCurrRun
4794,Progression;CombatStats,skillMasteryTotalCompletions
4799,Functions,currRunFreeLevels
4801,Functions,levelDps
4802,Functions,levelDps_big
4803,Economy;Functions,levelCost
4804,Economy;Functions,levelCost_big
4806,Functions,targetPriority
4807,Bosses;Functions,targetFocusBosses
4808,Bosses;CombatStats;Functions,targetSkillBossesOnly
4809,CombatStats;Functions,targetSkillSupport
4810,CombatStats;Functions,targetNoSkills
4811,Heroes;CombatStats,rangeSlider
4813,Heroes,HeroManager
4814,Heroes,_heroId
4815,Heroes;Functions,getPrefabHero
4816,Heroes;Functions,updAllHeroStats
4817,Heroes;CombatStats;Functions,updAllHeroDmgStats
4818,Heroes;Functions,getActiveNumHeroes
4820,Functions,updPlacements
4821,CombatStats;Functions,getSkillLongText
4823,Progression;CombatStats;Functions,getSkillMasteryMissionText
4824,Progression;CombatStats;Functions,getSkillMasteryDescText
4825,Economy;Functions,getArbalestEnergySourceAmount
4826,Economy;Functions,getCaptainEnergySourceAmount
4827,Heroes,_thisHero
4828,Heroes,retireHero
4829,Heroes;Functions,giveFreeHeroLevel
4830,Functions,_numLevels
4831,Heroes;Functions,addHeroLevelStatsAndCheckChallenges
4841,Heroes;CombatStats,rangeCircle
4842,Heroes,activeHeroParent
4843,Heroes,listActiveHeroes
4844,Heroes,removedHeroParent
4845,Heroes,listRemovedHeroes
4847,Heroes;CombatStats,isAuraHeroActiveForRangeChecks
4848,Progression;Functions,milestoneRequiredLevels
4849,Heroes;Progression;CombatStats,milestoneDamageAll
4850,Progression;CombatStats,milestoneAttSpeedAll
4851,Heroes;Progression;CombatStats,milestoneRangeAll
4852,Progression;CombatStats;Functions,milestoneCritChanceAll
4853,Heroes;Progression;CombatStats,milestoneCritDamageAll
4854,Progression;CombatStats;Functions,milestoneSuperCritChanceAll
4855,Heroes;Progression;CombatStats,milestoneSuperCritDamageAll
4856,Progression;CombatStats;Functions,milestoneUltraCritChanceAll
4857,Heroes;Progression;CombatStats,milestoneUltraCritDamageAll
4858,Progression;CombatStats,milestoneSkillCooldownAll
4859,Progression;CombatStats,milestoneSkillPowerAll
4860,Progression;CombatStats,milestoneSkillDurationAll
4861,Progression;Economy,milestoneKillGoldAll
4862,Progression;Economy;Functions,milestoneSuperGoldChanceAll
4863,Progression;Economy,milestoneSuperGoldAmountAll
4864,Progression;Economy;Functions,milestoneUltraGoldChanceAll
4865,Progression;Economy,milestoneUltraGoldAmountAll
4866,Progression;Economy,milestoneKillExpAll
4867,Bosses;Progression;Economy,milestoneBossExpAll
4868,Progression;Economy;Functions,milestoneSuperExpChanceAll
4869,Progression;Economy,milestoneSuperExpAmountAll
4870,Progression;Economy;Functions,milestoneUltraExpChanceAll
4871,Progression;Economy,milestoneUltraExpAmountAll
4872,Progression;Economy,milestoneEnergyIncomeAll
4873,Progression;Economy;Functions,milestoneSuperEnergyChanceAll
4874,Progression;Economy,milestoneSuperEnergyAmountAll
4875,Progression;Economy;Functions,milestoneUltraEnergyChanceAll
4876,Progression;Economy,milestoneUltraEnergyAmountAll
4877,Progression;Economy,milestoneBattlepassExpAll
4878,Bosses;Progression;Economy,milestoneGoblinHoarderGoldAll
4879,Heroes;Progression;Economy,milestonePowerMageEnergyAll
4880,Progression;CombatStats,milestoneInstantBlizzardSpellAll
4881,Progression;CombatStats,milestoneInstantAttSpeedSpellAll
4882,Progression;CombatStats,milestoneInstantSkillCdSpellAll
4883,Progression;Economy;CombatStats,milestoneInstantGoldSpellAll
4884,Progression;Economy;CombatStats,milestoneInstantExpSpellAll
4885,Progression;Economy;CombatStats,milestoneInstantEnergySpellAll
4886,Progression;CombatStats,milestoneInstantGameSpeedSpellAll
4887,Heroes;Progression;CombatStats;Functions,rankDamageAll
4888,Progression;Economy;Functions,rankKillGoldAll
4889,Progression;Economy;Functions,rankKillExpAll
4890,Progression;Economy;Functions,rankEnergyIncomeAll
4891,Progression;Economy;Functions,rankSuperExpChanceAll
4892,Progression;Economy;Functions,rankSuperExpAmountAll
4893,Progression;Economy;Functions,rankSuperEnergyChanceAll
4894,Progression;Economy;Functions,rankSuperEnergyAmountAll
4895,Progression;Functions,synergyRequiredRanks
4896,Heroes;CombatStats,synergyDamageAll
4897,CombatStats,synergyAttSpeedAll
4898,CombatStats;Functions,synergyCritChanceAll
4899,Heroes;CombatStats,synergyCritDamageAll
4900,CombatStats;Functions,synergySuperCritChanceAll
4901,Heroes;CombatStats,synergySuperCritDamageAll
4902,CombatStats;Functions,synergyUltraCritChanceAll
4903,Heroes;CombatStats,synergyUltraCritDamageAll
4904,CombatStats,synergySkillPowerAll
4905,CombatStats,synergySkillCooldownAll
4906,Economy,synergyKillGoldAll
4907,Economy;Functions,synergySuperGoldChanceAll
4908,Economy,synergySuperGoldAmountAll
4909,Economy;Functions,synergyUltraGoldChanceAll
4910,Economy,synergyUltraGoldAmountAll
4911,Economy,synergyKillExpAll
4912,Economy;Functions,synergySuperExpChanceAll
4913,Economy,synergySuperExpAmountAll
4914,Economy;Functions,synergyUltraExpChanceAll
4915,Economy,synergyUltraExpAmountAll
4916,Economy,synergyEnergyIncomeAll
4917,Economy;Functions,synergySuperEnergyChanceAll
4918,Economy,synergySuperEnergyAmountAll
4919,Economy;Functions,synergyUltraEnergyChanceAll
4920,Economy,synergyUltraEnergyAmountAll
4921,Bosses;CombatStats,synergyBossDmgAll
4922,Bosses;Economy,synergyBossGoldAll
4923,Bosses;Economy,synergyBossExpAll
4924,Bosses;Economy,synergyProducerEnergyAll
4925,Bosses;Progression,synergyAlienTechAll
4926,Bosses;CombatStats,synergyUltraBossDmgAll
4927,Progression;Economy,synergyBattlepassExpAll
4928,Progression;WavePerks;Functions,synergyWavePerkBonusAll
4929,Heroes;CombatStats,combatStyleDamageAll
4930,CombatStats,combatStyleAttSpeedAll
4931,CombatStats,combatStyleSkillPowerAll
4933,Economy,combatStyleKillGoldAll
4934,Progression;Economy;Functions,combatStyleRankExpAll
4935,Economy,combatStyleEnergyIncomeAll
4936,Heroes;CombatStats,combatStyleRangeAll
4937,CombatStats,combatStyleSkillCooldownAll
4938,CombatStats;Functions,combatStyleInstantSpellChanceAll
4939,Economy,combatStyleEnergyIncomePctAll
4940,CombatStats,combatStyleSkillPowerPctAll
4941,Progression,combatStyleMasteryPowerPctAll
4942,Progression;Functions,combatStyleMilestoneBonusAll
4943,Functions,targetedEnemyCircle
4944,Heroes,listAllHeroPrefabs
4945,Heroes,prefabMilitia
4951,Heroes,prefabApprentice
4952,Heroes,prefabDruid
4954,Heroes,prefabWitch
4957,Heroes,prefabBattlemage
4958,CombatStats,prefabSpelldancer
4959,Heroes,prefabSkymage
4962,Heroes,prefabSovereign
4964,Heroes,prefabHunter
4965,Heroes,prefabForester
4969,Heroes,prefabRogue
4974,Heroes,<retireHero>b__157_0
4976,Heroes,HeroMenu
4977,Heroes,scrollToHeroButton
4978,Functions,updButtonColors
4979,Progression;Functions,updRankResText
4983,Progression;Functions,headerRankText
4985,Progression;Functions,rankPanel
4989,Progression;Functions,tabButtonRank
4993,Heroes,HeroMenuAttributeCell
4994,Functions,_atLevel
4995,Progression;Economy;Functions,getProgExpRankReq
4997,Progression;Functions,rankReq
5000,Functions,levelAmtText
5001,Progression;Functions,coverRankReq
5002,Progression;Functions,coverRankReqText
5003,Functions,upgNumLevels
5004,Heroes,HeroMenuButton
5005,Progression;Functions,updRankStuff
5006,Heroes,buttonImage
5007,Heroes,iconImage
5008,Heroes,typeImage
5010,Progression;Functions,rankText
5012,Progression,masteryPanel
5013,Progression,masteryText
5014,Progression;Functions,savedRank
5015,Progression;Economy;Functions,startRankExp
5016,Progression;Economy;Functions,endRankExp
5017,Heroes,HeroMenuInfoPanel
5019,Heroes,heroType
5020,Heroes,heroTypeIcon
5021,Heroes,heroUnlockedText
5022,Heroes,heroPurchasedText
5023,Heroes;Progression;Functions,heroRankText
5024,Heroes,heroBackstory
5025,Heroes,maxHeroesCover
5026,Progression,lockedWaveCover
5027,Progression,lockedWaveText
5028,Heroes;Economy;Functions,unlockHeroCost
5029,CombatStats,skillCooldown
5030,CombatStats,skillDesc
5031,Progression,masteryTitleText
5032,Progression,masteryTitleIcon
5033,Progression,masteryDescText
5034,Progression,masteryProgSlider
5035,Progression,masteryProgSliderDesc
5036,Progression,masteryProgSliderText
5037,Progression;Economy;Functions,masteryProgSliderReward
5038,Progression,masteryCoverIcon
5039,Progression;Functions,masteryCoverRankReqText
5040,Progression;Functions,masteryCoverRank2kTotalCover
5041,Progression;Functions,masteryCoverRankAnySemiCover
5044,Progression,listMilestones
5045,Heroes;Progression;Functions,HeroMenuRankPanel
5046,Economy;Functions,updExpSlider
5048,Functions,clickedLevelMult
5052,Heroes;CombatStats,switchPresetButton
5056,Economy,expText
5058,Economy,expSlider
5063,Functions,levelMult
5071,Heroes,preset1SwitchButton
5076,Heroes,preset2SwitchButton
5084,Heroes,preset3SwitchButton
5093,Functions,<updPanelAfterFrame>d__54
5094,Heroes,HeroMenuSettingsPanel
5098,Heroes;CombatStats,adjRangeSlider
5099,Heroes;CombatStats,endRangeSlider
5108,Bosses,focusBossFrame
5109,Bosses,focusBossCheck
5110,Bosses;CombatStats,skillBossFrame
5111,Bosses;CombatStats,skillBossCheck
5112,CombatStats,skillSupportFrame
5113,CombatStats,skillSupportCheck
5116,Heroes;CombatStats;Functions,rangeTextCurr
5117,Heroes;CombatStats;Functions,rangeTextMax
5118,Heroes;CombatStats,maxRange
5119,Heroes,HeroMenuSynergyCell
5120,Heroes,heroNum
5121,Heroes,clickedHeroIcon
5123,Heroes,heroIcon1
5124,Heroes,heroName1
5126,Progression;Functions,rankIcon1
5127,Progression;Functions,rankText1
5128,Heroes,heroIcon2
5129,Heroes,heroName2
5131,Progression;Functions,rankIcon2
5132,Progression;Functions,rankText2
5133,Heroes,synergyHero2
5134,Heroes,heroIcon3
5135,Heroes,heroName3
5137,Progression;Functions,rankIcon3
5138,Progression;Functions,rankText3
5139,Heroes,HeroMenuSynergyPanel
5141,Heroes,HeroObjTracker
5142,CombatStats;Functions,updSkillSliderColors
5143,Heroes;CombatStats,damageOnly
5144,Functions,updTexts
5145,Functions,_updPanelAfterFrame
5146,Functions,doUpdate
5153,Functions,rectLevelPanel
5155,Progression;Functions,rectRankPanel
5159,CombatStats,rectSkillSlider
5160,CombatStats,skillSlider
5161,Heroes;CombatStats,skillSliderImage
5162,CombatStats,rectSkillEffects
5164,CombatStats,effectAttSpeed
5165,Heroes;CombatStats,effectRange
5166,CombatStats;Functions,effectCritChance
5167,CombatStats,effectCritDmg
5168,CombatStats,effectSkillCd
5170,Functions,<_updPanelAfterFrame>d__34
5171,Heroes,HeroPlacement
5178,Heroes;CombatStats,inRangeBorder
5183,Heroes,HeroSelectedCombatStyleCell
5187,Heroes,checkboxImage
5192,Heroes,HeroSelectedCombatStylePanel
5193,Functions,<updPanelAfterFrame>d__5
5194,Heroes;Progression;Functions,HeroSelectedLevelMilestoneCell
5196,Functions,levelText
5198,Heroes;Functions,HeroSelectedLevelMultCell
5200,Heroes;Functions,HeroSelectedLevelPanel
5201,Functions,updlevelPanel
5202,Functions,clickedLevelButton
5203,Automation;Functions,isAutomationLevel
5204,Functions,updLevelAllButton
5205,Functions,clickedLevelAllButton
5206,Economy;Functions,baseCostIncrease
5207,Economy;Functions,baseCostScale
5208,Economy;Functions,useCostScale
5209,CombatStats,baseDmgIncrease
5210,CombatStats,baseDmgScale
5211,Heroes;CombatStats;Functions,damageText
5212,Functions,levelButton
5213,Economy;Functions,levelCostText
5214,Progression;Functions,levelMaxMilestoneCover
5215,Functions,listLevelMultCells
5216,Heroes,singleNewHeroData
5217,Heroes,listNewHeroData
5218,Functions,allLevelDesc
5219,Functions,allLevelButton
5220,Economy;Functions,allLevelButtonCostText
5221,Progression;Functions,allLevelMaxMilestoneCover
5222,Progression,listMilestoneCells
5225,Functions,panelLevelAll
5226,Functions,initSizeLevelPanel
5227,Functions,savedLastSizeLevelPanel
5231,Heroes,NewHeroData
5232,Functions,newLevel
5233,CombatStats;Functions,newLevelDmg
5234,Economy;Functions,newLevelCost
5235,Economy;Functions,totalCost
5236,Functions,<updPanelAfterFrame>d__37
5237,Heroes,HeroSelectedPanel
5238,Heroes,openHeroDetailsPanel
5239,Heroes;Progression;Functions,openHeroRankPanel
5240,Functions,updFooterNotifTexts
5241,Functions,updLayoutGroup
5244,Functions,updActivePanel
5245,Heroes,clickedRetireHero
5247,Heroes,confirmRetireHero
5251,Functions,buttonLevel
5253,Progression;Functions,buttonRank
5256,Functions,buttonTargeting
5259,Functions,panelLevel
5260,Functions,scrollViewLevel
5262,Progression;Functions,panelRank
5265,Functions,panelTargeting
5266,Progression;Functions,rankNotif
5270,Functions,notifTargetingLayoutGroup
5271,Functions,notifTargetingText
5277,Heroes;Progression;Functions,HeroSelectedRankPanel
5278,Heroes,switchAttrPreset
5279,Progression;Functions,infoTextRank
5280,Progression;Functions,rankLevel
5281,Progression;Functions,rankSliderText
5282,Progression;Functions,rankNextLevelAttributes
5283,Progression;Functions,newRankNotif
5295,Heroes,HeroSelectedStatsPanel
5296,CombatStats;Functions,updateSkillDesc
5297,Progression;Functions,updateMasteryProgressBar
5298,Progression;Functions,updateMasteryDesc
5299,Progression,clickedMasteryInfoButton
5300,Progression,masteryTitle
5301,Progression,masteryDesc
5302,Progression,masterySliderText
5303,Progression,masteryRectContent
5304,Progression;CombatStats,masteryRectSkillsPanel
5305,Progression,masteryRectStatsPanel
5307,CombatStats,startSizeSkillsPanel
5311,CombatStats,detailsPanelSkillsSection
5313,CombatStats,statSkill
5315,Bosses,statBosses
5316,Heroes,HeroSelectedSynergyCell
5317,Heroes,_heroNum
5318,Heroes,clickedSynergyHero
5319,Heroes,heroFrame0
5320,Heroes,heroIcon0
5321,Heroes,heroName0
5322,Progression;Functions,rankIcon0
5323,Progression;Functions,rankText0
5325,Heroes,heroFrame1
5327,Heroes,heroFrame2
5329,Heroes,heroFrame3
5332,Heroes,HeroSelectedSynergyCellMinimized
5334,Heroes,HeroSelectedSynergyPanel
5339,Functions,<updPanelAfterFrame>d__8
5340,Heroes;Functions,HeroSelectedTargetingPanel
5345,Bosses,focusBossBorder
5346,Bosses;CombatStats,skillBossBorder
5347,CombatStats,skillSupportBorder
5355,CombatStats,HotkeySpellsPanel
5368,CombatStats,FetchProducts
5404,Heroes;CombatStats,iapDamage3x
5405,Economy,iapGold2x
5406,Progression,iapPrestige3x
5407,Economy,iapKillExp2x
5408,Progression;Economy,iapBattlepassExp2x
5412,Progression,iapRunePack4
5414,Economy;Functions,iapTournRewards
5415,Bosses;Economy;Functions,iapPvpBossRewards
5417,Progression,iapRunePack5
5421,Progression,iapMasteryBundle
5426,Economy,locPriceCombatBundle
5427,Economy,locPricePowerBundle
5428,Economy,locPriceEfficiencyBundle
5429,Economy,locPriceSkipAds
5430,Economy,locPriceOfflinePerk
5431,Heroes;Economy;CombatStats,locPriceDamage3x
5432,Economy,locPriceGold2x
5433,Progression;Economy,locPricePrestige3x
5434,Economy,locPriceKillExp2x
5435,Economy;CombatStats,locPriceGameSpeed
5436,Progression;Economy,locPriceBattlepassExp2x
5437,Progression;Economy,locPriceBattlePassPremium
5438,Economy,locPriceDailyGiftPremium
5439,Economy,locPricePromoStarter1
5440,Economy,locPricePromoStarter2
5441,Economy,locPricePromoTowers4
5442,Economy,locPricePromoTowers5
5443,Economy,locPricePromoTowers6
5444,Economy,locPricePromoTowers7
5445,Economy,locPriceGems1
5446,Economy,locPriceGems2
5447,Economy,locPriceGems3
5448,Economy,locPriceGems4
5449,Economy,locPriceGems5
5450,Economy,locPriceResPack4
5451,Progression;Economy,locPriceRunePack4
5452,Economy,locPriceTokenPack4
5453,Economy;Functions,locPriceTournRewards
5454,Bosses;Economy;Functions,locPricePvpBossRewards
5455,Economy,locPriceResPack5
5456,Progression;Economy,locPriceRunePack5
5457,Economy,locPriceTokenPack5
5458,Economy,locPriceWeeklyTickets
5459,Economy,locPriceWeeklyPromo1
5460,Economy,locPriceWeeklyPromo2
5461,Progression;Economy,locPriceMasteryLargePack
5462,Progression;Economy,locPriceMasteryBundle
5463,Economy,locPriceHolidayPack1
5464,Economy,locPriceHolidayPack2
5465,Economy,locPriceHolidayPack3
5466,Economy,locPriceHolidayPack4
5470,Economy,locPriceEfficiencyBundle_DISCOUNT10
5471,Economy,locPriceEfficiencyBundle_DISCOUNT25
5472,Economy,locPriceEfficiencyBundle_DISCOUNT50
5476,Economy,locPriceResPack4_DISCOUNT10
5477,Economy,locPriceResPack4_DISCOUNT25
5478,Economy,locPriceResPack4_DISCOUNT50
5479,Progression,iapRunePack4_DISCOUNT10
5480,Progression,iapRunePack4_DISCOUNT25
5481,Progression,iapRunePack4_DISCOUNT50
5482,Progression;Economy,locPriceRunePack4_DISCOUNT10
5483,Progression;Economy,locPriceRunePack4_DISCOUNT25
5484,Progression;Economy,locPriceRunePack4_DISCOUNT50
5488,Economy,locPriceTokenPack4_DISCOUNT10
5489,Economy,locPriceTokenPack4_DISCOUNT25
5490,Economy,locPriceTokenPack4_DISCOUNT50
5497,Heroes,_heroClass
5498,Functions,getClassIcon
5499,Functions,getClassColor
5500,Functions,getClassColorString
5501,CombatStats;Functions,getSpellIcon
5502,Progression;Functions,getRuneIcon
5503,Progression;Functions,getRuneColor
5536,Bosses,colorRaritySupreme
5547,Economy,iconColorGem
5548,Economy,iconColorGold
5549,Economy,iconColorEnergy
5550,Economy,iconColorKillExp
5551,Progression;Economy,iconColorResPrestigePower
5552,Progression,iconColorRune
5553,Progression,iconColorRuneShard
5554,Bosses;Progression,iconColorSupremeRune
5555,Progression,iconColorTech
5556,Bosses;Progression,iconColorTechSupreme
5558,Economy,iconColorPlayerExp
5561,Progression,iconColorPrestige
5563,Bosses,iconColorBosses
5564,Heroes;CombatStats,iconColorDamage
5572,Bosses,iconColorTokenSupreme
5575,CombatStats,iconColorSkill
5578,Progression;WavePerks,iconColorWavePerk
5581,Automation,iconColorAutomation
5582,Progression,iconColorMasteryPoint
5584,CombatStats,iconColorGameSpeed
5585,Bosses,enemySupremeShadow
5586,Heroes,iconFlatTypeMelee
5587,Heroes,iconFlatTypeMage
5588,Heroes;CombatStats,iconFlatTypeRange
5589,Economy,iconFlatGem
5591,Economy,iconFlatExpand
5594,CombatStats,spellEmpty
5595,Progression,runeCommon
5596,Progression,runeUncommon
5597,Progression,runeRare
5598,Progression,runeEpic
5599,Progression,runeLegendary
5600,Progression,runeMythic
5601,Bosses;Progression,runeSupreme
5607,Heroes;CombatStats,buttonOrange
5613,Heroes;CombatStats,placementInRangeSprite
5653,Functions,getScores
5657,Functions,getScoresNearYou
5663,Progression,buttonHighestWave
5664,Progression,buttonBattlepass
5665,Heroes;Progression;Functions,buttonHeroRanks
5666,CombatStats,buttonEnemiesKilled
5675,Progression,highestWaveTop25
5676,Progression,highestWaveNearYou
5677,Progression,battlepassTop25
5678,Progression,battlepassNearYou
5679,Heroes;Progression;Functions,heroRanksTop25
5680,Heroes;Progression;Functions,heroRanksNearYou
5681,CombatStats,enemiesKilledTop25
5682,CombatStats,enemiesKilledNearYou
5683,Progression,inTop25HighestWave
5684,Progression,inTop25Battlepass
5685,Heroes;Progression;Functions,inTop25HeroRanks
5686,CombatStats,inTop25EnemiesKilled
5687,Progression,highestWaveTop25PlayerData
5688,Progression,highestWaveNearYouPlayerData
5689,Progression,battlepassTop25PlayerData
5690,Progression,battlepassNearYouPlayerData
5691,Heroes;Progression;Functions,heroRanksTop25PlayerData
5692,Heroes;Progression;Functions,heroRanksNearYouPlayerData
5693,CombatStats,enemiesKilledTop25PlayerData
5694,CombatStats,enemiesKilledNearYouPlayerData
5695,Functions,<getScores>d__43
5696,Functions,<getScoresNearYou>d__45
5698,Functions,<updPanel>d__42
5700,Functions,<listTasksGetPlayerProfiles>5__3
5705,Heroes,playerBackgroundImage
5707,Heroes,playerIconImage
5716,Functions,<updPanel>d__18
5723,Functions,<updPanelAfterFrame>d__6
5727,Progression,MapPerkUpgradeCell
5728,Progression;Functions,allowMapPerkBonus
5729,Functions,getPerkStatValues
5736,Economy;Functions,unlockButtonCostText
5738,Economy;Functions,upgradeButtonCostText
5739,Functions,maxLevelCover
5743,Economy;Functions,useCost
5744,Progression,MapPerk
5745,Heroes;CombatStats,map1_range
5748,CombatStats;Functions,map1_instantSkillChance
5749,CombatStats,map1_skillPowerPct
5750,Functions,map1_doubleShotChance
5751,Heroes;Progression;Economy;CombatStats,map1_masteryExpRange
5752,Progression;CombatStats,map1_masterySkillPower
5753,CombatStats,map2_enemyMoveSpeed
5756,CombatStats;Functions,map2_instantSpellChance
5757,Functions,map2_adBonus
5758,Progression;WavePerks,map2_wavePerkEffect
5759,Heroes;Progression;Economy,map2_masteryExpMage
5760,Progression;CombatStats,map2_masterySkillPower
5761,Heroes;CombatStats,map3_range
5762,Progression;Economy;Functions,map3_rankExpPct
5763,Bosses;CombatStats;Functions,map3_trainerSpawns
5764,Economy;Functions,map3_superExpChance
5765,Economy,map3_superExpAmount
5766,Bosses;Functions,map3_extraBossChance
5767,Bosses;Functions,map3_mimicBossChance
5768,Progression;Functions,map3_milestoneBonus
5769,CombatStats,map4_skillCooldown
5770,Progression;Economy,map4_prestigePower
5771,Progression;Economy,map4_battlepassExp
5772,Heroes;CombatStats,map4_range
5773,Progression;WavePerks,map4_wavePerkWaves
5774,Bosses,map4_bossRushSkip
5775,Heroes;Progression;Economy,map4_masteryExpMelee
5776,CombatStats;Functions,map4_enemySpawnSpeed
5777,Heroes;CombatStats,map5_damage
5778,Economy,map5_gold
5779,CombatStats,map5_attSpeed
5780,CombatStats,map5_splashDmg
5781,CombatStats;Functions,map5_superCritChance
5782,CombatStats,map5_superCritDmg
5783,Economy;Functions,map5_superGoldChance
5784,Economy,map5_superGoldAmount
5785,Economy,map6_energyIncome
5786,Economy;Functions,map6_superEnergyChance
5787,Economy,map6_superEnergyAmount
5788,CombatStats,map6_spellCooldown
5789,Heroes;CombatStats;Functions,map6_powerMageSpawns
5790,Heroes;CombatStats,map6_powerMageCooldown
5791,Heroes;Economy;Functions,map6_powerMageGoldenChance
5792,CombatStats;Functions,map6_instantSpellChance
5793,CombatStats,map7_dmgGroup1
5794,Economy,map7_goldGroup2
5795,Economy,map7_expGroup3
5796,Economy,map7_energyGroup4
5797,Bosses,map7_bossGroup5
5798,CombatStats,map7_skillGroup6
5800,Bosses;Economy,map3_mimicExp
5801,Functions,MapPlacementBonus
5802,Economy,killExpPct
5803,CombatStats,skillPowerPct
5804,CombatStats,skillCd
5805,Functions,synergyBonus
5806,Progression;Functions,milestoneBonus
5807,Progression;Economy;Functions,mastery2xExpChance
5808,Progression,MapPerkUpgradePanel
5810,Functions,getEquippedSlots
5815,Progression,prestigePanel
5835,Heroes;Functions,slotBonusMapImage
5841,Functions,listSlotBonusButtons
5844,CombatStats,numEquipped_dmg
5845,CombatStats,numEquipped_attSpeed
5846,Heroes;CombatStats,numEquipped_range
5847,Economy,numEquipped_killGold
5848,Economy,numEquipped_killExpPct
5849,CombatStats,numEquipped_skillPowerPct
5850,CombatStats,numEquipped_skillCd
5851,Functions,numEquipped_synergyBonus
5852,Progression;Functions,numEquipped_milestoneBonus
5853,Progression;Economy;Functions,numEquipped_mastery2xExpChance
5856,Economy;Functions,resetButtonCostText
5863,Functions,MapPlacementBonusButton
5867,Progression;Economy;Functions,MapPlacementBonusPrestigeMenu
5874,Heroes,Map_AstralSwitch
5876,Heroes,isSwitched
5885,Economy;Functions,gemReward
5890,Economy,claimAllGems
5892,Functions,<updPanelAfterFrame>d__19
5898,Functions,<updPanelAfterFrame>d__15
5924,Economy;Functions,rewardEnergy
5925,Progression;Economy;Functions,rewardPrestige
5926,Progression;Economy;Functions,rewardRuneType
5927,Progression;Economy;Functions,rewardRunes
5928,Progression;Economy;Functions,rewardTech
5929,Economy;Functions,rewardTrophies
5930,Economy;Functions,rewardTickets
5931,Economy;Functions,rewardGems
6010,Functions,<updPanel>d__114
6014,Functions,updNotifs
6045,Economy;Functions,resIcon1ForPermRewards
6076,Economy;Functions,rewardAmt
6081,Progression,reachWaveOnMap
6082,Progression,passTotalWaves
6083,Heroes;Progression,passWavesWithHero
6084,Progression,passWavesWithSynergy
6086,Bosses,killBosses
6087,Bosses,killUltraBosses
6088,Heroes,killsWithHeroType
6089,CombatStats,killsWithSkills
6090,CombatStats,killsWithSpells
6091,CombatStats,killsWithCrit
6093,Heroes,buffHeroes
6094,Economy,goldProcEnemies
6095,Economy,expProcEnemies
6096,Progression;Economy,energyProcWaves
6101,Automation,automationResources
6102,Automation;Bosses;Progression;CombatStats,automationPrestigeAndBossKills
6103,CombatStats,instantSkillAndSpells
6105,Economy,goldenUltraKills
6106,Bosses;CombatStats,supremeBossKills
6132,Progression,NewRunesCell
6133,Progression,upgradesRuneCell
6134,Progression,newRunesAmt
6135,Progression,NewRunesPanel
6136,Progression,numRunes
6138,Progression;Functions,getNewRunes
6139,Progression;Functions,addLevelToRune
6147,Bosses,numSupreme
6148,Bosses,numSupreme2
6156,Bosses,supremePanel
6157,Bosses,supreme2Panel
6164,Bosses,supremeCells
6165,Bosses,supreme2CombatCells
6166,Bosses,supreme2ResourceCells
6167,Bosses,supreme2ProgressCells
6168,Bosses,rectSupremePanel
6169,Bosses,rectSupreme2Panel
6182,Progression;Functions,rankBorderType
6190,Functions,getGameObject
6191,Functions,getResourceText
6192,Heroes;CombatStats;Functions,getDamageText
6193,Heroes;Functions,getHeroUiFollower
6195,Functions,getEnemyUiFollower
6196,Functions,getProjectile
6197,CombatStats;Functions,getSkillParticles
6199,Heroes,heroUiFollowers
6203,Bosses,parentEnemyUiFollowerBoss
6204,Bosses,prefabEnemyObjTrackerBoss
6205,Bosses,enemyUiFollowersBoss
6210,Functions,levelTowerParticles
6215,Heroes;CombatStats;Functions,damageTextParent
6216,Heroes;CombatStats;Functions,damageTextPrefab
6217,Heroes;CombatStats;Functions,damageTextList
6218,Heroes,projectileMeleeParent
6219,Heroes,projectileMeleePrefab
6220,Heroes,projectileMeleeList
6221,Heroes,projectileMageParent
6222,Heroes,projectileMagePrefab
6223,Heroes,projectileMageList
6224,Heroes;CombatStats,projectileRangeParent
6225,Heroes;CombatStats,projectileRangePrefab
6226,Heroes;CombatStats,projectileRangeList
6227,Heroes,impactMeleeNormal
6228,Heroes;CombatStats,impactMeleeCrit
6229,Heroes,impactMageNormal
6230,Heroes;CombatStats,impactMageCrit
6231,Heroes;CombatStats,impactRangeNormal
6232,Heroes;CombatStats,impactRangeCrit
6233,CombatStats,impactSkill
6234,CombatStats,skillParticlesParent
6235,CombatStats,skillUsed
6236,CombatStats,skillStunOverhead
6237,CombatStats,skillSpinAttack
6238,CombatStats,skillBerserk
6239,CombatStats,skillSneakAttack
6240,CombatStats,skillExecute
6241,CombatStats,skillIncarcerate
6242,CombatStats,skillImmolation
6243,CombatStats,skillSplash
6244,CombatStats,skillSplashImpact
6245,CombatStats,skillKillJoy
6246,CombatStats,skillMultiShot
6247,CombatStats,skillGroundSlam
6248,CombatStats,skillLightning
6249,CombatStats,skillAvatar
6250,CombatStats,skillSlow
6251,Heroes;CombatStats,skillDamageBoost
6252,CombatStats,skillStun
6253,CombatStats,skillCurse
6254,CombatStats,skillSpeedBoost
6255,CombatStats,skillConfuse
6256,CombatStats;Functions,skillCritChanceBoost
6257,CombatStats,skillCritDmgBoost
6258,CombatStats,skillSkillCdBoost
6259,Heroes;CombatStats,skillRangeBoost
6260,CombatStats,skillChaos
6261,CombatStats,skillPierceShot
6262,Economy;CombatStats,skillGoldLust
6263,CombatStats,skillBleed
6264,Economy;CombatStats;Functions,skillExpBonus
6265,CombatStats,skillGambleShot
6266,Economy;CombatStats,skillEnergySource
6267,Economy;CombatStats,skillExplosiveShot
6268,Economy;CombatStats,skillGoldAura
6269,Economy;CombatStats,skillExpAura
6270,Economy;CombatStats,skillGoldenArrows
6271,Economy;CombatStats,skillEnergyAura
6272,CombatStats,skillGatlingGun
6273,CombatStats,prefabSpinAttack
6275,CombatStats,prefabSneakAttack
6287,Heroes;CombatStats,prefabDamageBoost
6290,CombatStats,prefabSpeedBoost
6292,CombatStats;Functions,prefabCritChanceBoost
6293,CombatStats,prefabCritDmgBoost
6295,CombatStats,prefabSkillCdBoost
6296,Heroes;CombatStats,prefabRangeBoost
6299,Economy,prefabGoldLust
6301,Economy;Functions,prefabExpBonus
6303,Economy,prefabEnergySource
6304,Economy,prefabExplosiveShot
6305,Economy,prefabGoldAura
6306,Economy,prefabExpAura
6307,Economy,prefabGoldenArrows
6308,Economy,prefabEnergyAura
6317,CombatStats;Functions,spawnTimer
6320,Progression,prestige
6321,Heroes;Progression;Functions,highestHeroRank
6322,Heroes;Progression;Functions,allHeroesRank
6332,Progression,PlayerBattlepassCell
6333,Economy;Functions,rewardType
6342,Functions,levelNum
6343,Economy;Functions,goldReward
6344,Economy;Functions,energyReward
6345,Progression;Economy;Functions,prestigeReward
6346,Progression;Economy;Functions,techReward
6347,Bosses;Progression;Economy;Functions,supremeTechReward
6348,Economy;Functions,weeklyTicketsReward
6349,Bosses;Economy;Functions,ultimusTokensReward
6350,Bosses;Economy;Functions,supremeTokensReward
6351,Progression;Economy;Functions,masteryPointsReward
6352,Progression,runesCommon
6353,Progression,runesUncommon
6354,Progression,runesRare
6355,Progression,runesEpic
6356,Progression,runesLegendary
6357,Progression,runesMythic
6358,Bosses;Progression,runesSupreme1
6359,Bosses;Progression,runesSupreme2
6360,Heroes;Economy;CombatStats;Functions,permDamageReward
6361,Economy;Functions,permGoldReward
6362,Progression;Economy;Functions,permPrestigeReward
6363,Economy;Functions,permExpReward
6364,Economy;Functions,permEnergyReward
6365,CombatStats,numHpReductions
6366,Progression;Economy;Functions,BattlepassRewardType
6367,Economy,gold_energy
6368,Progression,runes
6369,Progression,prestige_scrolls
6370,Economy,gems
6372,Progression,masteryPts
6373,Heroes;CombatStats,permDamage
6374,Economy,permGold
6375,Progression,permPrestige
6376,Economy,permExp
6377,Bosses;CombatStats,shadowAlienHp
6378,Economy,permEnergyIncome
6379,Progression,PlayerBattlepassPanel
6384,Functions,<updPanelAfterFrame>d__21
6385,Progression,PlayerBattlepassParent
6386,Functions,levelLockedCover
6389,Economy;Functions,rewardTypeFree
6390,Economy;Functions,rewardTypePremium
6401,Economy;Functions,ResCostType
6402,Progression,prestigePts
6403,Progression,tech
6404,Bosses;Progression,techSupreme
6407,Bosses,tokensSupreme
6410,Economy;Functions,costType
6411,Economy;Functions,costAmt
6423,Progression,panelBattlepass
6427,Progression,battlepassButtonNotif
6428,Progression,battlepassButtonNotifText
6441,Heroes;Functions,updPreviewImage
6444,Heroes,heroIcons
6445,Heroes,heroTexts
6447,Heroes,presetHeroData
6448,Heroes,heroReqText
6449,Heroes,heroReqIcon
6450,Progression;Functions,rankReqText
6451,Progression;Functions,rankReqIcon
6452,Progression;Functions,rankReqText2
6453,Progression;Functions,rankReqIcon2
6455,Heroes;Functions,<updPreviewImage>b__13_0
6457,Heroes,PresetsHeroPanel
6460,Heroes,_listHeroData
6461,Functions,updPresetPanel
6474,Functions,updPreviewButtons
6563,Heroes,useListPresetHeroData1
6564,Heroes,useListPresetHeroData2
6565,Heroes,useListPresetHeroData3
6566,Heroes,useListPresetHeroData4
6567,Heroes,useListPresetHeroData5
6568,Heroes,useListPresetHeroData6
6569,Heroes,useListPresetHeroData7
6570,Heroes,useListPresetHeroData8
6571,Heroes,useListPresetHeroData9
6616,Heroes,heroNames
6621,Functions,<updPanel>b__4_0
6623,CombatStats,PresetsSpellPanel
6626,CombatStats,_listSpells
6645,Progression,PrestigePanel
6646,Bosses,clickedMimicInfoButton
6651,Functions,updSlotBonusDisplay
6653,Progression,clickedPrestigeButton
6654,Progression,openMapPerksPanel
6656,Progression;Economy,prestigeMapIcon
6657,Progression;Economy,prestigeMapTitle
6658,Progression,prestigeCover
6672,Economy;Functions,map3ButtonCost
6680,Economy;Functions,map4ButtonCost
6688,Economy;Functions,map5ButtonCost
6696,Economy;Functions,map6ButtonCost
6704,Economy;Functions,map7ButtonCost
6705,Progression,map1HighestWaveText
6706,Progression,map2HighestWaveText
6707,Progression,map3HighestWaveText
6708,Progression,map4HighestWaveText
6709,Progression,map5HighestWaveText
6710,Progression,map6HighestWaveText
6711,Progression,map7HighestWaveText
6712,Progression,map3HighestWavePanel
6713,Progression,map4HighestWavePanel
6714,Progression,map5HighestWavePanel
6715,Progression,map6HighestWavePanel
6716,Progression,map7HighestWavePanel
6737,Bosses,astralMimicInfoButton
6738,Functions,listSlotBonusDisplays_map1
6739,Functions,listSlotBonusDisplays_map2
6740,Functions,listSlotBonusDisplays_map3
6741,Functions,listSlotBonusDisplays_map4
6742,Functions,listSlotBonusDisplays_map5
6743,Functions,listSlotBonusDisplays_map6
6744,Functions,listSlotBonusDisplays_map7
6750,Progression,prestigeConfirmPanel
6751,Bosses,ultimusReminder
6752,Progression,savedWaveNum
6757,CombatStats;Functions,spawnDelayTime
6758,CombatStats,canCrit
6760,CombatStats,useSkill
6761,Heroes;CombatStats,isSkillDamage
6762,CombatStats,moveSpeed
6763,Functions,timeToTarget
6766,Progression,runePanel
6772,Progression,buttonRunes25
6773,Progression,buttonRunes50
6776,Economy,goldText
6777,Economy,energyText
6778,Progression;Functions,prestigeText
6779,Progression,techText
6780,Bosses;Progression,supremeTechText
6781,Economy,rectGold
6782,Economy,rectEnergy
6783,Progression,rectPrestige
6784,Progression,rectTech
6791,Economy,locPriceResPack_10
6792,Economy,locPriceResPack_25
6793,Economy,locPriceResPack_50
6794,Economy,crossPriceResPack_10
6795,Economy,crossPriceResPack_25
6796,Economy,crossPriceResPack_50
6797,Economy,locPriceEfficiencyBundle_10
6798,Economy,locPriceEfficiencyBundle_25
6799,Economy,locPriceEfficiencyBundle_50
6800,Economy,crossPriceEfficiencyBundle_10
6801,Economy,crossPriceEfficiencyBundle_25
6802,Economy,crossPriceEfficiencyBundle_50
6803,Progression;Economy,locPriceRunePack_10
6804,Progression;Economy,locPriceRunePack_25
6805,Progression;Economy,locPriceRunePack_50
6806,Progression;Economy,crossPriceRunePack_10
6807,Progression;Economy,crossPriceRunePack_25
6808,Progression;Economy,crossPriceRunePack_50
6809,Economy,locPriceTokenPack_10
6810,Economy,locPriceTokenPack_25
6811,Economy,locPriceTokenPack_50
6812,Economy,crossPriceTokenPack_10
6813,Economy,crossPriceTokenPack_25
6814,Economy,crossPriceTokenPack_50
6815,Heroes,PromoHeroPanel
6820,Economy,locPriceText1
6821,Economy,locPriceText2
6822,Economy,locPriceText3
6823,Economy,locPriceText4
6833,Functions,getSelectedResData
6836,Economy,expiresInText
6841,Progression,resRunes
6842,Progression,resPrestigePts
6843,Progression,resTech
6845,Progression,resMasteryPts
6850,Economy;Functions,costTextPack1
6853,Economy;Functions,costTextPack2
6856,Economy;Functions,costTextPack3
6859,Economy;Functions,costTextPack4
6867,Progression,runeIcon
6868,Progression,runeText
6869,Progression,techIcon
6896,Economy;Functions,step3PurchaseButtonCost
6901,Economy;Functions,step3FreePurchaseButtonCost
6907,Progression,mastery
6914,Economy,goldText1
6915,Economy,energyText1
6916,Economy,expText1
6917,Economy,expiresText1
6918,Economy,resGold1
6919,Economy,resEnergy1
6920,Economy,resExp1
6922,Economy,goldText2
6923,Economy,energyText2
6924,Economy,expText2
6925,Economy,expiresText2
6926,Economy,resGold2
6927,Economy,resEnergy2
6928,Economy,resExp2
6934,Economy,expiresText
6936,Economy,locPriceResPack
6937,Progression;Economy,locPriceRunePack
6938,Economy,locPriceTokenPack
6941,Bosses,buttonWeeklyBoss
6943,Bosses,buttonWeeklyBossLocked
6945,Bosses,panelWeeklyBoss
6947,Bosses,weeklyBossButtonNotif
6948,Progression,PvpTournamentPanel
6950,Economy;Functions,getMinReward
6951,Economy;Functions,getMaxReward
6952,Economy;Functions,getGemReward
6961,Progression;Functions,tierRankAdjustment
6963,Heroes;Progression;Economy;CombatStats;Functions,listRankRangeMin
6964,Heroes;Progression;Economy;CombatStats;Functions,listRankRangeMax
6965,Economy;Functions,savedYourRewardPos
6966,Economy;Functions,savedRewardTrophies
6967,Economy;Functions,yourRewardsHighlight
6970,Economy,listGemsTexts
6971,Economy;Functions,nextTierRewardsPanel
6972,Progression;Economy;Functions,nextTierRewardsWaveText
6973,Economy;Functions,nextTierRewardsTrophiesText
6974,Economy;Functions,nextTierRewardsGemsText
6975,Economy;Functions,claimRewardsButton
6977,Economy,iapOfferLocPriceText
6978,Economy;Functions,rewardsPanel
6979,Progression;Economy;Functions,rewardRankText
6980,Economy;Functions,rewardTrophiesText
6981,Economy;Functions,rewardGemsText
6984,Functions,<updPanel>d__48
6992,Bosses,PvpBossModifer
6993,Bosses,PvpWeeklyBossPanel
6996,Economy;Functions,buy2xRewardsGems
6998,CombatStats;Functions,clickedWeeklySpawnButton
6999,Economy;Functions,clickedWeeklyClaimRewardButton
7000,Bosses;Progression;Functions,updWeeklyBossRankCells
7002,Economy;Functions,getRewardTickets
7003,Economy;Functions,getMinRewardTrophy
7004,Economy;Functions,getMaxRewardTrophy
7014,Economy;Functions,v1LoadingRewards
7021,Economy;CombatStats;Functions,spawnButtonCostText
7022,CombatStats;Functions,spawnButtonNotif
7023,CombatStats;Functions,spawnButtonCover
7024,CombatStats;Functions,spawnButtonCoverText
7025,Bosses,pvpBossModifier
7029,Economy;Functions,claim2xRewardsPromoPanel
7030,Economy;Functions,claim2xRewardsGemsButton
7031,Economy;Functions,claim2xRewardsGemsButtonText
7034,Progression;Functions,savedYourRankGroup
7035,Economy;Functions,savedRewardTickets
7036,Progression;Functions,listRankTexts
7038,Economy;Functions,rewardTitleText
7041,Economy,iapOfferLocPriceText2
7042,Economy;Functions,iap2xRewardsGemsButton
7043,Economy;Functions,iap2xRewardsGemsButtonText
7044,Heroes;CombatStats,damage_last
7045,CombatStats,attacks_last
7047,Heroes;CombatStats,avgDamage_last
7049,CombatStats,normalCrits_last
7050,CombatStats,superCrits_last
7051,CombatStats,ultraCrits_last
7052,Heroes;CombatStats,damage_bestCurr
7053,CombatStats,attacks_bestCurr
7055,Heroes;CombatStats,avgDamage_bestCurr
7057,CombatStats,normalCrits_bestCurr
7058,CombatStats,superCrits_bestCurr
7059,CombatStats,ultraCrits_bestCurr
7061,Economy;Functions,rewardHeaderText
7062,Economy;Functions,rewardPromotionText
7063,Economy;Functions,rewardTicketsText
7064,Economy;Functions,rewardsPanel_v1
7065,Economy;Functions,rewardKillsText_v1
7066,Progression;Economy;Functions,rewardRankText_v1
7067,Economy;Functions,rewardTicketsText_v1
7068,Economy;Functions,rewardTrophiesText_v1
7070,Functions,<updPanel>d__82
7073,CombatStats,rotateSpeed
7086,Progression,waveText
7091,Bosses,bossRushIcon
7092,Bosses,bossRushCheck
7093,Bosses,bossRushText
7094,Bosses;Progression,bossRushWaveText
7095,Progression;WavePerks,wavePerkIcon
7096,Progression;WavePerks,wavePerkCheck
7097,Progression;WavePerks,wavePerkText
7098,Progression;WavePerks,wavePerkNumAvailText
7099,Automation,automationIcon
7100,Automation,automationCheck
7101,Automation,automationText
7102,Automation,automationNumActiveText
7103,Bosses;Economy,goldBossIcon
7104,Bosses;Economy,goldBossCheck
7105,Bosses;Economy,goldBossText
7106,Bosses;Economy,energyBossIcon
7107,Bosses;Economy,energyBossCheck
7108,Bosses;Economy,energyBossText
7109,Bosses;Economy,expBossIcon
7110,Bosses;Economy,expBossCheck
7111,Bosses;Economy,expBossText
7112,Bosses,ultimusBossIcon
7113,Bosses,ultimusBossCheck
7114,Bosses,ultimusBossText
7115,Bosses;CombatStats;Functions,ultimusBossSpawnsText
7117,Progression,wavesPassed
7118,Economy,goldEarned
7119,Economy,startEnergy
7120,Economy,expEarned
7121,Progression;Functions,ranksEarned
7122,Progression,startFailedWaves
7132,Functions,updSaveTexts
7173,Functions,settingsDisplayLevelFrame
7174,Heroes;CombatStats,settingsDisplayDamageFrame
7175,CombatStats,settingsDisplaySkillCdFrame
7176,Progression;Functions,settingsDisplayRankFrame
7180,Heroes;CombatStats,settingsTextDamageFrame
7181,Economy,settingsTextKillGoldFrame
7182,Economy,settingsTextExpFrame
7188,Bosses,settingsEnemyShowBossFrame
7197,Progression,framePinMaxMilestone
7198,Progression,checkPinMaxMilestone
7203,CombatStats,frameEnemySpeed
7204,CombatStats,checkEnemySpeed
7205,CombatStats,frameSplashDmg
7206,CombatStats,checkSplashDmg
7211,Bosses,buttonExtraBoss
7212,Bosses,frameExtraBoss
7213,Bosses,checkExtraBoss
7214,Bosses,textExtraBoss
7215,CombatStats,buttonInstantSpellCd
7216,CombatStats,frameInstantSpellCd
7217,CombatStats,checkInstantSpellCd
7218,CombatStats,textInstantSpellCd
7223,Bosses;Progression,buttonBossRushWaves
7224,Bosses;Progression,frameBossRushWaves
7225,Bosses;Progression,checkBossRushWaves
7226,Bosses;Progression,textBossRushWaves
7233,Heroes;Functions,heroSelectedTargetingPanel
7234,Heroes,heroMenuSettingsPanel
7235,Progression,runesPanel
7236,Automation,automationPanel
7243,Economy;Functions,gen_reward
7245,Progression,gen_prestige
7246,Heroes;CombatStats;Functions,hero_spawn
7247,Heroes;CombatStats,hero_skill
7248,Heroes;CombatStats,hero_crit
7249,Bosses;CombatStats;Functions,enemy_bossSpawn
7250,CombatStats,spell_mapDmg
7251,CombatStats,spell_freeze
7252,Heroes;CombatStats,spell_heroDmg
7253,Heroes;CombatStats,spell_heroAttSpeed
7254,Heroes;CombatStats,spell_heroRange
7255,Heroes;CombatStats;Functions,spell_heroCritChance
7256,Heroes;CombatStats,spell_heroCritDmg
7257,Heroes;CombatStats,spell_heroSkillCd
7258,Heroes;CombatStats,spell_heroSkillPower
7259,Economy;CombatStats,spell_killGold
7260,Economy;CombatStats,spell_killExp
7261,Economy;CombatStats,spell_killEnergy
7262,CombatStats,spell_gameSpeed
7263,CombatStats,SpellButton
7264,CombatStats,initSpell
7265,CombatStats;Functions,updSpellMaxTimes
7266,Functions,updAutocastStatus
7267,CombatStats;Functions,updSpellStartEnd
7268,CombatStats;Functions,updSpellStatus
7269,CombatStats,useSpell
7270,CombatStats;Functions,getSpellTimes
7272,CombatStats,spellNum
7273,CombatStats,spell
7275,CombatStats,currCooldownTime
7277,CombatStats,maxCooldownTime
7286,Economy;Functions,IntroTaskReward
7288,Functions,updUi
7289,Economy;Functions,rewardAmount
7290,Economy;Functions,rewardIcon
7291,Economy;Functions,rewardText
7300,Bosses,globalBossValues
7301,Heroes,globalHeroSynergies
7302,Heroes;Progression,globalHeroMilestones
7303,Heroes,globalHeroAttributes
7304,Heroes,globalHeroCombatStyles
7305,Progression,globalBattlepassValues
7306,Economy;Functions,rewardGoldValues
7307,Economy;Functions,rewardEnergyValues
7308,Economy;Functions,rewardExpValues
7310,Functions,get_Initialized
7316,Functions,updResPackValues
7318,Progression,buyRunesPack
7320,Economy;Functions,bundleSlayerCostText
7321,Economy,bundleSlayerStrikedPriceText
7324,Economy;Functions,bundleGrowthCostText
7325,Economy,bundleGrowthStrikedPriceText
7328,Economy;Functions,bundleProgressCostText
7329,Economy,bundleProgressStrikedPriceText
7336,Economy;Functions,premiumAdsCostText
7338,Economy;Functions,premiumOfflineCostText
7340,Heroes;Economy;CombatStats;Functions,premiumDamageCostText
7341,Heroes;CombatStats,premiumDamageActiveCover
7342,Economy;Functions,premiumGoldCostText
7343,Economy,premiumGoldActiveCover
7344,Progression;Economy;Functions,premiumPrestigeCostText
7345,Progression,premiumPrestigeActiveCover
7346,Economy;Functions,premiumKillExpCostText
7347,Economy,premiumKillExpActiveCover
7348,Economy;CombatStats;Functions,premiumGamespeedCostText
7349,CombatStats,premiumGamespeedActiveCover
7350,Economy;Functions,premiumPlayerExpCostText
7351,Economy,premiumPlayerExpActiveCover
7352,Economy,gemSaleActive
7356,Economy,gemsNormal1
7357,Economy;Functions,gemsFirstBonus1
7358,Economy;Functions,gemsSaleBonus1
7359,Economy;Functions,gemsCostText1
7360,Economy,gemsNormal2
7361,Economy;Functions,gemsFirstBonus2
7362,Economy;Functions,gemsSaleBonus2
7363,Economy;Functions,gemsCostText2
7364,Economy,gemsNormal3
7365,Economy;Functions,gemsFirstBonus3
7366,Economy;Functions,gemsSaleBonus3
7367,Economy;Functions,gemsCostText3
7368,Economy,gemsNormal4
7369,Economy;Functions,gemsFirstBonus4
7370,Economy;Functions,gemsSaleBonus4
7371,Economy;Functions,gemsCostText4
7372,Economy,gemsNormal5
7373,Economy;Functions,gemsFirstBonus5
7374,Economy;Functions,gemsSaleBonus5
7375,Economy;Functions,gemsCostText5
7376,Economy,resPackGold1
7377,Economy,resPackEnergy1
7378,Progression,resPackPrestige1
7379,Progression,resPackTech1
7381,Progression,resPrestige1
7382,Progression,resTech1
7383,Economy;Functions,resPackButtonCostText1
7384,Economy,resPackGold2
7385,Economy,resPackEnergy2
7386,Progression,resPackPrestige2
7387,Progression,resPackTech2
7389,Progression,resPrestige2
7390,Progression,resTech2
7391,Economy;Functions,resPackButtonCostText2
7392,Economy,resPackGold3
7393,Economy,resPackEnergy3
7394,Progression,resPackPrestige3
7395,Progression,resPackTech3
7397,Economy;Functions,resPackButtonCostText3
7398,Economy,resGold3
7399,Economy,resEnergy3
7400,Progression,resPrestige3
7401,Progression,resTech3
7402,Economy,resPackGold4
7403,Economy,resPackEnergy4
7404,Progression,resPackPrestige4
7405,Progression,resPackTech4
7406,Economy;Functions,resPackButtonCostText4
7407,Economy,resGold4
7408,Economy,resEnergy4
7409,Progression,resPrestige4
7410,Progression,resTech4
7411,Bosses;Progression,resSupremeTech4
7412,Economy,rectGold4
7413,Economy,rectEnergy4
7414,Progression,rectPrestige4
7415,Progression,rectTech4
7416,Bosses;Progression,resPackSupremeTech4
7418,Economy,resPackGold5
7419,Economy,resPackEnergy5
7420,Progression,resPackPrestige5
7421,Progression,resPackTech5
7422,Bosses;Progression,resPackSupremeTech5
7423,Economy,resGold5
7424,Economy,resEnergy5
7425,Progression,resPrestige5
7426,Progression,resTech5
7427,Bosses;Progression,resSupremeTech5
7428,Progression,runesPackButton1
7429,Progression;Economy;Functions,runesPackButtonCostText1
7430,Progression,runesPackRunes1_1
7431,Progression,runesPackRunes2_1
7432,Progression,runesPackRunes3_1
7433,Progression,runesPackIcon1_1
7434,Progression,runesPackIcon2_1
7435,Progression,runesPackIcon3_1
7436,Progression,runesPackText1_1
7437,Progression,runesPackText2_1
7438,Progression,runesPackText3_1
7439,Progression,runesPackButton2
7440,Progression;Economy;Functions,runesPackButtonCostText2
7441,Progression,runesPackRunes1_2
7442,Progression,runesPackRunes2_2
7443,Progression,runesPackRunes3_2
7444,Progression,runesPackIcon1_2
7445,Progression,runesPackIcon2_2
7446,Progression,runesPackIcon3_2
7447,Progression,runesPackText1_2
7448,Progression,runesPackText2_2
7449,Progression,runesPackText3_2
7450,Progression,runesPackButton3
7451,Progression;Economy;Functions,runesPackButtonCostText3
7452,Progression,runesPackRunes1_3
7453,Progression,runesPackRunes2_3
7454,Progression,runesPackRunes3_3
7455,Progression,runesPackIcon1_3
7456,Progression,runesPackIcon2_3
7457,Progression,runesPackIcon3_3
7458,Progression,runesPackText1_3
7459,Progression,runesPackText2_3
7460,Progression,runesPackText3_3
7461,Progression;Economy;Functions,runesPackButtonCostText4
7462,Progression,runesPackRunes1_4
7463,Progression,runesPackRunes2_4
7464,Progression,runesPackRunes3_4
7465,Progression,runesPackIcon1_4
7466,Progression,runesPackIcon2_4
7467,Progression,runesPackIcon3_4
7468,Progression,runesPackText1_4
7469,Progression,runesPackText2_4
7470,Progression,runesPackText3_4
7471,Progression,runesPackRunes1_5
7472,Progression,runesPackRunes2_5
7473,Progression,runesPackRunes3_5
7474,Progression,runesPackText1_5
7475,Progression,runesPackText2_5
7476,Progression,runesPackText3_5
7477,Heroes;CombatStats,TextDamage
7486,CombatStats,skill
7487,Progression,rune
7492,Bosses;Progression,supremeRune
7493,Functions,freeLevel
7494,Bosses;CombatStats;Functions,extraBossSpawn
7495,Bosses,tokenSupreme
7496,Heroes,heroStunned
7497,Progression;Economy,prestigePower
7500,CombatStats;Functions,spawnDuration
7505,Economy,_pauseEnergyAnimation
7508,Heroes,thisImage
7513,Heroes,buildMilitia
7514,Economy,earnedEnergy
7515,Heroes,buildTwoMoreHeroes
7516,Heroes,upgradeMilitia
7527,Heroes,textBuildMilitia
7528,Heroes,textBuildTwoMoreHeroes
7529,Heroes,textUpgradeMilitia
7531,Heroes,arrowClickMilitiaPlacement
7532,Heroes,arrowBuildMilitia
7533,Economy,arrowEnergyIncome
7534,Heroes,arrowClickApprenticePlacement
7535,Heroes,arrowBuildApprentice
7538,Heroes,arrowUpgradeMilitia
7552,Economy,<_pauseEnergyAnimation>d__48
7559,Functions,updResPanelDisplay
7560,Functions,updResPanel
7561,Progression;Functions,updBattlepassPanel
7562,Progression;Functions,updWavePanel
7563,Functions,updStarterTaskPanel
7564,Functions,updStarterTaskHighlightGuides
7567,Progression;CombatStats;Functions,updWaveHp
7568,Bosses,clickedBossRush
7569,Functions,updAvailableUi
7570,Functions,updDailyHudButton
7572,Functions,updVideoAdHudButton
7573,Functions,updMailHudButton
7574,Functions,updPromoStarterButton
7575,Heroes;Functions,updHeroPromoButton
7576,Functions,updWeeklyPromoButton
7580,CombatStats,clickedGameSpeedButton
7585,Progression,openBattlepassMenu
7586,Bosses,openBossPanel
7587,Heroes,openHeroMenu
7588,CombatStats,openSpellsMenu
7598,Automation,clickedAutomationCheckbox
7599,Automation;Functions,updAutomationCheckbox
7601,Economy,openGemSalePanel
7606,Functions,updateGameButton
7623,Bosses,bossRushButton
7624,Bosses,bossRushButtonText
7625,Bosses,bossRushButtonMaxPanel
7626,Bosses,bossRushButtonMaxText
7627,Bosses,bossRushActiveCover
7628,Bosses,bossRushActiveCoverMaxText
7629,Bosses,bossRushLockedIcon
7630,Bosses,bossRushLockedInfoButton
7631,Bosses;Progression,bossRushWaveAmtButton
7633,Heroes,heroUiFollowersScaleUpMobile
7634,Heroes,playerNameEditImage
7635,Functions,playerLevelText
7636,Economy,playerExpText
7638,Progression,waveStrongPanel
7639,Progression,waveStrongIcon
7640,Progression,waveStrongText
7641,Progression,waveWeakPanel
7642,Progression,waveWeakIcon
7643,Progression,waveWeakText
7644,CombatStats,enemyHpText
7645,CombatStats,enemyHpSlider
7646,CombatStats,towerHpText
7647,CombatStats,towerHpSlider
7648,Progression;WavePerks,wavePerkButton
7649,Progression;WavePerks,wavePerkSlider
7650,Heroes;Progression;WavePerks,wavePerkSliderImage
7651,Progression;WavePerks,wavePerkBorder
7652,Progression;WavePerks,wavePerkIconAnimator
7653,Progression;CombatStats,waveSkipHpText
7654,Progression;CombatStats,waveSkipHpAnimator
7655,Economy,gemsText
7658,Progression,prestigePtsPanel
7659,Progression;CombatStats,techPtsPanel
7660,Bosses;Progression,techSupremePtsPanel
7663,Bosses,ultimusBlueTokensPanel
7664,Bosses,ultimusRedTokensPanel
7665,Bosses,ultimusGreenTokensPanel
7666,Bosses,ultimusSupremeTokensPanel
7667,Progression,masteryResPanel
7668,Progression,prestigePtsText
7669,Progression;CombatStats,techPtsText
7670,Bosses;Progression,techSupremePtsText
7673,Bosses,ultimusBlueTokensText
7674,Bosses,ultimusRedTokensText
7675,Bosses,ultimusGreenTokensText
7676,Bosses,ultimusSupremeTokensText
7677,Progression,masteryResText
7681,CombatStats,gameSpeedText
7682,CombatStats,gameSpeedTextBg
7683,CombatStats,listSpellButtons
7687,Progression,notifHudPrestige
7688,Bosses,notifHudBosses
7692,Progression,openedPrestige
7693,Bosses,openedBosses
7696,Economy,energyIncomeAnimator
7697,Economy,energyIncomeText
7698,Progression;Economy,battlepassExpAnimator
7699,Progression;Economy,battlepassExpText
7702,Progression,defeatPromptPrestige
7703,Progression,newRunesPanel
7704,Heroes,heroBuildMenu
7705,Heroes,heroSelectedPanel
7706,Bosses,bossSidePanel
7707,Heroes,heroRetirePanel
7709,Heroes,heroMenu
7711,Progression;CombatStats,upgradesResearchPanel
7712,CombatStats,upgradesSpellsPanel
7714,Progression;CombatStats,upgradesTechPanel
7715,Progression,upgradesTournamentPanel
7717,Bosses,upgradesUltimusPanel
7718,Economy,upgradesGemsPanel
7719,Progression,upgradesRunesPanel
7720,Progression,upgradesMasteryPanel
7721,Automation,automationFunctionDetailsMenu
7722,Automation;Progression;WavePerks,automationWavePerkPriorityPanel
7730,Economy,confirmResetFunctionsEnergyText
7731,CombatStats,presetsSpellsPanel
7732,Heroes,presetsHeroPanel
7733,Heroes,presetsHeroNotif
7737,CombatStats,hotkeySpellsPanel
7740,Progression;Economy;Functions,prestigeConfirmRewardText
7741,Progression,mapPerkUpgradesPanel
7742,Progression,confirmResetMapPerksPanel
7751,Progression,offlinePrestigeObj
7752,Progression,offlineRunesObj
7753,Progression,offlineTechObj
7754,Progression;Economy,offlineBattlepassExpObj
7755,Progression;Economy,offlineMasteryExpObj
7757,Progression,offlineWavesText
7758,Economy,offlineGoldText
7759,Economy,offlineEnergyText
7760,Economy,offlineExpText
7761,Progression;Functions,offlinePrestigeText
7762,Progression,offlineRunesText
7763,Progression,offlineTechText
7764,Progression;Economy,offlineBattlepassExpText
7765,Progression;Economy,offlineMasteryExpText
7772,Heroes,dailyGiftHudButtonImage
7780,Heroes,videoAdHudButtonImage
7786,Functions,adBonusCover
7787,Functions,adBonusFrame
7788,Functions,adBonusIcon
7789,Functions,adBonusAmtLayoutGroup
7790,Functions,adBonusAmtText
7791,Functions,adBonusTimeText
7793,Heroes,mailHudButtonImage
7806,Heroes,starterTaskHighlight_buildViking_maxView
7807,Heroes,starterTaskHighlight_buildViking_minView
7809,Progression,starterTaskHighlight_tabResearch
7810,CombatStats,starterTaskHighlight_resDmg1
7811,Economy,starterTaskHighlight_resGold1
7812,Progression,starterTaskHighlight_tabRunes
7813,Progression,starterTaskHighlight_claimRune
7814,Progression,starterTaskHighlight_claimRune_na
7815,CombatStats,starterTaskHighlight_hudSpellButton
7816,CombatStats,starterTaskHighlight_tabSpells
7817,Heroes,starterTaskHighlight_buildDruid_maxView
7818,Heroes,starterTaskHighlight_buildDruid_minView
7819,Progression,starterTaskHighlight_resPrestige1
7822,Progression,starterTaskHighlight_hudPrestige
7823,Progression,starterTaskHighlight_prestigeButton
7824,Progression,starterTaskHighlight_tabPrestige
7825,Progression;CombatStats,starterTaskHighlight_prestigeDmg1
7826,Progression;Economy,starterTaskHighlight_prestigeGold1
7829,Functions,starterTaskHighlight_levelAllButton
7830,Bosses,starterTaskHighlight_hudBosses
7831,Bosses,starterTaskHighlight_bossGoblins_maxView
7832,Bosses,starterTaskHighlight_bossGoblins_minView
7833,Functions,starterTaskHighlight_levelMaxSetting
7834,Functions,starterTaskHighlight_levelMaxButton
7835,Progression;Functions,starterTaskHighlight_levelMilestone
7836,Bosses;Heroes,starterTaskHighlight_bossPowerMage_maxView
7837,Bosses;Heroes,starterTaskHighlight_bossPowerMage_minView
7838,CombatStats,starterTaskHighlight_resAttSpeed
7839,Progression;Economy;Functions,starterTaskHighlight_resRankExp
7840,Bosses,starterTaskHighlight_bossTrainer_maxView
7841,Bosses,starterTaskHighlight_bossTrainer_minView
7842,Progression;Functions,starterTaskHighlight_rankFooter
7844,CombatStats,starterTaskHighlight_attributeDmg1Upgrade
7845,Progression;CombatStats,starterTaskHighlight_prestigeGameSpeed
7846,Heroes,starterTaskHighlight_buildHunter
7847,Heroes,starterTaskHighlight_buildHunter_minimized
7848,Functions,starterTaskHighlight_targetSetting
7849,Bosses,starterTaskHighlight_focusBosses
7850,Bosses;CombatStats,starterTaskHighlight_bossOnlySkills
7853,Heroes,starterTaskHighlight_buildMilitia
7854,Heroes,starterTaskHighlight_buildMilitia_minimized
7859,Heroes,starterTaskHighlight_buildForester
7860,Heroes,starterTaskHighlight_buildForester_minimized
7861,CombatStats,starterTaskHighlight_resDmg2
7862,Economy,starterTaskHighlight_resGold2
7863,Progression,starterTaskHighlight_resPrestige2
7864,Progression;CombatStats,starterTaskHighlight_prestigeDmg2
7865,Progression;Economy,starterTaskHighlight_prestigeGold2
7867,CombatStats,starterTaskHighlight_combatStyleSkiller
7872,Economy,promoGemSaleHudButton
7873,Economy,promoGemSaleHudNotif
7874,Economy,promoGemSalePanel
7875,Economy,promoGemSaleExpiresText
7889,Heroes,promoHeroHudButton
7890,Heroes,promoHeroHudText
7891,Heroes,promoHeroHudNotif
7892,Heroes,promoHeroOnPackNum
7893,Heroes,promoHeroWaitToShowAgainAfterPurchase
7894,Heroes,promoHeroPanel
7899,Heroes,eventHudButtonImage
7916,Progression,battlepassHudBorder
7917,Progression,battlepassHudChestReadyToClaim
7918,Progression,battlepassHudNotif
7919,Progression,playerBattlepassPanel
7926,Economy;Functions,tournRewardsPanel
7927,Bosses,pvpWeeklyBossPanel
7928,Bosses;Economy;Functions,pvpBossRewardsPanel
7929,CombatStats,lockHudSpellsPanel
7930,Heroes,lockHudPresetsHero
7931,CombatStats,lockHudPresetsSpell
7932,Progression,lockHudPrestigeButton
7933,Progression,lockHudPrestigeButtonIcon
7934,Progression,lockHudPrestigeButtonText
7935,Progression,lockHudPrestigeButtonLock
7936,Progression,lockUpgradesPrestigeButton
7937,Progression,lockUpgradesPrestigeButtonCover
7943,Progression,lockUpgradesTechButton
7944,Progression,lockUpgradesTechButtonCover
7955,Bosses,lockUpgradesUltimusButton
7956,Bosses,lockUpgradesUltimusButtonCover
7965,Heroes,sampleHeroInfoPanel
7970,Bosses;Heroes;CombatStats,weeklyBossDamageInfoPanel
7971,Progression;WavePerks,wavePerksPanel
7977,Bosses;Progression,supremeRunesInfoPanel
7997,Functions,updateOptionalPanel
7998,Functions,updateForcedPanel
7999,Functions,updateCompatibilityPanel
8000,Functions,updateCompatibilityPanelText
8010,Heroes;CombatStats,presetCooldownHeroes
8011,CombatStats,presetCooldownSpells
8012,CombatStats,hotkeyCooldownSave
8022,Economy;Functions,canClaimRewards
8025,Progression;Economy,battlepassExp
8026,Bosses,shadowAlienKills
8027,Economy,gemsSpent
8042,Economy,auth_sessionExpired
8056,Functions,updateUsername
8058,Functions,updLeaderboardsServerSide
8060,Bosses;Functions,updLeaderboardsPvpBoss
8061,Functions,updCommunityEventScore
8065,Functions,updServerTime
8068,Functions,checkVersionUpdates
8069,Functions,GetPlayerCounts
8084,Functions,getPlayerLeaderboardData
8099,Progression,astralMapPerks
8102,Functions,versionForceUpdate
8103,Functions,showedUpdateNotif
8108,Economy,showSteamRateForGemsPanel
8109,Progression,rateCheckedStatus
8132,Progression,highestWaveServer
8133,Progression,prestigesServer
8148,Heroes,deleteAccountButtonImage
8167,Functions,UpdateLeaderboardResponse
8176,Functions,<GetPlayerCounts>d__121
8178,Progression,<wave1>5__3
8179,Progression,<wave500>5__4
8180,Progression,<wave1k>5__5
8181,Progression,<wave2k>5__6
8182,Progression,<wave4k>5__7
8183,Progression,<wave6k>5__8
8184,Progression,<wave10k>5__9
8185,Progression,<wave15k>5__10
8186,Progression,<wave20k>5__11
8187,Progression,<wave25k>5__12
8188,Progression,<wave30k>5__13
8195,Progression,<highestWaveLocal>5__4
8196,Progression,<prestigesLocal>5__5
8210,Functions,<getPlayerLeaderboardData>d__130
8223,Functions,<updCommunityEventScore>d__112
8226,Bosses;Functions,<updLeaderboardsPvpBoss>d__111
8227,Functions,<updLeaderboardsServerSide>d__108
8228,Functions,<updServerTime>d__116
8230,Functions,<updateUsername>d__106
8233,Functions,doubleShotChance
8234,Heroes;CombatStats,splashDamage
8235,Functions,synergyBonus_1_2
8236,Functions,synergyBonus_3_4
8237,Functions,synergyBonus_5_6
8238,Functions,synergyBonus_7_8
8239,Heroes;Economy;Functions,heroLevelCost
8240,Heroes;Functions,heroLevelFreeChance
8241,CombatStats;Functions,skillCdInstantChance
8242,Heroes;Progression;Economy,masteryExpMelee
8243,Heroes;Progression;Economy,masteryExpMage
8244,Heroes;Progression;Economy;CombatStats,masteryExpRange
8245,Progression;Economy,masteryExp
8246,CombatStats;Functions,spellMaxLevel
8247,CombatStats,spellDuration
8248,CombatStats,spellCd
8249,CombatStats;Functions,spellCdInstantChance
8250,CombatStats;Functions,spellCdInstantChanceBlizzard
8251,CombatStats;Functions,spellCdInstantChanceAgility
8252,CombatStats;Functions,spellCdInstantChanceAccelerate
8253,CombatStats;Functions,spellCdInstantChanceRagsToRiches
8254,CombatStats;Functions,spellCdInstantChanceTrainee
8255,CombatStats;Functions,spellCdInstantChancePowerPlant
8256,CombatStats;Functions,spellCdInstantChanceTimeWarp
8257,CombatStats,enemyMoveSpeed
8258,CombatStats,enemyHp
8259,CombatStats,enemyHpScalingReduction
8260,CombatStats;Functions,enemyHpSkipChance
8261,CombatStats,enemySpeed
8262,CombatStats,enemySkillImmuneLimit
8263,CombatStats;Functions,enemySpawnSpeed
8264,Bosses;CombatStats,shadowAlienHpReduction
8265,Bosses;CombatStats,shadowAlienHpScaling
8266,Bosses;CombatStats,shadowAlienHpSkip
8267,Bosses;Functions,extraBossChance
8268,Bosses;CombatStats,bossDmg
8269,Bosses;CombatStats,ultraBossDmg
8270,Bosses;Economy,bossGold
8271,Bosses;Economy,bossExp
8272,Bosses;CombatStats;Functions,mimicChestSpawnChance
8273,Bosses;Economy,mimicChestGold
8274,Bosses;Economy,mimicChestExp
8275,Bosses;Economy,mimicChestEnergy
8276,Bosses;Progression;Economy,mimicChestPrestigePower
8277,Bosses;Economy,mimicMaxGems
8278,Economy,killExpFlat
8279,Progression;Economy;Functions,progressiveRankExp
8280,Progression;Functions,rankAttributePoints
8281,Economy;CombatStats;Functions,bonusKillExpChance
8282,Economy;CombatStats;Functions,bonusKillExpAmount
8283,Economy;Functions,ultraExpChance
8284,Economy,ultraExpAmount
8285,Economy;CombatStats;Functions,bonusKillGoldChance
8286,Economy;CombatStats;Functions,bonusKillGoldAmount
8287,Economy;Functions,ultraGoldChance
8288,Economy,ultraGoldAmount
8289,Economy,startingGold
8290,Economy,energyIncome
8291,Economy,energyIncomePct
8292,Economy;Functions,bonusEnergyIncomeChance
8293,Economy;Functions,bonusEnergyIncomeAmount
8294,Economy;Functions,ultraIncomeChance
8295,Economy,ultraIncomeAmount
8296,Progression,prestigePoints
8297,Progression,prestigeIntroSkip
8298,CombatStats;Functions,hoarderSpawns
8299,Economy,hoarderGold
8300,Bosses;CombatStats;Functions,producerSpawns
8301,Bosses;Economy,producerEnergy
8302,Bosses;Economy,trainerExp
8303,Bosses;CombatStats;Functions,trainerSpawns
8304,Progression;Economy;Functions,runesReward
8305,Progression,runesRarity
8306,Progression;Functions,runes2xChance
8307,Progression;Functions,tech2xChance
8308,Bosses;Economy;Functions,ultimusReward
8309,Bosses;CombatStats;Functions,ultimusMaxSpawns
8310,Bosses;Functions,ultimus2xChance
8311,Progression;Economy,battlepassExpPct
8312,Progression,dailyGiftRunes
8314,Economy;Functions,offlineRewards
8315,Economy;Functions,adBonusReward
8316,Functions,adBonusDuration
8317,Economy;Functions,adBonusGems
8318,CombatStats;Functions,adBonusUltraCritChance
8319,CombatStats;Functions,adBonusUltraCritAmount
8320,Economy;Functions,adBonusUltraGoldChance
8321,Economy;Functions,adBonusUltraGoldAmount
8322,Economy;Functions,adBonusUltraExpChance
8323,Economy;Functions,adBonusUltraExpAmount
8324,Economy;Functions,adBonusUltraEnergyChance
8325,Economy;Functions,adBonusUltraEnergyAmount
8327,Bosses;Progression,maxBossRushWave
8328,Bosses;Progression,bossRushSkippedWaves
8329,Progression,tournamentTrophies
8330,Progression,mapPerks
8331,Progression;WavePerks,wavePerkUnlocked
8332,Progression;WavePerks,wavePerkWaves
8333,Progression;WavePerks,wavePerkEffects
8334,Progression;WavePerks,wavePerkRerolls
8335,Automation;CombatStats,automationWorkshopCooldown
8338,Bosses;Economy;Functions,goldenGoblinChance
8339,Bosses;Economy;Functions,goldenProducerChance
8340,Bosses;Economy;Functions,goldenTrainerChance
8341,Bosses;Progression,supremeRunesDrop
8342,Bosses;CombatStats;Functions,supremeSpawnChance
8343,Bosses;Progression;Functions,supreme2xRunesChance
8344,Bosses;CombatStats;Functions,supremeAlienSpawnChance
8345,Bosses;Progression,supremeAlienTechDrop
8346,CombatStats,astralDmgGroupPerks1
8347,Economy,astralGoldGroupPerks2
8348,Economy,astralExpGroupPerks3
8349,Economy,astralEnergyGroupPerks4
8350,Bosses,astralBossGroupPerks5
8351,CombatStats,astralSkillGroupPerks6
8355,Economy,UpgradesGemsCell
8356,Economy,UpgradesGemsPanel
8358,Progression,UpgradesMasteryCell
8359,Economy;Functions,stopCostIncreaseAtLevel
8360,Progression,UpgradesMasteryPanel
8362,Economy,payGemPack
8376,Functions,<updPanelAfterFrame>d__31
8378,Progression;Functions,updRunesNotif
8379,Progression,buttonResearch
8380,CombatStats,buttonSpells
8382,Progression,buttonTechnology
8383,Progression,buttonTournament
8384,Bosses,buttonUltimus
8385,Progression,buttonMastery
8386,Progression,lockCoverMastery
8388,Progression,buttonRunes
8389,Progression,panelResearch
8390,CombatStats,panelSpells
8392,Progression,panelTechnology
8393,Progression,panelTournament
8394,Bosses,panelUltimus
8395,Progression,panelMastery
8397,Progression,panelRunes
8398,Progression,runesToClaimNotif
8399,Progression,runesToClaimText
8400,Progression,runesToClaimHorizLayout
8401,Progression,supTechNotif
8402,Progression,showedSupTechNotif
8404,Economy;Functions,multCost
8414,Functions,<updPanelAfterFrame>d__23
8415,Progression,UpgradesResearchCell
8416,Progression;CombatStats,UpgradesResearchPanel
8417,Progression,UpgradesRunesCell
8418,Progression,UpgradesRunesPanel
8419,Functions,updHeader
8422,Bosses,clickedSupremeButton
8424,Bosses,clickedUnlockSupremeCategoryButton
8431,Progression,runeShopButton
8446,Progression,end_runesToClaimHorizLayout
8448,Bosses,supremeClaimTopPanel
8449,Bosses,supremePanelLockedCover
8450,Bosses,supremeBorder
8451,Bosses;Functions,supremeChanceText
8452,Bosses,supremeButton
8453,Bosses,supremeClaimButtonText
8454,Bosses;Progression,supremeRunesToClaimHorizLayout
8455,Bosses,supremeCoverButton
8456,Bosses,supreme2CombatPanel
8457,Bosses,supreme2CombatPanelCover
8458,Bosses;Progression,supreme2CombatPanelCoverWaveLock
8459,Bosses;Economy,supreme2CombatPanelCoverGemLock
8460,Bosses,supreme2CombatUnlockButton
8461,Bosses,supreme2CombatUnlockButtonText
8462,Bosses,supreme2ResourcePanel
8463,Bosses,supreme2ResourcePanelCover
8464,Bosses;Progression,supreme2ResourcePanelCoverWaveLock
8465,Bosses;Economy,supreme2ResourcePanelCoverGemLock
8466,Bosses,supreme2ResourceUnlockButton
8467,Bosses,supreme2ResourceUnlockButtonText
8468,Bosses,supreme2ProgressPanel
8469,Bosses,supreme2ProgressPanelCover
8470,Bosses;Progression,supreme2ProgressPanelCoverWaveLock
8471,Bosses;Economy,supreme2ProgressPanelCoverGemLock
8472,Bosses,supreme2ProgressUnlockButton
8473,Bosses,supreme2ProgressUnlockButtonText
8474,Functions,commonChance
8475,Functions,uncommonChance
8476,Functions,rareChance
8477,Functions,epicChance
8478,Functions,legendaryChance
8479,Functions,mythicChance
8480,Functions,<updPanelAfterFrame>d__74
8481,CombatStats,UpgradesSpellsCell
8482,Functions,getDescColorStrings
8484,CombatStats,cooldownText
8485,Heroes,upgradeButtonImage
8486,Economy;Functions,upgradeButtonCostIcon
8489,CombatStats,UpgradesSpellsPanel
8490,CombatStats;Functions,updEquippedSpells
8491,Functions,updButtons
8492,CombatStats,_spellNum
8493,CombatStats,clickedRemoveSpell
8494,CombatStats,listEquippedSpells
8499,Heroes,gridHeroPanel
8501,CombatStats;Functions,highestSpellLevel
8502,Functions,<updPanelAfterFrame>d__17
8503,Progression,UpgradesTechCell
8505,Functions,adjMaxLevel
8507,Functions,prevReqLevel1
8509,Functions,prevReqLevel2
8511,Functions,prevReqLevel3
8512,Progression,waveRequired
8513,Bosses,isSupremeCell
8514,Progression;CombatStats,UpgradesTechPanel
8515,Bosses,clickedUnlockSupremeTree
8518,Economy;Functions,costIcon
8520,Bosses,supremeLockedCover
8521,Bosses,supremeLockedButton
8522,Bosses,supremeLockedButtonDesc
8523,Bosses;Economy;Functions,supremeLockedButtonCost
8524,Bosses;Progression,supremeLockedButtonWaveReq
8526,Progression,UpgradesTournamentCell
8527,Progression,UpgradesTournamentPanel
8528,Functions,<updPanelAfterFrame>d__16
8529,Bosses,UpgradesUltimusCell
8535,Bosses,supremeTokens
8536,Bosses,UpgradesUltimusPanel
8554,Bosses,pack4SupremeTokensText
8555,Bosses,pack4SupremeTokens
8556,Bosses,pack5SupremeTokens
8557,Functions,<updPanelAfterFrame>d__44
8561,Functions,updPanelDetails
8562,Functions,clickedBonus
8564,Economy;Functions,adPanelRewardDesc
8565,Economy;Functions,adPanelRewardIcon
8566,Economy;Functions,adPanelRewardText
8567,Functions,adPanelBonusDesc
8568,Functions,adPanelBonusSlider
8569,Functions,adPanelBonusProgress
8570,Functions,adPanelBonusCurrentBoost
8573,Economy,adPanelGemsPcButton
8574,CombatStats,cooldownCover
8576,Functions,bonusAmtString
8577,Functions,bonusTimeString
8578,Functions,bonusTime
8579,Progression;WavePerks,WavePerkPriorityCell
8580,Progression;Functions,updRankingPosition
8589,Progression;WavePerks,WavePerkPriorityPanel
8590,Heroes;CombatStats,didRearrange
8591,Progression;WavePerks,WavePerksCard
8592,WavePerks;Functions,updCard
8594,WavePerks,cardNum
8595,Progression;WavePerks,WavePerksCell
8597,Progression;WavePerks,WavePerksPanel
8598,Progression;WavePerks,rerollWavePerks
8599,Progression;WavePerks,confirmRerollWavePerks
8601,WavePerks,noCardsPanel
8602,WavePerks,noCardsText
8603,WavePerks,claimCardsPanel
8604,WavePerks,listCards
8607,Economy;Functions,rerollButtonCost
8608,Economy;Functions,rerollCost
8624,Economy,exponent
8628,Functions,get_Mantissa
8629,Economy;Functions,get_Exponent
8630,Economy,FromMantissaExponentNoNormalize
8663,Functions,GetHashCode
8697,Economy,ExpLimit
8698,Economy,DoubleExpMax
8699,Economy,DoubleExpMin
8704,Economy,Exponent
8712,Economy,FormatExponential
8715,Functions,get_Powers
8722,Economy,absMaxExponent
8725,Economy,priceStart
8726,Economy,priceRatio
8731,Economy,priceAdd
8744,Functions,get_onCharacterSelection
8746,Functions,get_onSpriteSelection
8748,Functions,get_onWordSelection
8750,Functions,get_onLineSelection
8752,Functions,get_onLinkSelection
8754,Functions,LateUpdate
8809,CombatStats;Functions,SpawnType
8828,Functions,GetPlayerInput
8830,Functions,dummyTarget
8831,Functions,CameraTarget
8861,CombatStats,TranslationSpeed
8862,CombatStats,SpinSpeed
8863,Heroes;CombatStats,RotationRange
8906,Functions,UpdateInterval
8912,CombatStats,m_TextMeshPro
8967,CombatStats,DisplayTextMeshProFloatingText
8985,CombatStats,<DisplayTextMeshProFloatingText>d__15
8993,CombatStats,SpeedMultiplier
8995,Heroes;CombatStats,angleRange
8997,CombatStats,speed
9025,Heroes,AutoSwitchLayout
9038,Functions,GetHash
9039,Economy,BuyGold
9041,Economy,AddGold
9042,Functions,UpdateUI
9043,Functions,GetFirstProductInOrder
9044,Functions,GetIdFromProduct
9046,Economy,goldProductId
9047,Economy,goldType
9048,Economy,goldCountText
9049,Economy,m_GoldCount
9096,Functions,UpdateActivePurchaseButtons
9106,Functions,GetFetchedProducts
9115,Functions,GetPendingOrder
9139,Functions,UpdateText
9142,Economy,priceText
9143,Economy;Functions,GettingIntroductoryPrices
9144,Economy;Functions,Samples.Purchasing.AppleAppStore.GettingIntroductoryPrices
9149,Economy;Functions,GetIntroductoryPriceForProductId
9185,Economy,GoldCountText
9210,CombatStats,FakeFetchProducts
9214,Economy,k_Consumable50GemsSkuID
9215,Economy,k_Consumable1000GemsSkuID
9218,Economy,k_SubscriptionDoubleXpSkuID
9285,Functions,get_mainTexture
9296,Heroes,imageUV
9310,Functions,targetMode
9311,Functions,targetTransform
9312,Functions,followTargetTransform
9313,Functions,targetOffset
9314,Functions,targetPosition
9317,CombatStats,xSpeed
9318,CombatStats,ySpeed
9327,CombatStats,autoSpeedX
9328,CombatStats,autoSpeedY
9329,CombatStats,autoSpeedDistance
9333,Functions,TargetMode
9337,Functions,get_TranslationVector
9338,Functions,get_RotationVector
9339,Functions,FixedUpdate
9342,CombatStats,translationSpeed
9345,CombatStats,rotationSpeed
9346,Functions,useLocalCoordinate
9358,Functions,targetMaterial
9359,CombatStats,speedX
9360,CombatStats,speedY
9363,Heroes,FogImageEffect
9367,Heroes,OnRenderImage
9368,Functions,UpdateShader
9369,Functions,UpdateDistanceLut
9370,Functions,UpdateHeightLut
9399,Heroes,OutlineImageEffect
9422,Functions,GetCurrentPENameString
9425,CombatStats;Functions,positionInWorldToSpawn
9426,CombatStats;Functions,SpawnParticleEffect
9431,CombatStats;Functions,ParticleEffectSpawnOffsets
9436,CombatStats;Functions,spawnPosition
9439,Functions,UpdateToolTip
9443,CombatStats;Functions,SpawnCurrentParticleEffect
9452,Functions,getProjectileNames
9475,CombatStats;Functions,respawnDelay
9478,CombatStats,autoRotationSpeed
9497,CombatStats,newSpeed
9505,CombatStats;Functions,spawnScale
9510,CombatStats,SetAutoRotationSpeed
9513,Functions,target
9535,WavePerks,LoadSceneCards
9541,Economy,LoadSceneExplosions
9542,Economy,LoadSceneExplosions2
9574,Functions,ETFXTarget
9575,CombatStats;Functions,SpawnTarget
9577,CombatStats;Functions,Respawn
9579,CombatStats;Functions,respawnParticle
9580,Functions,targetRenderer
9581,Functions,targetCollider
9582,CombatStats;Functions,<Respawn>d__7
9615,Functions,GetExceptionForIoErrno
9616,Functions,GetIOException
9618,Functions,GetRandomBytes
9685,Heroes;CombatStats,ERANGE
9702,Functions,get_Error
9703,Functions,get_RawErrno
9704,Functions,GetErrorMessage
9708,Functions,GetLastErrorInfo
9715,Functions,GetNonCryptographicallySecureRandomBytes
9717,Functions,GetReadDirRBufferSize
9723,Functions,GetEGid
9724,Functions,GetEUid
9744,Functions,GetName
9781,Functions,GetText
9784,Functions,GetString
9788,Functions,GetResourceString
9794,Functions,get_SystemProvider
9808,Functions,get_CertificateProvider
9813,Functions,get_Value
9815,Functions,GetTypeFromClass
9816,Functions,GetTypeHandle
9819,Functions,get_ProxyClass
9822,Functions,get_Constraints
9823,Functions,get_Attributes
9824,Functions,GetConstraints
9825,Functions,GetConstraintsCount
9831,Functions,get_Length
9832,Functions,get_Item
9910,Economy,UnexpectedEndError
9916,Economy,expected
9919,Economy,Expect
9945,Functions,GetValue
9946,Functions,get_Names
9947,Functions,get_Values
9963,Heroes;CombatStats,ranges
9965,Heroes;CombatStats,TableRange
9988,Functions,Level2Map
9992,Functions,GetTailoringInfo
9994,CombatStats,diacriticals
10003,Functions,Level1
10004,Functions,Level2
10005,Functions,Level3
10015,Functions,get_IsReady
10016,Functions,GetResource
10021,Economy,MaxExpansionLength
10024,Functions,level1
10025,Functions,level2
10026,Functions,level3
10055,Functions,GetNeutralCulture
10057,Functions,GetContraction
10059,Functions,GetTailContraction
10061,Functions,GetExtenderType
10066,Functions,GetSortKey
10076,Functions,targetConsumed
10090,Functions,targetSortKey
10102,Functions,level2Maps
10141,Functions,AppendLevel5
10144,Functions,GetResultAndReset
10146,Functions,GetOptimizedLength
10147,Functions,GetResult
10152,Functions,processLevel2
10156,Functions,get_Count
10158,Functions,GetBytes
10168,Functions,GetUIntBytes
10169,Functions,GetULongBytes
10178,Functions,GetBytesLE
10183,Functions,GetParametersFromCapiPrivateKeyBlob
10187,Functions,GetParametersFromCapiPublicKeyBlob
10193,Functions,get_Rng
10197,Functions,get_Filename
10198,Functions,get_KeyValue
10200,Functions,get_Parameters
10204,Functions,get_UserPath
10205,Functions,get_MachinePath
10216,Functions,get_CanChange
10217,Functions,get_UseDefaultKeyContainer
10218,Functions,get_UseMachineKeyStore
10219,Functions,get_ContainerName
10260,Functions,GetEmptyHash
10289,Functions,get_KeySize
10290,Functions,get_KeyExchangeAlgorithm
10291,Functions,get_PublicOnly
10292,Functions,get_SignatureAlgorithm
10296,Economy,ExportParameters
10302,Functions,get_IsCrtPossible
10303,Functions,GetPaddedValue
10321,Functions,get_CanTransformMultipleBlocks
10322,Functions,get_CanReuseTransform
10323,Functions,get_InputBlockSize
10324,Functions,get_OutputBlockSize
10332,Functions,get_KeepLastBlock
10361,Functions,get_Random
10431,Functions,GetSPPRounds
10437,Functions,get_Confidence
10438,Functions,get_PrimalityTest
10439,Functions,get_TrialDivisionBounds
10443,CombatStats,SequentialSearchPrimeGeneratorBase
10449,Functions,GetMessage
10460,Functions,get_IsInvalid
10470,CombatStats,CriticalHandleMinusOneIsInvalid
10473,Functions,get_Enabled
10494,Functions,get_Callbacks
10508,Functions,GetCurrentProcessorId
10533,Functions,GetLegacyNonRandomizedHashCode
10548,Functions,GetRawStringData
10560,Functions,GetTypeCode
10665,Functions,get_Chars
10682,Functions,GetLocalTimeZone
10684,Functions,TryGetLocalTzFile
10685,Functions,GetTzEnvironmentVariable
10691,Functions,GetDirectoryEntryFullPath
10696,Functions,GetLocalTimeZoneFromTzFile
10697,Functions,GetTimeZoneFromTzData
10698,Functions,GetTimeZoneDirectory
10700,Functions,GetDateTimeNowUtcOffsetFromUtc
10714,Functions,TZif_CalculateTransitionOffsetFromBase
10715,Functions,TZif_GetEarlyDateTransitionType
10744,Functions,TZif_GetZoneAbbreviation
10752,Functions,get_DisplayName
10753,Functions,get_StandardName
10754,Functions,get_DaylightName
10755,Functions,get_BaseUtcOffset
10758,Functions,GetPreviousAdjustmentRule
10760,Functions,GetUtcOffset
10761,Functions,GetLocalUtcOffset
10767,Functions,get_Local
10768,Functions,get_Utc
10777,Functions,GetAdjustmentRuleForTime
10791,Functions,GetDaylightTime
10793,Functions,GetIsDaylightSavings
10794,Functions,GetDaylightSavingsStartOffsetFromUtc
10795,Functions,GetDaylightSavingsEndOffsetFromUtc
10797,Functions,GetIsDaylightSavingsFromUtc
10800,Functions,GetIsAmbiguousTime
10801,Functions,GetIsInvalidTime
10802,Functions,GetUtcOffsetFromUtc
10808,Heroes;CombatStats,UtcOffsetOutOfRange
10812,Functions,GetTimeZoneDirectoryUnity
10847,Functions,get_DateStart
10848,Functions,get_DateEnd
10849,Functions,get_DaylightDelta
10850,Functions,get_DaylightTransitionStart
10851,Functions,get_DaylightTransitionEnd
10852,Functions,get_BaseUtcOffsetDelta
10853,Functions,get_NoDaylightTransitions
10854,Functions,get_HasDaylightSaving
10879,Functions,get_TimeOfDay
10880,Functions,get_Month
10881,Functions,get_Week
10882,Functions,get_Day
10883,Functions,get_DayOfWeek
10884,Functions,get_IsFixedDateRule
10904,Functions,GetCorrespondingKind
10959,Functions,GetObjectData
10960,Functions,GetBaseException
10961,Functions,get_InnerExceptions
10963,Functions,get_Message
10973,Heroes;CombatStats,ArgumentOutOfRangeException
10978,Functions,get_Empty
10979,Functions,get_Array
10980,Functions,get_Offset
10981,Functions,GetEnumerator
11006,Functions,get_Current
11014,Functions,get_LoadedAssembly
11037,Functions,get_AllowMultiple
11039,Functions,get_Inherited
11041,Functions,_attributeTarget
11047,Heroes,BadImageFormatException
11084,Functions,GetLatin1UnicodeCategory
11105,Functions,GetUnicodeCategory
11128,Functions,ChangeType
11129,Functions,targetType
11157,Functions,ToBase64_CalculateAndValidateOutputLength
11178,Functions,GetTimeZoneData
11191,Functions,get_InternalTicks
11192,Functions,get_InternalKind
11209,Functions,get_Date
11211,Functions,GetDatePart
11212,Functions,get_Hour
11214,Functions,get_Kind
11215,Functions,get_Millisecond
11216,Functions,get_Minute
11217,Functions,get_Now
11218,Functions,get_Second
11219,Functions,get_Ticks
11220,Functions,get_Year
11231,Functions,get_UtcNow
11232,Functions,GetSystemTimeAsFileTime
11295,Functions,get_DateTime
11296,Functions,get_UtcDateTime
11297,Functions,get_LocalDateTime
11298,Functions,get_ClockDateTime
11334,Functions,get_Format
11335,Functions,GetArguments
11336,Functions,get_ArgumentCount
11337,Functions,GetArgument
11342,Functions,targetObj
11345,Functions,_weakTargetObj
11368,Functions,GetRealFormat
11369,Economy,ExpandPredefinedFormat
11388,Functions,GetTimeZoneName
11393,Functions,GetJapaneseCalendarDefaultInstance
11394,Functions,GetTaiwanCalendarDefaultInstance
11397,Functions,GetYearMonthDayOrder
11399,Functions,GetYearMonthOrder
11400,Functions,GetMonthDayOrder
11407,Functions,GetDefaultYear
11408,Functions,GetDayOfNN
11409,Functions,GetDayOfNNN
11410,Functions,GetDayOfMN
11411,Functions,GetHebrewDayOfNM
11412,Functions,GetDayOfNM
11413,Functions,GetDayOfMNN
11414,Functions,GetDayOfYNN
11415,Functions,GetDayOfNNY
11416,Functions,GetDayOfYMN
11417,Functions,GetDayOfYN
11418,Functions,GetDayOfYM
11422,Functions,GetTimeOfN
11423,Functions,GetTimeOfNN
11424,Functions,GetTimeOfNNN
11425,Functions,GetDateOfDSN
11426,Functions,GetDateOfNDS
11427,Functions,GetDateOfNNDS
11455,Functions,GetDateTimeNow
11464,Functions,GetDateTimeParseException
11522,Functions,get_CompareInfo
11523,Functions,GetNext
11528,Functions,GetRegularToken
11531,Functions,GetSeparatorToken
11540,Functions,GetRepeatCount
11541,Functions,GetNextDigit
11542,Functions,GetChar
11543,Functions,GetDigit
11549,Functions,GetSubString
11569,Functions,GetNumber
11575,CombatStats,FormatWithParameter
11650,Economy,TryParseGuidWithHexPrefix
11660,Economy,IsHexPrefix
11673,Economy,AllowHexPrefix
11677,Economy,RequireHexPrefix
11690,Functions,GetGuidParseException
11716,Functions,get_IsCompleted
11717,Functions,get_AsyncWaitHandle
11718,Functions,get_AsyncState
11719,Functions,get_CompletedSynchronously
11734,Functions,GetFormat
11739,Heroes;CombatStats,IndexOutOfRangeException
11760,Functions,get_State
11765,Functions,GetModeFromIsThreadSafe
11781,Functions,get_IsValueCreated
11792,Functions,get_DefaultSeed
11816,Functions,get_Span
11841,Functions,get_HasValue
11842,Functions,GetValueOrDefault
11849,Functions,GetUnderlyingType
11892,Economy,FormatCurrency
11893,Functions,groupDigits
11897,Economy,expChar
11901,Economy,FormatExponent
11951,Economy,pexp
11956,Economy,s_posCurrencyFormats
11957,Economy,s_negCurrencyFormats
11963,Economy,s_rgexp64Power10
11965,Economy,s_rgexp64Power10By16
11967,Functions,get_sign
11969,Functions,get_digits
11976,Functions,get_ObjectName
11980,Functions,get_IsError
11984,Functions,get_CancellationToken
11991,Functions,GetAtSlow
12025,Heroes;CombatStats;Functions,GetSampleForLargeRange
12035,Progression;Functions,RankException
12037,Functions,GetObjectStartLength
12040,Functions,GetPinnableReference
12041,Functions,get_IsEmpty
12080,Functions,get_InvariantCultureIgnoreCase
12081,Functions,get_Ordinal
12082,Functions,get_OrdinalIgnoreCase
12110,Functions,get_Days
12111,Functions,get_Hours
12112,Functions,get_Minutes
12113,Functions,get_Seconds
12114,Functions,get_TotalDays
12115,Functions,get_TotalHours
12116,Functions,get_TotalMilliseconds
12117,Functions,get_TotalMinutes
12118,Functions,get_TotalSeconds
12145,Functions,get_Item1
12146,Functions,get_Item2
12157,Functions,get_Item3
12160,Functions,get_Item4
12165,Functions,GetEnumName
12166,Functions,GetEnumNames
12167,Functions,GetEnumRawConstantValues
12170,Functions,GetEnumData
12173,Functions,get_IsSerializable
12174,Functions,get_ContainsGenericParameters
12175,Functions,GetRootElementType
12176,Functions,get_IsVisible
12181,CombatStats,filterCriteria
12185,Functions,get_MemberType
12186,Functions,GetType
12187,Functions,get_Namespace
12188,Functions,get_AssemblyQualifiedName
12189,Functions,get_FullName
12190,Functions,get_Assembly
12191,Functions,get_Module
12192,Functions,get_IsNested
12193,Functions,get_DeclaringType
12194,Functions,get_DeclaringMethod
12195,Functions,get_ReflectedType
12196,Functions,get_UnderlyingSystemType
12197,Functions,get_IsArray
12199,Functions,get_IsByRef
12201,Functions,get_IsPointer
12203,Functions,get_IsConstructedGenericType
12204,Functions,get_IsGenericParameter
12205,Functions,get_IsGenericMethodParameter
12206,Functions,get_IsGenericType
12207,Functions,get_IsGenericTypeDefinition
12208,Functions,get_IsSZArray
12209,Functions,get_IsVariableBoundArray
12210,Functions,get_HasElementType
12212,Functions,GetElementType
12213,Progression;Functions,GetArrayRank
12214,Functions,GetGenericTypeDefinition
12215,Functions,get_GenericTypeArguments
12216,Functions,GetGenericArguments
12217,Functions,get_GenericParameterPosition
12218,Functions,get_GenericParameterAttributes
12219,Functions,GetGenericParameterConstraints
12220,Functions,GetAttributeFlagsImpl
12221,Functions,get_IsAbstract
12222,Functions,get_IsSealed
12223,Functions,get_IsClass
12224,Functions,get_IsNestedAssembly
12225,Functions,get_IsNestedPrivate
12226,Functions,get_IsNestedPublic
12227,Functions,get_IsNotPublic
12228,Functions,get_IsPublic
12229,Economy;Functions,get_IsExplicitLayout
12230,Functions,get_IsCOMObject
12232,Functions,get_IsContextful
12234,Functions,get_IsCollectible
12235,Functions,get_IsEnum
12236,Functions,get_IsMarshalByRef
12238,Functions,get_IsPrimitive
12240,Functions,get_IsValueType
12242,Functions,get_IsSignatureType
12244,Functions,GetConstructor
12249,Functions,GetConstructorImpl
12250,Functions,GetConstructors
12251,Functions,GetEvent
12252,Functions,GetEvents
12253,Functions,GetField
12254,Functions,GetFields
12255,Functions,GetMember
12256,Functions,GetMembers
12257,Functions,GetMethod
12258,Functions,GetMethodImpl
12259,Functions,GetMethods
12260,Functions,GetNestedType
12261,Functions,GetProperty
12263,Functions,GetPropertyImpl
12264,Functions,GetProperties
12265,Functions,get_TypeHandle
12266,Functions,GetTypeCodeImpl
12267,Functions,get_BaseType
12271,Functions,GetInterfaces
12274,Functions,GetEnumUnderlyingType
12275,Functions,GetEnumValues
12283,Functions,get_DefaultBinder
12284,Functions,GetTypeFromHandle
12286,Functions,get_IsSzArray
12289,Functions,get_IsInterface
12294,Functions,get_FullNameOrDefault
12297,Functions,InternalGetNameIfAvailable
12298,Functions,get_InternalNameIfAvailable
12299,Functions,get_NameOrDefault
12342,Economy,IsExplicitLayout
12368,Functions,get_TypeName
12374,Functions,get_ExceptionObject
12375,Functions,get_IsTerminating
12385,Functions,GetHashCodeCore
12396,Functions,get_Major
12397,Functions,get_Minor
12398,Functions,get_Build
12399,Functions,get_Revision
12401,Functions,get_DefaultFormatFieldCount
12420,Functions,get_ByDesign
12424,Functions,GetService
12427,Functions,get_Cancel
12437,Heroes,DarkMagenta
12444,Heroes,Magenta
12523,Functions,get_KeyChar
12524,Functions,get_Key
12542,Heroes;CombatStats,ThrowIndexOutOfRangeException
12543,Heroes;CombatStats,CreateIndexOutOfRangeException
12544,Heroes;CombatStats,ThrowArgumentOutOfRangeException
12545,Heroes;CombatStats,CreateArgumentOutOfRangeException
12559,Heroes;CombatStats;Functions,GetArgumentOutOfRangeException
12560,Heroes;CombatStats,ThrowArgumentOutOfRange_IndexException
12561,Heroes;CombatStats,ThrowIndexArgumentOutOfRange_NeedNonNegNumException
12563,Functions,GetAddingDuplicateWithKeyArgumentException
12565,Functions,GetKeyNotFoundException
12567,CombatStats,ThrowInvalidTypeWithPointersNotSupported
12569,Functions,GetInvalidOperationException
12571,Functions,GetArraySegmentCtorValidationFailedException
12572,Functions,GetArgumentException
12573,Functions,GetArgumentNullException
12576,Functions,GetArgumentName
12577,Heroes;CombatStats,ThrowStartIndexArgumentOutOfRange_ArgumentOutOfRange_Index
12578,Heroes;CombatStats,ThrowCountArgumentOutOfRange_ArgumentOutOfRange_Count
12579,Functions,GetResourceName
12584,Functions,get_Platform
12585,Functions,get_Version
12586,Functions,get_VersionString
12623,Functions,get_LongLength
12625,Functions,GetLongLength
12629,Functions,get_IsFixedSize
12630,Functions,get_IsReadOnly
12631,Functions,get_IsSynchronized
12632,Functions,get_SyncRoot
12633,Functions,GetMedian
12649,Functions,InternalArray__ICollection_get_Count
12650,Functions,InternalArray__ICollection_get_IsReadOnly
12651,Functions,GetRawSzArrayData
12652,Functions,InternalArray__IEnumerable_GetEnumerator
12659,Functions,InternalArray__IReadOnlyList_get_Item
12660,Functions,InternalArray__IReadOnlyCollection_get_Count
12664,Functions,InternalArray__get_Item
12666,Functions,GetGenericValueImpl
12668,Progression;Functions,get_Rank
12669,Progression;Functions,GetRank
12670,Functions,GetLength
12671,Functions,GetLowerBound
12672,Functions,GetValueImpl
12679,Functions,GetUpperBound
12703,Progression;Functions,Rank
12726,Heroes,InitializeDefaultSwitchValues
12727,Heroes,switchName
12729,Heroes;Functions,TryGetSwitch
12730,Heroes,s_switchMap
12732,Heroes,SwitchValueState
12737,Heroes,AppContextSwitches
12740,Heroes;CombatStats,EnforceJapaneseEraYearRanges
12745,Functions,get_Store
12751,Functions,get_Cookie
12757,Functions,GetData
12764,Functions,get_Manager
12765,Functions,get_Slot
12775,Functions,GetNamedDataSlot
12779,Functions,GetSlotTableLength
12792,Functions,InternalGetCustomAttributes
12794,Functions,InternalParamGetCustomAttributes
12796,Functions,GetCustomAttributes
12798,Functions,GetCustomAttribute
12802,Functions,get_TypeId
12851,Functions,GetHierarchyDepth
12877,Functions,getNames
12878,Functions,GetCachedValuesAndNames
12883,Functions,InternalGetUnderlyingType
12884,Functions,GetEnumValuesAndNames
12888,Functions,GetValues
12889,Functions,InternalGetValues
12890,Functions,GetNames
12891,Functions,InternalGetNames
12893,Functions,get_value
12895,Functions,get_hashcode
12900,CombatStats,ArgumentWithParameter
12906,Functions,GetEnumParseException
12915,Functions,get_Data
12916,Functions,GetClassName
12917,Functions,get_InnerException
12918,Functions,get_TargetSite
12919,Functions,get_StackTrace
12921,Functions,GetStackTrace
12923,Functions,get_Source
12931,Functions,get_HResult
12933,Functions,GetMessageFromNativeResources
12952,Functions,TargetSite
12963,Functions,GetCollectionCount
12966,Functions,get_ephemeron_tombstone
12972,Functions,GetMemoryInfo
12983,Functions,GetTotalMemory
13008,Functions,FilterPreCalculate
13028,Functions,GetMethodCandidates
13029,Functions,GetConstructorCandidates
13030,Functions,GetPropertyCandidates
13031,Functions,GetEventCandidates
13032,Functions,GetFieldCandidates
13033,Functions,GetNestedTypeCandidates
13034,Functions,GetRuntimeModule
13035,Functions,GetRuntimeAssembly
13036,Functions,GetBaseType
13037,Functions,GetGenericArgumentsInternal
13041,Functions,GetCustomAttributesData
13042,Functions,get_MetadataToken
13048,Functions,GetDefaultConstructor
13049,Functions,GetDefaultMemberName
13050,Functions,GetSerializationCtor
13057,Functions,GetCachedName
13064,Functions,GetMethodsByName_native
13066,Functions,GetMethodsByName
13067,Functions,GetPropertiesByName_native
13068,Functions,GetConstructors_native
13069,Functions,GetConstructors_internal
13070,Functions,GetPropertiesByName
13071,Functions,GetTypeCodeImplInternal
13076,Functions,getFullName
13078,Functions,GetGenericParameterAttributes
13079,Functions,GetGenericParameterPosition
13080,Functions,GetEvents_native
13081,Functions,GetFields_native
13082,Functions,GetFields_internal
13083,Functions,GetEvents_internal
13084,Functions,GetNestedTypes_native
13085,Functions,GetNestedTypes_internal
13086,Functions,get_Name
13088,Functions,GetMethodImplCommon
13097,Functions,BinderGetSetProperty
13099,Functions,BinderGetSetField
13101,Functions,BinderNonFieldGetSet
13120,Functions,GetSharedStringMaker
13145,Heroes;CombatStats,ArgumentOutOfRange_NeedNonNegNum
13148,Progression;Functions,Arg_RankMultiDimNotSupported
13162,Heroes;CombatStats,ArgumentOutOfRange_SmallCapacity
13163,Heroes;CombatStats,ArgumentOutOfRange_Index
13166,Heroes;CombatStats,ArgumentOutOfRange_Count
13167,Heroes;CombatStats,ArgumentOutOfRange_InvalidThreshold
13168,Heroes;CombatStats,ArgumentOutOfRange_ListInsert
13175,Heroes;CombatStats,ArgumentOutOfRange_BiggerThanCollection
13197,Functions,get_IsNull
13211,Functions,GetUnitySerializationInfo
13215,Functions,GetRealObject
13227,Heroes;Functions,TryGetSwitchOverride
13228,Heroes;CombatStats,SwitchEnforceJapaneseEraYearRanges
13229,Heroes,SwitchFormatJapaneseFirstYearAsANumber
13230,Heroes,SwitchEnforceLegacyJapaneseDateParsing
13233,Functions,getFriendlyName
13234,Functions,getCurDomain
13235,Functions,get_CurrentDomain
13237,Functions,GetAssemblies
13252,Functions,InternalGetContext
13253,Functions,InternalGetDefaultContext
13255,Functions,InternalGetProcessGuid
13257,Functions,GetProcessGuid
13260,Functions,getDomainID
13267,Functions,GetMarshalledDomainObjRef
13279,Functions,get_IsHomogenous
13280,Functions,get_IsFullyTrusted
13295,Functions,FirstChanceException
13300,Heroes,compatibility_switch
13304,Heroes,CompatibilitySwitches
13308,Functions,GetResourceStringEncodingName
13309,Functions,get_CurrentDirectory
13310,Functions,get_CurrentManagedThreadId
13311,Functions,get_HasShutdownStarted
13312,Functions,get_MachineName
13313,Functions,GetNewLine
13314,Functions,get_NewLine
13315,Functions,GetOSVersionString
13316,Functions,get_OSVersion
13318,Functions,get_TickCount
13319,Functions,get_UserDomainName
13320,Functions,get_UserName
13324,Functions,internalGetEnvironmentVariable_native
13325,Functions,internalGetEnvironmentVariable
13326,Functions,GetEnvironmentVariable
13328,Functions,GetFolderPath
13329,Functions,GetWindowsFolderPath
13335,Functions,UnixGetFolderPath
13338,Functions,get_ProcessorCount
13339,Functions,get_IsRunningOnWindows
13340,Functions,GetMachineConfigPath
13341,Functions,internalGetHome
13342,Functions,GetPageSize
13343,Functions,get_IsUnix
13418,Bosses,shadow_copy_directories
13419,Bosses,shadow_copy_files
13435,Functions,<TargetFrameworkName>k__BackingField
13453,Functions,get_InputEncoding
13454,Functions,get_OutputEncoding
13466,Functions,GetConsoleCP
13467,Functions,GetConsoleOutputCP
13470,Functions,GetInputCodePage
13471,Functions,GetOutputCodePage
13480,Functions,get_IsConsole
13489,Progression,wantEcho
13490,Progression,SetEcho
13496,Functions,target_type
13499,Functions,get_Method
13500,Functions,GetVirtualMethod_internal
13501,Functions,get_Target
13515,Functions,GetCandidateMethod
13516,Functions,GetInvocationList
13523,Functions,m_target
13532,Functions,Target
13534,Functions,GetDelegateData
13537,Functions,targetLabel
13539,Functions,targetTypeAssembly
13540,Functions,targetTypeName
13553,Functions,get_Size
13555,Economy,op_Explicit
13558,Functions,get_linux
13559,Functions,get_xterm
13560,Functions,get_ansi
13565,Functions,get_ObjectIdentity
13573,Functions,cb_target
13578,Functions,GetCustomAttributesInternal
13579,Functions,GetPseudoCustomAttributes
13581,Functions,GetCustomAttributesBase
13582,Functions,GetCustomAttributesDataInternal
13583,Functions,GetCustomAttributesDataBase
13584,Functions,GetPseudoCustomAttributesData
13588,Functions,GetBasePropertyDefinition
13589,Functions,GetBaseEventDefinition
13590,Functions,GetBase
13598,Functions,inheritanceLevel
13599,Functions,get_Usage
13600,Functions,get_InheritanceLevel
13602,Functions,_inheritanceLevel
13604,Functions,InheritanceLevel
13618,Functions,InternalGetHashCode
13619,Functions,FieldGetter
13643,Functions,GetAttributes
13644,Functions,GetMetadataToken
13645,Functions,GetToken
13646,Functions,GetGenericTypeDefinition_impl
13647,Functions,GetCorElementType
13654,Functions,GetAssembly
13655,Functions,GetModule
13659,Functions,GetGenericParameterInfo
13666,Functions,GetTypeByName
13674,Functions,GetCursorPosition
13676,Functions,get_WindowHeight
13677,Functions,get_WindowWidth
13682,Functions,GetKeyFromBuffer
13725,Functions,noGetPosition
13745,Functions,GetDynamicOrStaticVariables
13750,Functions,get_Int32
13751,Functions,get_String
13752,Functions,get_Object
13755,Functions,LowLevelStack
13793,Heroes,BitImageEntwining
13794,Heroes;Functions,BitImageType
13803,Functions,GetStringBytes
13804,Functions,GetInt16
13832,Progression,DeleteCharacter
14125,Bosses,EnterShadowMode
14133,Bosses,ExitShadowMode
14155,Heroes,StartBitImage
14157,Heroes,StopBitImage
14167,Functions,GetMouse
14179,Heroes,BitImageRepeat
14180,Heroes,BitImageNewline
14181,Heroes,BitImageCarriageReturn
14183,Heroes,DefineBitImageRegion
14184,Heroes,EndBitImageRegion
14204,Functions,get_InternalName
14211,Functions,GetInternalName
14220,Functions,pointer_level
14222,Functions,get_HasModifiers
14223,Functions,GetDisplayFullName
14224,Functions,GetModifierString
14225,Functions,get_DisplayFullName
14277,Functions,get_IsAlive
14278,Functions,set_Target
14279,Functions,get_TrackResurrection
14285,Functions,SetTarget
14286,Functions,TryGetTarget
14312,Functions,GetStdHandle
14313,Functions,GetConsoleScreenBufferInfo
14321,Functions,get_High
14322,Functions,get_Low
14323,Functions,get_Mid
14324,Functions,get_IsNegative
14325,Functions,get_Scale
14326,Functions,get_Low64
14331,Functions,GetBits
14337,Functions,DecCalc
14342,Economy;Functions,GetExponent
14387,Functions,get_High64
14414,Functions,get_CurrentValue
14453,Functions,get_None
14454,Functions,get_IsCancellationRequested
14455,Functions,get_CanBeCanceled
14467,Functions,get_WaitHandle
14468,Functions,get_IsSet
14470,Functions,get_SpinCount
14472,Functions,get_Waiters
14483,Functions,updateBitsMask
14484,Functions,UpdateStateAtomically
14503,Functions,get_NextSpinWillYield
14514,Functions,GetTime
14516,Functions,UpdateTimeOut
14524,Functions,get_IsCancellationCompleted
14525,Functions,get_IsDisposed
14526,Functions,get_ThreadIDExecutingCallbacks
14528,Functions,get_Token
14529,Functions,get_ExecutingCallback
14536,Functions,targetSyncContext
14575,Functions,targetExecutionContext
14581,Functions,TargetExecutionContext
14584,Functions,TargetSyncContext
14587,Functions,get_Tail
14591,Functions,get_Index
14594,Functions,get_Prev
14595,Economy,expectedElement
14647,Functions,get_IsHeldByCurrentThread
14648,Functions,get_IsThreadOwnerTrackingEnabled
14656,Functions,GetValueSlow
14664,Functions,GetNewTableSize
14677,Functions,GetId
14685,Heroes,ExecutionContextSwitcher
14692,Functions,get_isNewCapture
14694,Functions,get_isFlowSuppressed
14696,Functions,get_IsPreAllocatedDefault
14702,Functions,OnAsyncLocalContextChanged
14703,Functions,get_LogicalCallContext
14704,Functions,set_LogicalCallContext
14705,Functions,get_IllogicalCallContext
14706,Functions,set_IllogicalCallContext
14707,Functions,get_SynchronizationContext
14709,Functions,get_SynchronizationContextNoFlow
14727,Functions,_logicalCallContext
14728,Functions,_illogicalCallContext
14731,Functions,_localChangeNotifications
14736,Functions,LogicalCallContext
14737,Functions,IllogicalCallContext
14742,Functions,DangerousGetRawExecutionContext
14743,Functions,get_IsFlowSuppressed
14775,Functions,get_CurrentNoFlow
14776,Functions,GetThreadLocalContext
14777,Economy;Functions,get_CurrentExplicit
14780,Economy,CurrentExplicit
14784,Functions,GetOSContext
14794,Functions,<Get>b__3_0
14804,Functions,GetExecutionContextReader
14805,Functions,get_ExecutionContextBelongsToCurrentScope
14807,Functions,GetMutableExecutionContext
14812,Functions,get_CurrentUICulture
14813,Functions,GetCurrentUICultureNoAppX
14814,Functions,get_CurrentCulture
14816,Functions,GetCurrentCultureNoAppX
14820,Functions,get_Internal
14821,Functions,get_CurrentContext
14822,Functions,GetCurrentThread_icall
14823,Functions,GetCurrentThread
14824,Functions,get_CurrentThread
14825,Functions,get_CurrentThreadId
14826,Functions,GetDomainID
14828,Functions,get_IsThreadPoolThread
14829,Functions,get_IsThreadPoolThreadInternal
14839,Functions,GetState
14841,Functions,GetProcessDefaultStackSize
14843,Functions,get_ManagedThreadId
14844,CombatStats,BeginCriticalRegion
14845,CombatStats,EndCriticalRegion
14851,Functions,s_asyncLocalCurrentCulture
14852,Functions,s_asyncLocalCurrentUICulture
14914,Functions,GetIndexes
14940,Functions,GetAvailableThreads
14955,Functions,GetAvailableThreadsNative
14965,Functions,get_Handle
14967,Functions,get_SafeWaitHandle
14976,Economy,explicitDisposing
15060,CombatStats;Functions,critical_region_level
15076,Functions,get_scheduler
15081,Functions,GetTimeMonotonic
15095,Functions,get_Instance
15116,Functions,get_Task
15144,Functions,get_CompletedTask
15147,Functions,GetTaskForValueTaskSource
15149,Functions,GetAwaiter
15159,Functions,get_IsCompletedSuccessfully
15160,Functions,get_Result
15171,Functions,get_RunContinuationsAsynchronously
15183,Functions,get_TaskScheduler
15184,Functions,get_EffectiveTaskScheduler
15185,Functions,get_MaxDegreeOfParallelism
15187,Economy;Functions,get_EffectiveMaxConcurrencyLevel
15193,Economy;Functions,EffectiveMaxConcurrencyLevel
15228,Heroes;Economy;CombatStats,rangeManager
15272,Functions,get_LoopStateFlags
15275,Functions,AtomicLoopStateUpdate
15281,Functions,get_LowestBreakIteration
15289,Heroes;CombatStats,IndexRange
15293,Heroes;CombatStats,_bRangeFinished
15294,Heroes;CombatStats,RangeWorker
15295,Functions,get_IsInitialized
15296,Heroes;CombatStats,nInitialRange
15305,Heroes;CombatStats,_indexRanges
15306,Heroes;CombatStats,_nCurrentIndexRange
15312,Heroes;Economy;CombatStats,RangeManager
15315,Economy,nNumExpectedWorkers
15317,Heroes;CombatStats;Functions,_nCurrentIndexRangeToAssign
15330,Economy,maxConcurrency
15334,Economy,_remainingConcurrency
15342,Functions,get_LoggingOn
15343,Functions,traceLevel
15366,Functions,get_ResultOnSuccess
15368,Functions,GetResultCore
15369,Functions,get_Factory
15425,Functions,get_Options
15428,Functions,AtomicStateUpdate
15435,Functions,get_IsWaitNotificationEnabledOrNotRanToCompletion
15436,Functions,get_ShouldNotifyDebuggerOfWaitCompletion
15437,Functions,get_IsWaitNotificationEnabled
15447,Functions,get_Id
15448,Functions,get_CurrentId
15449,Functions,get_InternalCurrent
15451,Functions,get_CurrentStackGuard
15452,Functions,get_Exception
15453,Functions,get_Status
15454,Functions,get_IsCanceled
15458,Functions,get_IsCancellationAcknowledged
15460,Functions,get_CreationOptions
15461,Functions,get_ExecutingTaskScheduler
15462,Functions,get_CompletedEvent
15463,Functions,get_ExceptionRecorded
15464,Functions,get_IsFaulted
15465,Functions,get_CapturedContext
15471,Functions,GetExceptions
15472,Functions,GetExceptionDispatchInfos
15473,Functions,GetCancellationExceptionDispatchInfo
15475,Functions,UpdateExceptionObservedStatus
15476,Functions,get_IsExceptionObservedByParent
15477,Functions,get_IsDelegateInvoked
15480,Functions,FinishStageTwo
15481,Functions,FinishStageThree
15572,Functions,get_InvokeMayRunArbitraryCode
15642,Functions,GetPostActionCallback
15652,Functions,get_IsValidLocationForInlining
15654,Functions,GetInvokeActionCallback
15665,Functions,get_ContainsFaultList
15689,Economy;Functions,get_MaximumConcurrencyLevel
15691,Functions,get_RequiresAtomicStartTransition
15692,Functions,get_Default
15702,Economy;Functions,MaximumConcurrencyLevel
15714,Functions,CausalityTraceLevel
15735,Functions,GetStatus
15740,Functions,GetByteCount
15742,Functions,GetCharCount
15743,Functions,GetChars
15746,Functions,GetMaxByteCount
15747,Functions,GetMaxCharCount
15748,Functions,GetDecoder
15749,Functions,GetEncoder
15753,Functions,get_Fallback
15754,Functions,get_FallbackBuffer
15755,Functions,get_InternalHasFallbackBuffer
15767,Functions,get_MaxCharCount
15773,Functions,get_InternalSyncObject
15775,Functions,GetNextChar
15776,Functions,get_Remaining
15796,Functions,get_ReplacementFallback
15797,Functions,get_ExceptionFallback
15809,Functions,get_MustFlush
15810,Functions,get_HasState
15818,Functions,get_DefaultString
15842,Functions,InternalGetNextChar
15849,Functions,get_Encoding
15857,Functions,GetEncoding
15861,Functions,GetEncodingFromProvider
15865,Functions,GetBestFitUnicodeToBytesData
15874,Functions,get_Capacity
15876,Functions,get_MaxCapacity
15898,Functions,get_RemainingCurrentChunk
15900,Economy,ExpandByABlock
15914,Functions,GetStringAndRelease
15923,Functions,GetSurrogate
15925,Functions,GetHighSurrogate
15926,Functions,GetLowSurrogate
15927,Functions,GetPreamble
15928,Functions,get_Preamble
15957,Heroes;CombatStats,InRange
15959,Functions,pTarget
15961,Functions,GetBytesUnknown
15966,Progression,surrogateChar
15991,Functions,GetDataItem
15992,Functions,get_EncodingName
15993,Functions,get_HeaderName
15994,Functions,get_WebName
15995,Functions,get_EncoderFallback
15997,Functions,get_DecoderFallback
15999,Functions,get_ASCII
16000,Functions,get_Latin1
16001,Functions,get_CodePage
16004,Functions,get_Unicode
16005,Functions,get_BigEndianUnicode
16006,Functions,get_UTF7
16007,Functions,get_UTF8
16008,Functions,get_UTF32
16009,Functions,GetBestFitBytesToUnicodeData
16046,Functions,get_MoreData
16047,Functions,GetNextByte
16048,Functions,get_BytesUsed
16063,Economy,moreBytesExpected
16066,Functions,get_CharsUsed
16074,Functions,GetCombiningClass
16075,Functions,GetPrimaryCompositeFromMapIndex
16076,Functions,GetPrimaryCompositeHelperIndex
16081,CombatStats,TryComposeWithPreviousStarter
16090,Functions,GetCanonicalHangul
16091,Functions,GetCanonical
16100,Functions,get_UTF8Unmarked
16103,Functions,GetDefaultEncoding
16124,Functions,GetRootElement
16125,Functions,GetElement
16126,Functions,InternalGetElement
16148,Functions,GetBuffer
16153,Functions,get_Children
16154,Functions,get_Tag
16166,Functions,GetAttribute
16184,Functions,get_SecurityEnabled
16189,Functions,GetTopElement
16191,Functions,GetRequiredSizes
16201,Functions,GetTokens
16202,Functions,GetStringToken
16236,Functions,get_NumCharEncountered
16244,Functions,GetNextFullToken
16245,Functions,GetNextToken
16246,Functions,GetNextString
16249,Functions,GetTokenCount
16285,Functions,get_Unrestricted
16291,Functions,get_HashAlgorithm
16295,Functions,get_IterationCount
16297,Functions,get_Salt
16318,Functions,get_CspKeyContainerInfo
16319,Economy,ExportCspBlob
16326,Functions,get_CanRead
16327,Functions,get_CanSeek
16328,Functions,get_CanWrite
16329,Functions,get_Position
16331,Functions,get_HasFlushedFinalBlock
16354,Functions,get_AsyncActiveSemaphore
16387,Functions,<get_AsyncActiveSemaphore>b__54_0
16392,Functions,get_HashSize
16393,Functions,get_Hash
16405,Functions,get_MD5
16406,Functions,get_SHA1
16407,Functions,get_SHA256
16408,Functions,get_SHA384
16409,Functions,get_SHA512
16415,Functions,get_Pkcs1
16416,Functions,get_OaepSHA1
16417,Functions,get_OaepSHA256
16418,Functions,get_OaepSHA384
16419,Functions,get_OaepSHA512
16422,Functions,get_Mode
16423,Functions,get_OaepHashAlgorithm
16440,Functions,get_Pss
16448,Functions,get_LegalKeySizes
16454,Economy,ExportEncryptedPkcs8PrivateKey
16455,Economy,ExportPkcs8PrivateKey
16456,Economy,ExportSubjectPublicKeyInfo
16461,Economy,TryExportEncryptedPkcs8PrivateKey
16462,Economy,TryExportPkcs8PrivateKey
16463,Economy,TryExportSubjectPublicKeyInfo
16484,WavePerks,DiscardWhiteSpaces
16494,Functions,get_MinSize
16495,Functions,get_MaxSize
16496,Functions,get_SkipSize
16514,Economy,CryptographicUnexpectedOperationException
16517,Economy,UseNonExportableKey
16524,Functions,get_Flags
16526,Functions,get_CryptoKeySecurity
16528,Functions,get_KeyPassword
16530,Functions,get_ParentWindowHandle
16578,Functions,get_BlockSizeValue
16580,Functions,UpdateIOPadBuffers
16582,Functions,get_HashName
16586,Functions,GetHashAlgorithmWithFipsFallback
16602,Functions,get_BlockSize
16603,Functions,get_ProduceLegacyHmacValues
16613,Functions,get_Padding
16620,Functions,get_Buffer
16636,CombatStats,HashPrefix
16647,Functions,GetNonZeroBytes
16649,Functions,GetInt32
16650,Functions,get_EffectiveKeySize
16656,Functions,get_UseSalt
16675,Economy,encryptKeyExpansion
16677,Economy,decryptKeyExpansion
16678,Economy,GenerateKeyExpansion
16691,Economy,m_encryptKeyExpansion
16692,Economy,m_decryptKeyExpansion
16725,Economy,ExportRSAPrivateKey
16726,Economy,ExportRSAPublicKey
16729,Economy,TryExportRSAPrivateKey
16730,Economy,TryExportRSAPublicKey
16733,Functions,GetAlgorithmId
16736,Functions,get_PersistKeyInCsp
16740,Functions,GetHashFromString
16741,Functions,GetHashNameFromOID
16752,Economy,privateKeyExportable
16755,Functions,get_OverridesDecrypt
16760,Functions,get_Parameter
16763,Functions,get_OverridesEncrypt
16769,Functions,get_RNG
16774,Economy,expandedBuffer
16776,Economy,SHAExpand
16778,Economy,_expandedBuffer
16785,Economy,SHA256Expand
16788,Economy,SHA384Expand
16791,Economy,SHA512Expand
16794,Functions,get_KeyAlgorithm
16796,Functions,get_DigestAlgorithm
16798,Functions,get_FormatterAlgorithm
16800,Functions,get_DeformatterAlgorithm
16823,Functions,get_FeedbackSize
16825,Functions,get_IV
16827,Functions,get_LegalBlockSizes
16888,Economy,CRYPT_EXPORTABLE
16891,Economy,CLR_EXPORTABLE
16911,Functions,get_StaticRandomNumberGenerator
16937,Functions,get_KeyHandle
16946,Functions,get_AllowOnlyFipsAlgorithms
16950,Functions,get_Accessible
16951,Economy;Functions,get_Exportable
16952,Functions,get_HardwareDevice
16953,Functions,get_KeyContainerName
16954,Functions,get_KeyNumber
16955,Functions,get_MachineKeyStore
16956,Functions,get_Protected
16957,Functions,get_ProviderName
16958,Functions,get_ProviderType
16959,Functions,get_RandomlyGenerated
16960,Functions,get_Removable
16961,Functions,get_UniqueKeyContainerName
16964,Economy,Exportable
16979,Functions,GetStrongKey
17008,Functions,RngGetBytes
17019,Functions,get_NonceByteSizes
17020,Functions,get_TagByteSizes
17036,Functions,get_EncryptionAlgorithm
17059,Functions,get_Issuer
17060,Functions,get_Subject
17061,Functions,GetCertHash
17062,Functions,GetCertHashString
17063,Functions,GetRawCertHash
17064,Functions,GetRawCertData
17065,Functions,GetKeyAlgorithm
17066,Functions,GetKeyAlgorithmParameters
17067,Functions,GetPublicKey
17068,Functions,GetSerialNumber
17069,Functions,GetSerialNumberString
17070,Functions,GetRawSerialNumber
17072,Functions,GetNotAfter
17073,Functions,GetNotBefore
17077,Functions,get_Impl
17078,Functions,get_IsValid
17094,Functions,get_RawData
17095,Functions,get_NotAfter
17096,Functions,get_NotBefore
17097,Functions,get_Thumbprint
17098,Functions,get_KeyAlgorithmParameters
17099,Functions,get_PublicKeyValue
17100,Functions,get_SerialNumber
17101,Functions,get_HasPrivateKey
17102,Functions,GetRSAPrivateKey
17103,Functions,GetDSAPrivateKey
17105,CombatStats,CopyWithPrivateKey
17115,Functions,GetInvalidContextException
17119,Functions,get_Claims
17120,Functions,get_AuthenticationType
17128,Functions,TokenImpersonationLevel
17145,Functions,GetCurrent
17148,Functions,GetTokenInternal
17150,Functions,GetCurrentToken
17151,Functions,GetTokenName
17171,Functions,get_Properties
17173,Functions,get_Type
17188,Functions,get_Actor
17190,Functions,get_NameClaimType
17218,Functions,<get_Claims>d__51
17227,Functions,get_ClaimsPrincipalSelector
17247,Progression,remoteChannelData
17248,Functions,get_ChannelData
17253,Functions,get_ApplicationUrl
17254,Functions,get_ContextAttributes
17255,Functions,get_ObjectType
17265,Functions,get_EnvoySinks
17274,Functions,get_ChannelSink
17276,Functions,get_EnvoySink
17277,Functions,get_ObjectUri
17279,Functions,get_IsConnected
17280,Functions,get_Disposed
17282,Functions,get_ClientDynamicProperties
17283,Functions,get_HasServerDynamicSinks
17304,Functions,get_ClientProxy
17306,Functions,get_TargetUri
17309,Functions,TargetUri
17312,Functions,GetCachedSoapAttribute
17320,Functions,get_IsReferenceToWellKnow
17321,Functions,get_ChannelInfo
17322,Functions,get_EnvoyInfo
17324,Functions,get_TypeInfo
17326,Functions,get_URI
17328,Progression;Functions,UpdateChannelInfo
17329,Functions,get_ServerType
17340,Functions,get_ApplicationName
17342,Functions,get_ProcessId
17399,Functions,GetNotNull
17408,Functions,get_ServerProviders
17409,Functions,get_ClientProviders
17410,Functions,get_CustomProperties
17425,Functions,GetVirtualMethod
17432,Functions,GetServerTypeForUri
17440,Functions,GetRealProxy
17441,Functions,GetMethodBaseFromMethodMessage
17442,Functions,GetMethodBaseFromName
17447,Functions,GetIdentityForUri
17451,Functions,GetOrCreateClientIdentity
17452,Functions,GetClientChannelSinkChain
17459,Functions,GetProxyForRemoteObject
17460,Functions,GetRemoteObject
17467,Functions,GetMessageTargetIdentity
17468,Functions,SetMessageTargetIdentity
17470,Functions,UpdateOutArgObject
17471,Functions,GetNormalizedUri
17479,Functions,FieldGetterMethod
17484,Economy,OnLifetimeExpired
17487,Functions,get_Lease
17488,Functions,get_Context
17501,Functions,GetServerObject
17503,Functions,_targetThis
17512,Functions,get_XmlNsForClrTypeWithAssembly
17513,Functions,get_XmlNsForClrTypeWithNs
17514,Functions,get_XmlNsForClrTypeWithNsAndAssembly
17518,Functions,GetNameKey
17519,Functions,GetAssemblyName
17522,Functions,GetXmlElementForInteropType
17523,Functions,GetXmlNamespaceForMethodCall
17524,Functions,GetXmlNamespaceForMethodResponse
17527,Functions,GetXmlTypeForInteropType
17542,Functions,get_AssemblyName
17550,Functions,get_ObjectUrl
17574,Functions,GetPropertiesForNewContext
17577,Functions,GetProxyType
17578,Functions,get_IsContextBoundObject
17579,Functions,get_TargetContext
17587,Functions,TargetContext
17592,Functions,InternalGetProxyType
17593,Functions,GetProxiedType
17595,Functions,InternalGetTransparentProxy
17596,Functions,GetTransparentProxy
17598,Functions,SetTargetDomain
17599,Functions,GetAppDomainTarget
17603,Functions,_targetContext
17605,Functions,_targetDomainId
17606,Functions,_targetUri
17615,Functions,_cache_GetTypeMethod
17616,Functions,_cache_GetHashCodeMethod
17622,Functions,get_CurrentLeaseTime
17623,Functions,get_CurrentState
17624,Functions,get_RenewOnCallTime
17633,Functions,UpdateState
17636,Economy,_leaseExpireTime
17662,Economy,Expired
17664,Functions,get_LeaseManagerPollTime
17666,Functions,get_LeaseTime
17669,Functions,get_SponsorshipTimeout
17680,Functions,get_DefaultContext
17681,Functions,get_ContextID
17682,Functions,get_ContextProperties
17683,Functions,get_IsDefaultContext
17684,Functions,get_NeedsContextSink
17688,Functions,GetDynamicPropertyCollection
17690,Functions,get_HasGlobalDynamicSinks
17692,Functions,get_HasDynamicSinks
17693,Functions,get_HasExitSinks
17696,Functions,GetServerContextSinkChain
17697,Functions,GetClientContextSinkChain
17702,Heroes,SwitchToContext
17705,Functions,get_MyLocalStore
17727,Functions,get_HasProperties
17744,Functions,GetClientContextSink
17746,Functions,GetDynamicSink
17748,Functions,GetEnvoySink
17750,Functions,GetObjectSink
17752,Functions,GetServerContextSink
17762,Functions,get_CrossContextChannel
17775,Functions,IsLocalCall
17776,Functions,GetCurrentChannelInfo
17783,Functions,get_DomainID
17784,Functions,get_ProcessID
17792,Functions,get_ChannelName
17793,Functions,get_ChannelPriority
17801,Functions,GetSink
17802,Functions,get_TargetDomainId
17807,Economy,processMessageMethod
17809,Functions,TargetDomainId
17836,Functions,get_ConstructionActivator
17847,Functions,AppDomainLevelActivator
17848,Functions,get_NextActivator
17851,Functions,ConstructionLevelActivator
17852,Functions,ContextLevelActivator
17856,Functions,get_ActivationType
17857,Functions,get_ActivationTypeName
17858,Functions,get_Activator
17860,Functions,get_CallSiteActivationAttributes
17872,Functions,get_UseAttribute
17873,Functions,get_XmlNamespace
17881,Functions,get_XmlElementName
17894,Functions,get_XmlTypeName
17895,Functions,get_XmlTypeNamespace
17896,Functions,get_IsInteropXmlElement
17897,Functions,get_IsInteropXmlType
17910,Functions,SetLogicalCallContext
17911,Functions,get_Datastore
17912,Functions,get_HostContext
17914,Functions,get_HasUserData
17921,Functions,get_HasInfo
17931,Functions,get_LogicalCallID
17932,Functions,set_LogicalCallID
17933,Functions,_logicalCallID
17934,Functions,LogicalCallID
17937,Functions,GetInOutArgs
17942,Functions,get_EndInvokeCalled
17944,Functions,get_AsyncDelegate
17945,Functions,get_NextSink
17946,Functions,GetReplyMessage
17949,Functions,get_CallMessage
17973,Functions,GetTypes
17978,Functions,GetSignature
17989,Functions,SaveLogicalCallContext
17990,Functions,GetLogicalCallContext
17996,Functions,get_Uri
17997,Functions,GetArgs
17998,Functions,get_PropertiesCount
18002,Functions,GetReturnValue
18003,Functions,GetException
18011,Functions,get_IsContextOk
18015,Functions,get_SourceProxy
18026,Functions,GetMethodProperty
18033,Functions,get_ArgCount
18034,Functions,get_Args
18035,Functions,get_MethodBase
18036,Functions,get_MethodName
18037,Functions,get_MethodSignature
18039,Functions,GetArg
18049,Functions,get_TargetIdentity
18050,Functions,set_TargetIdentity
18052,Functions,TargetIdentity
18060,Functions,get_OutArgs
18061,Functions,get_ReturnValue
18070,Functions,GetTypeNameFromAssemblyQualifiedName
18073,Functions,get_GenericArguments
18077,Functions,_targetIdentity
18086,Functions,get_InternalDictionary
18089,Functions,GetInternalProperties
18092,Functions,get_Keys
18101,Functions,get_Entry
18119,Functions,GetMethodInfo
18120,Functions,get_OutArgCount
18121,Functions,get_AsyncResult
18122,Functions,get_CallType
18153,Functions,_target
18156,Functions,TargetFrameworkAttribute
18163,Functions,TargetsAtLeast_Desktop_V4_5
18164,Functions,TargetsAtLeast_Desktop_V4_5_1
18197,Functions,GetMethodsWithAttribute
18198,Functions,get_HasOnSerializingEvents
18213,Functions,GetSerializationEventsForType
18215,Functions,<GetSerializationEventsForType>b__1_0
18226,Functions,get_ContainerID
18227,Functions,get_ParentField
18228,Functions,get_ParentIndex
18236,Functions,GetSerializableMembers
18238,Functions,InternalGetSerializableMembers
18242,Functions,GetParentTypes
18243,Functions,GetUninitializedObject
18244,Functions,nativeGetUninitializedObject
18245,Functions,GetEnableUnsafeTypeForwarders
18250,Functions,GetTypeFromAssembly
18254,Functions,GetClrAssemblyName
18255,Functions,GetClrTypeFullName
18256,Functions,GetClrTypeFullNameForArray
18257,Functions,GetClrTypeFullNameForNonArrayTypes
18264,Functions,<GetSerializableMembers>b__0
18282,Functions,CanCallGetType
18284,Functions,get_TopObject
18285,Functions,get_SpecialFixupObjects
18293,Functions,GetCompletionInfo
18301,Functions,GetObject
18337,Functions,UpdateDescendentDependencyChain
18341,Functions,UpdateData
18344,Functions,get_IsIncompleteObjectReference
18346,Functions,get_RequiresDelayedFixup
18347,Functions,get_RequiresValueTypeFixup
18348,Functions,get_ValueTypeFixupPerformed
18350,Functions,get_HasISerializable
18351,Functions,get_HasSurrogate
18352,Functions,get_CanSurrogatedObjectValueChange
18353,Functions,get_CanObjectValueChange
18354,Functions,get_DirectlyDependentObjects
18355,Functions,get_TotalDependentObjects
18356,Functions,get_Reachable
18358,Functions,get_TypeLoadExceptionReachable
18359,Functions,get_TypeLoadException
18361,Functions,get_ObjectValue
18363,Functions,get_SerializationInfo
18365,Functions,get_Surrogate
18366,Functions,get_DependentObjects
18368,Functions,get_RequiresSerInfoFixup
18370,Functions,get_ValueFixup
18371,Functions,get_CompletelyFixed
18418,Functions,GetFixupEnumerator
18428,Functions,get_SerializedStates
18436,Functions,get_IsActive
18456,Functions,get_FieldType
18457,Functions,InternalGetValue
18459,Functions,get_FieldInfo
18460,Functions,get_FieldHandle
18467,Functions,get_FullTypeName
18473,Functions,get_MemberCount
18474,Economy;Functions,get_IsFullTypeNameSetExplicit
18475,Economy;Functions,get_IsAssemblyNameSetExplicit
18476,Economy,ExpandArrays
18479,Functions,UpdateValue
18481,Functions,GetElementNoThrow
18482,Functions,GetValueNoThrow
18483,Functions,GetBoolean
18484,Functions,GetInt64
18485,Functions,GetSingle
18493,Economy,isFullTypeNameSetExplicit
18494,Economy,isAssemblyNameSetExplicit
18497,Economy,IsFullTypeNameSetExplicit
18498,Economy,IsAssemblyNameSetExplicit
18517,Functions,TypeFilterLevel
18577,Economy,Currency
18584,Functions,GetBinaryTypeInfo
18585,Functions,GetParserBinaryTypeInfo
18654,Economy,expectedType
18655,Economy,expectedTypeInformation
18731,Functions,GetTypeInformation
18736,Functions,m_securityLevel
18748,Progression,WriteChar
18749,Progression,WriteChars
18827,Functions,GetTypeFullName
18828,Functions,GetAssemblyString
18831,Functions,GetMemberType
18835,Functions,GetMemberInfo
18836,Functions,GetObjectInfo
18853,Functions,GetMemberTypes
18867,Functions,get_AssemblyString
18868,Functions,get_HasTypeForwardedFrom
18872,Functions,get_ValueFixupStack
18899,Functions,GetSimplyNamedTypeFromAssembly
18919,Functions,TopLevelAssemblyTypeResolver
18920,Functions,topLevelAssembly
18923,Functions,m_topLevelAssembly
18927,Functions,get_ObjectManager
18939,Functions,InternalGetId
18948,Functions,GetAssemblyId
18949,Functions,GetNameInfo
18964,Functions,get_SystemAssemblyInfo
18965,Functions,get_ObjectMapIdTable
18966,Functions,get_AssemIdToAssemblyTable
18967,Functions,get_prs
19002,Functions,GetOp
19037,Progression;Functions,PRrank
19068,Functions,GetCachedValue
19080,Functions,FEsecurityLevel
19083,Functions,get_NIname
19131,Functions,get_ErrorCode
19137,Functions,GetReference
19138,Functions,GetNonNullPinnableReference
19144,Functions,TryGetArray
19165,Functions,GetNativeDataSize
19263,CombatStats,DllImportSearchPath
19271,CombatStats,DefaultDllImportSearchPathsAttribute
19277,CombatStats,exactSpelling
19284,CombatStats,ExactSpelling
19300,CombatStats,CriticalHandle
19304,Functions,get_IsClosed
19308,Functions,DangerousGetHandle
19321,Functions,get_IsAllocated
19322,Functions,GetRef
19327,Functions,GetTarget
19328,Functions,GetTargetHandle
19329,Functions,GetAddrOfPinnedObject
19348,Functions,GetHRForException
19349,Functions,GetLastWin32Error
19365,Functions,GetFunctionPointerForDelegateInternal
19366,Functions,GetFunctionPointerForDelegate
19369,Functions,GetCustomMarshalerInstance
19376,Functions,<GetCustomMarshalerInstance>b__201_0
19395,Functions,FirstChanceExceptionEventArgs
19399,Functions,get_BinaryStackTraceArray
19400,Functions,get_SourceException
19418,CombatStats,CriticalFinalizerObject
19445,Functions,get_ElementType
19454,CombatStats,ICriticalNotifyCompletion
19466,Functions,get_IsDynamicCodeSupported
19470,Functions,get_WrappedException
19474,Functions,get_StateMachineType
19483,Functions,get_AssemblyFullName
19513,Functions,GetTaskForResult
19524,Functions,GetCompletionAction
19530,Functions,targetContext
19534,Functions,TryGetContinuationTask
19569,Functions,get_CompilationRelaxations
19586,Functions,TryGetValue
19595,Functions,get_OffsetToStringData
19596,Functions,GetObjectValue
19622,Functions,get_CultureName
19623,Functions,get_Location
19635,Functions,<GetEnumerator>d__5
19646,Functions,GetEnumeratorHelper
19681,Functions,GetNeutralResourcesLanguage
19683,Functions,GetManifestResourceStream
19685,Functions,GetSatelliteAssembly
19689,Functions,GetSatelliteAssemblyName
19692,Functions,GetNeutralResourcesLanguageAttribute
19696,Functions,get_BaseName
19697,Functions,get_IgnoreCase
19698,Functions,get_FallbackLocation
19699,Functions,GetResourceFileName
19700,Functions,GetResourceSet
19701,Functions,InternalGetResourceSet
19704,Functions,GetSatelliteContractVersion
19738,Functions,get_ModuleDir
19739,Functions,get_LocationInfo
19740,Functions,get_UserResourceSet
19741,Functions,get_BaseNameField
19742,Functions,get_NeutralResourcesCulture
19743,Functions,get_LookedForSatelliteContractVersion
19745,Functions,get_SatelliteContractVersion
19748,Functions,get_FallbackLoc
19749,Functions,get_CallingAssembly
19750,Functions,get_MainAssembly
19761,Functions,get_DataPosition
19769,Functions,GetNameHash
19770,Functions,GetNamePosition
19771,Functions,GetEnumeratorInternal
19776,Functions,GetValueForNameIndex
19807,Functions,GetObjectInternal
19808,Functions,GetCaseInsensitiveObjectInternal
19845,Functions,Retargetable
19864,Functions,SuppressChangeType
19872,Economy,ExplicitThis
19878,Functions,get_MemberName
19885,Functions,GetAddMethod
19886,Functions,GetRemoveMethod
19887,Functions,GetRaiseMethod
19888,Functions,get_EventHandlerType
19891,Functions,GetEventFromHandle
19916,Functions,get_IsInitOnly
19917,Functions,get_IsLiteral
19918,Functions,get_IsNotSerialized
19919,Functions,get_IsStatic
19920,Functions,get_IsPrivate
19921,Functions,GetRawConstantValue
19923,Functions,GetFieldFromHandle
19924,Functions,GetFieldOffset
19925,Functions,get_marshal_info
19940,Functions,GetTypeInfo
19942,CombatStats,InvalidFilterCriteriaException
19947,Functions,get_ReferencedAssembly
19948,Functions,get_FileName
19949,Functions,get_ResourceLocation
19958,Functions,get_CustomAttributes
19973,Economy,UnmanagedExport
19976,Functions,GetParameters
19977,Functions,GetMethodImplementationFlags
19978,Functions,get_CallingConvention
19979,Functions,get_IsConstructor
19980,Functions,get_IsSpecialName
19981,Functions,get_IsVirtual
19982,Functions,get_IsGenericMethod
19983,Functions,get_IsGenericMethodDefinition
19984,Functions,get_MethodHandle
19985,CombatStats;Functions,get_IsSecurityCritical
19986,Functions,GetParametersInternal
19987,Functions,GetParametersCount
19989,Functions,GetParameterTypes
19990,Functions,GetParametersNoCopy
19991,Functions,GetMethodFromHandle
19999,CombatStats,IsSecurityCritical
20016,Functions,get_ReturnParameter
20017,Functions,get_ReturnType
20018,Functions,GetGenericMethodDefinition
20020,Functions,GetBaseDefinition
20021,Functions,get_ReturnTypeCustomAttributes
20023,Functions,get_GenericParameterCount
20028,Functions,get_FullyQualifiedName
20029,Functions,get_ModuleVersionId
20030,Functions,get_ScopeName
20034,Functions,GetModuleVersionId
20056,Functions,get_Member
20057,Functions,get_ParameterType
20058,Functions,get_IsIn
20059,Functions,get_IsOptional
20060,Functions,get_IsOut
20061,Functions,get_DefaultValue
20062,Functions,get_HasDefaultValue
20089,Functions,get_PropertyType
20090,Economy;Functions,GetIndexParameters
20091,Functions,GetAccessors
20092,Functions,get_GetMethod
20093,Functions,GetGetMethod
20094,Functions,GetSetMethod
20098,Functions,get_LoaderExceptions
20108,Functions,get_Suffix
20109,Progression;Functions,_rank
20133,Functions,TargetException
20134,Functions,TargetInvocationException
20135,Functions,TargetParameterCountException
20148,Economy,ExplicitLayout
20164,Functions,get_ImplementedInterfaces
20170,Functions,get_TypedValue
20171,Functions,get_IsField
20172,Functions,get_MemberInfo
20181,Functions,get_ArgumentType
20259,Functions,GetSerializationInfo
20266,Functions,get_CodeBase
20267,Functions,get_EscapedCodeBase
20268,Functions,get_MonoAssembly
20270,Functions,GetSimpleName
20271,Functions,GetVersion
20272,Functions,GetFlags
20273,Economy,exportedOnly
20275,Functions,InternalGetType
20277,Functions,GetEntryAssembly
20279,Functions,InternalGetSatelliteAssembly
20284,CombatStats,LoadWithPartialName
20287,Functions,GetModules
20288,Functions,GetModulesInternal
20289,Functions,GetExecutingAssembly
20290,Functions,GetCallingAssembly
20291,Functions,GetManifestResourceNames
20293,Functions,GetManifestResourceInfo
20294,Functions,get_ReflectionOnly
20296,Functions,getResourceModules
20297,Functions,get_IsDynamic
20308,Functions,get_CultureInfo
20311,Functions,GetPublicKeyToken
20312,Functions,get_IsPublicKeyValid
20313,Functions,InternalGetPublicKeyToken
20315,Functions,get_public_token
20320,Functions,GetNativeName
20344,Functions,get_Constructor
20345,Functions,get_ConstructorArguments
20346,Functions,get_NamedArguments
20347,Functions,get_AttributeType
20363,CombatStats,LoadWithPartialNameInternal
20364,Functions,GetAotId
20366,Functions,get_code_base
20367,Functions,get_location
20368,Functions,get_fullname
20370,Functions,GetAotIdInternal
20371,Functions,GetCodeBase
20372,Functions,GetManifestResourceInfoInternal
20373,Functions,GetManifestResourceInternal
20390,Functions,get_event_info
20391,Functions,GetEventInfo
20392,Functions,get_BindingFlags
20393,Functions,GetDeclaringTypeInternal
20394,Functions,get_ReflectedTypeInternal
20395,Functions,GetBindingFlags
20397,Functions,get_metadata_token
20400,Functions,UnsafeGetValue
20405,Functions,GetParentType
20406,Functions,GetValueInternal
20411,Functions,get_method_info
20412,Functions,get_method_attributes
20413,Functions,GetDeclaringType
20414,Functions,GetReturnType
20415,Functions,GetCallingConvention
20416,Functions,get_parameter_info
20417,Functions,GetParametersInfo
20418,Functions,get_retval_marshal
20419,Functions,GetReturnParameterInfo
20424,Functions,GetMethodFromHandleNoGenericCheck
20426,Functions,GetMethodFromHandleInternalType
20428,Functions,GetMethodFromHandleInternalType_native
20429,Functions,get_name
20431,Functions,get_base_method
20432,Functions,GetBaseMethod
20436,Functions,GetPInvoke
20437,Functions,GetDllImportAttributeData
20440,Functions,GetGenericMethodDefinition_impl
20441,Functions,get_core_clr_security_level
20448,Functions,GetGuidInternal
20455,Functions,GetDefaultValueImpl
20457,Functions,get_method
20463,Functions,get_property_info
20465,Functions,getter
20466,Functions,GetterAdapterFrame
20467,Functions,StaticGetterAdapterFrame
20469,Functions,GetPropertyFromHandle
20471,Functions,cached_getter
20472,Functions,GetterAdapter
20473,Functions,Getter`2
20474,Functions,StaticGetter`1
20478,Economy,_keyPairExported
20503,Functions,GetByteWithAllBitsSet
20504,Functions,GetSByteWithAllBitsSet
20505,Functions,GetUInt16WithAllBitsSet
20506,Functions,GetInt16WithAllBitsSet
20507,Functions,GetUInt32WithAllBitsSet
20508,Functions,GetInt32WithAllBitsSet
20509,Functions,GetUInt64WithAllBitsSet
20510,Functions,GetInt64WithAllBitsSet
20511,Functions,GetSingleWithAllBitsSet
20512,Functions,GetDoubleWithAllBitsSet
20580,Functions,get_Zero
20585,Functions,GetOneValue
20586,Functions,GetAllBitsSetValue
20595,Functions,get_IsHardwareAccelerated
20610,Functions,InternalGetCategoryValue
20611,Functions,InternalGetUnicodeCategory
20613,Functions,get_CategoryLevel1Index
20614,Functions,get_CategoryLevel2Index
20615,Functions,get_CategoryLevel3Index
20616,Functions,get_CategoriesValue
20617,Functions,CategoryLevel1Index
20618,Functions,CategoryLevel2Index
20619,Functions,CategoryLevel3Index
20627,Functions,GetCompareInfo
20637,Functions,GetIgnoreCaseHash
20638,Functions,GetHashCodeOfString
20639,Functions,get_UseManagedCollation
20640,Functions,GetCollator
20643,Heroes,internal_index_switch
20644,Heroes,internal_compare_switch
20659,CombatStats,matchLengthPtr
20663,Functions,GetHashCodeOfStringCore
20683,Functions,get_InvalidCultureId
20684,Functions,get_InvalidCultureName
20685,Functions,get_DefaultMessage
20686,Functions,get_FormatedInvalidCultureId
20713,Functions,get_Culture
20714,Functions,get_LanguageName
20715,Functions,internalGetAbbreviatedDayOfWeekNames
20716,Functions,internalGetAbbreviatedDayOfWeekNamesCore
20717,Functions,internalGetDayOfWeekNames
20718,Functions,internalGetDayOfWeekNamesCore
20719,Functions,internalGetAbbreviatedMonthNames
20720,Functions,internalGetAbbreviatedMonthNamesCore
20721,Functions,internalGetMonthNames
20722,Functions,internalGetMonthNamesCore
20726,Functions,get_InvariantInfo
20727,Functions,get_CurrentInfo
20728,Functions,GetInstance
20729,Functions,get_AMDesignator
20730,Functions,get_Calendar
20732,Functions,get_OptionalCalendars
20733,Functions,get_EraNames
20734,Functions,GetEraName
20735,Functions,get_AbbreviatedEraNames
20736,Functions,GetAbbreviatedEraName
20737,Functions,get_AbbreviatedEnglishEraNames
20738,Functions,get_DateSeparator
20739,Functions,get_FullDateTimePattern
20740,Functions,get_LongDatePattern
20741,Functions,get_LongTimePattern
20742,Functions,get_MonthDayPattern
20743,Functions,get_PMDesignator
20744,Functions,get_RFC1123Pattern
20745,Functions,get_ShortDatePattern
20746,Functions,get_ShortTimePattern
20747,Functions,get_SortableDateTimePattern
20748,Functions,get_GeneralShortTimePattern
20749,Functions,get_GeneralLongTimePattern
20750,Functions,get_DateTimeOffsetPattern
20751,Functions,get_TimeSeparator
20752,Functions,get_UniversalSortableDateTimePattern
20753,CombatStats;Functions,get_YearMonthPattern
20754,Functions,get_AbbreviatedDayNames
20755,Functions,get_DayNames
20756,Functions,get_AbbreviatedMonthNames
20757,Functions,get_MonthNames
20758,Functions,get_HasSpacesInMonthNames
20759,Functions,get_HasSpacesInDayNames
20761,Functions,internalGetMonthName
20762,Functions,internalGetGenitiveMonthNames
20763,Functions,internalGetLeapYearMonthNames
20765,Functions,GetAbbreviatedDayName
20769,Functions,GetCombinedPatterns
20770,Functions,GetAllDateTimePatterns
20771,Functions,GetDayName
20772,Functions,GetAbbreviatedMonthName
20773,Functions,GetMonthName
20776,Functions,GetMergedPatterns
20777,CombatStats;Functions,get_AllYearMonthPatterns
20778,Functions,get_AllShortDatePatterns
20779,Functions,get_AllShortTimePatterns
20780,Functions,get_AllLongDatePatterns
20781,Functions,get_AllLongTimePatterns
20782,CombatStats;Functions,get_UnclonedYearMonthPatterns
20783,Functions,get_UnclonedShortDatePatterns
20784,Functions,get_UnclonedLongDatePatterns
20785,Functions,get_UnclonedShortTimePatterns
20786,Functions,get_UnclonedLongTimePatterns
20788,Functions,get_MonthGenitiveNames
20789,Functions,get_FullTimeSpanPositivePattern
20790,Functions,get_FullTimeSpanNegativePattern
20791,Functions,get_FormatFlags
20793,Functions,get_HasForceTwoDigitYears
20794,Functions,get_HasYearMonthAdjustment
20797,Functions,GetJapaneseCalendarDTFI
20798,Functions,GetTaiwanCalendarDTFI
20804,CombatStats,monthPostfix
20816,CombatStats,hashProbe
20848,CombatStats,yearMonthPattern
20851,CombatStats,allYearMonthPatterns
20924,CombatStats,YearMonthPattern
20931,CombatStats,AllYearMonthPatterns
20936,CombatStats,UnclonedYearMonthPatterns
20977,Functions,get_KnownWords
20986,Functions,GetDateWordsOfDTFI
20990,Functions,GetFormatFlagGenitiveMonth
20991,Functions,GetFormatFlagUseSpaceInMonthNames
20993,Functions,GetFormatFlagUseSpaceInDayNames
20995,Functions,GetFormatFlagUseHebrewCalendar
21005,CombatStats,FoundMonthPatternFlag
21062,Economy,AllowExponent
21063,Economy,AllowCurrencySymbol
21079,Functions,get_Start
21080,Functions,get_DayHourSep
21081,Functions,get_HourMinuteSep
21082,Functions,get_MinuteSecondSep
21083,Functions,get_SecondFractionSep
21084,Functions,get_End
21124,Functions,get_EOL
21126,Functions,get_NextChar
21129,Functions,get_PositiveInvariant
21130,Functions,get_NegativeInvariant
21131,Functions,get_PositiveLocalized
21132,Functions,get_NegativeLocalized
21200,CombatStats,DashPunctuation
21207,Economy,CurrencySymbol
21212,Functions,get_Invariant
21213,Functions,GetGlobalizationInvariantMode
21215,Functions,get_MinSupportedDateTime
21216,Functions,get_MaxSupportedDateTime
21217,Functions,get_ID
21218,Functions,get_BaseCalendarID
21222,Functions,get_CurrentEraValue
21223,Functions,GetDayOfMonth
21224,Functions,GetDayOfWeek
21225,Functions,GetDayOfYear
21226,Functions,GetDaysInMonth
21227,Functions,GetDaysInYear
21228,Functions,GetEra
21229,Functions,get_Eras
21230,Functions,GetMonth
21231,Functions,GetMonthsInYear
21232,Functions,GetFirstDayWeekOfYear
21234,Functions,GetWeekOfYearFullDays
21236,Functions,GetWeekOfYearOfMinSupportedDateTime
21237,Functions,get_DaysInYearBeforeMinSupportedYear
21238,Functions,GetWeekOfYear
21239,Functions,GetYear
21244,Functions,get_TwoDigitYearMax
21249,Functions,GetSystemTwoDigitYearSetting
21263,Functions,GetJapaneseEraNames
21264,Functions,GetJapaneseEnglishEraNames
21266,Functions,GetCalendarData
21268,Functions,nativeGetTwoDigitYearMax
21269,Functions,nativeGetCalendarData
21294,Functions,GetDefaultInstance
21295,Functions,GetAbsoluteDate
21310,Functions,get_MaxYear
21312,Functions,GetYearOffset
21313,Functions,GetGregorianYear
21314,Heroes;CombatStats,CheckTicksRange
21329,Functions,GetAbsoluteDateHijri
21332,Functions,get_HijriAdjustment
21333,Functions,GetAdvanceHijriDate
21334,Heroes;CombatStats,CheckEraRange
21335,Heroes;CombatStats,CheckYearRange
21336,Heroes;CombatStats,CheckYearMonthRange
21344,Functions,GetEraInfo
21345,Functions,GetErasFromRegistry
21350,Economy;Functions,get_CurrencyDecimalDigits
21351,Economy;Functions,get_CurrencyDecimalSeparator
21352,Economy;Functions,get_CurrencyGroupSizes
21353,Functions,get_NumberGroupSizes
21354,Functions,get_PercentGroupSizes
21355,Economy;Functions,get_CurrencyGroupSeparator
21356,Economy;Functions,get_CurrencySymbol
21357,Functions,get_NaNSymbol
21359,Economy;Functions,get_CurrencyNegativePattern
21360,Functions,get_NumberNegativePattern
21361,Functions,get_PercentPositivePattern
21362,Functions,get_PercentNegativePattern
21363,Functions,get_NegativeInfinitySymbol
21364,Functions,get_NegativeSign
21365,Functions,get_NumberDecimalDigits
21366,Functions,get_NumberDecimalSeparator
21367,Functions,get_NumberGroupSeparator
21368,Economy;Functions,get_CurrencyPositivePattern
21369,Functions,get_PositiveInfinitySymbol
21370,Functions,get_PositiveSign
21371,Functions,get_PercentDecimalDigits
21372,Functions,get_PercentDecimalSeparator
21373,Functions,get_PercentGroupSeparator
21374,Functions,get_PercentSymbol
21375,Functions,get_PerMilleSymbol
21380,Economy,currencyGroupSizes
21385,Economy,currencyGroupSeparator
21386,Economy,currencyDecimalSeparator
21387,Economy,currencySymbol
21388,Economy,ansiCurrencySymbol
21399,Economy,currencyDecimalDigits
21400,Economy,currencyPositivePattern
21401,Economy,currencyNegativePattern
21411,Economy,validForParseAsCurrency
21413,Economy,CurrencyDecimalDigits
21414,Economy,CurrencyDecimalSeparator
21415,Economy,CurrencyGroupSizes
21418,Economy,CurrencyGroupSeparator
21420,Economy,CurrencyNegativePattern
21429,Economy,CurrencyPositivePattern
21438,Functions,get_Indexes
21440,Functions,get_LengthInTextElements
21443,Functions,GetCurrentTextElementLen
21454,Functions,get_IsAsciiCasingSameAsInvariant
21474,Functions,GetAbsoluteDateUmAlQura
21476,Functions,RealGetDaysInYear
21498,Functions,get_OriginalString
21499,Functions,get_KeyData
21505,Functions,GetCultureData
21515,Functions,GetCalendar
21516,Functions,get_LongTimes
21517,Functions,get_ShortTimes
21518,Functions,get_SISO639LANGNAME
21519,Functions,get_IFIRSTDAYOFWEEK
21520,Functions,get_IFIRSTWEEKOFYEAR
21521,Functions,get_SAM1159
21522,Functions,get_SPM2359
21523,Functions,get_CalendarIds
21524,Functions,GetCalendarIds
21525,Functions,get_IsInvariantCulture
21526,Functions,get_SCOMPAREINFO
21527,Functions,get_STEXTINFO
21528,Functions,get_UseUserOverride
21537,Functions,GetDateSeparator
21539,Functions,GetSeparator
21547,Functions,GetNFIValues
21580,Economy,currency_decimal_digits
21581,Economy,currency_decimal_separator
21582,Economy,currency_group_separator
21583,Economy,currency_group_sizes0
21584,Economy,currency_group_sizes1
21585,Economy,currency_negative_pattern
21586,Economy,currency_positive_pattern
21587,Economy,currency_symbol
21611,Functions,GetNumEncodingItems
21613,Functions,internalGetCodePageFromName
21614,Functions,GetCodePageFromName
21615,Functions,GetCodePageDataItem
21626,Heroes;CombatStats,range_00e0_0586
21627,Heroes;CombatStats,range_1e01_1ff3
21628,Heroes;CombatStats,range_2170_2184
21629,Heroes;CombatStats,range_24d0_24e9
21630,Heroes;CombatStats,range_2c30_2ce3
21631,Heroes;CombatStats,range_2d00_2d25
21632,Heroes;CombatStats,range_a641_a697
21633,Heroes;CombatStats,range_a723_a78c
21635,Heroes;CombatStats,range_00c0_0556
21636,Heroes;CombatStats,range_10a0_10c5
21637,Heroes;CombatStats,range_1e00_1ffc
21638,Heroes;CombatStats,range_2160_216f
21639,Heroes;CombatStats,range_24b6_24cf
21640,Heroes;CombatStats,range_2c00_2c2e
21641,Heroes;CombatStats,range_2c60_2ce2
21642,Heroes;CombatStats,range_a640_a696
21643,Heroes;CombatStats,range_a722_a78b
21644,Functions,get__cultureData
21645,Functions,get__isInherited
21646,Functions,get_InvariantCulture
21649,Functions,get_Territory
21650,Functions,get__name
21651,Functions,get_LCID
21652,Functions,get_Parent
21653,Functions,get_TextInfo
21654,Functions,GetCultures
21655,Functions,GetTextInfoData
21656,Functions,get_IsNeutralCulture
21658,Functions,get_NumberFormat
21660,Functions,get_DateTimeFormat
21662,Functions,get_EnglishName
21666,Functions,get_current_locale_name
21670,Functions,internal_get_cultures
21675,Functions,GetCultureInfo
21680,Functions,get_CalendarType
21684,Functions,get_DefaultThreadCurrentCulture
21685,Functions,get_DefaultThreadCurrentUICulture
21686,Functions,get_SortName
21687,Functions,get_UserDefaultUICulture
21688,Functions,get_UserDefaultCulture
21694,Functions,GetCultureInfoForUserPreferredLanguageInAppX
21696,Functions,get_HasInvariantCultureName
21748,Functions,GetAscii
21756,Functions,GetUnicode
21779,Functions,get_CurrentRegion
21780,Functions,GetByTerritory
21782,Economy;Functions,get_CurrencyEnglishName
21783,Functions,get_GeoId
21784,Functions,get_IsMetric
21785,Economy;Functions,get_ISOCurrencySymbol
21786,Functions,get_NativeName
21787,Economy;Functions,get_CurrencyNativeName
21788,Functions,get_ThreeLetterISORegionName
21789,Functions,get_ThreeLetterWindowsRegionName
21790,Functions,get_TwoLetterISORegionName
21799,Economy,isoCurrencySymbol
21800,Economy,currencyEnglishName
21801,Economy,currencyNativeName
21803,Economy,CurrencyEnglishName
21806,Economy,ISOCurrencySymbol
21808,Economy,CurrencyNativeName
21842,Functions,get_frame_info
21845,Functions,GetFileLineNumber
21846,Functions,GetFileName
21847,Functions,GetSecureFileName
21848,Functions,GetILOffset
21849,Functions,GetNativeOffset
21850,Functions,GetMethodAddress
21851,Functions,GetMethodIndex
21852,Functions,GetInternalMethodName
21861,Functions,get_trace
21862,Functions,get_FrameCount
21863,Functions,GetFrame
21868,Functions,GetFullNameForStackTrace
21882,Functions,EventLevel
21885,CombatStats,Critical
21909,Functions,set_Level
21915,Functions,<Level>k__BackingField
21921,Functions,Level
21961,Functions,GetPrime
21963,Economy,ExpandPrime
21964,Functions,get_SerializationInfoTable
21994,Functions,get_HashCodeProvider
21995,Functions,get_Comparer
22002,Functions,get_InnerList
22003,Functions,get_List
22030,Functions,GetByIndex
22031,Functions,GetKey
22032,Functions,GetKeyList
22033,Functions,GetValueList
22042,Functions,getObjRetType
22044,Functions,_getObjectRetType
22053,Functions,GetArrayLength
22060,Heroes;CombatStats,AddRange
22061,Heroes;CombatStats,InsertRange
22062,Heroes;CombatStats,RemoveRange
22079,Economy,expand
22081,Functions,UpdateVersion
22111,Functions,GetCount
22115,Functions,GetItemWhenAvailable
22122,Functions,get_FreezeOffset
22146,Economy;Functions,concurrencyLevel
22152,Functions,TryGetValueInternal
22157,Functions,updateIfExists
22162,Functions,GetCountInternal
22163,Functions,GetOrAdd
22185,Functions,GetBucket
22188,Functions,GetBucketAndLockNo
22189,Economy;Functions,get_DefaultConcurrencyLevel
22194,Functions,GetKeys
22198,Functions,_budget
22200,Economy;Functions,_serializationConcurrencyLevel
22211,Economy;Functions,DefaultConcurrencyLevel
22221,Functions,<GetEnumerator>d__35
22227,Bosses,IProducerConsumerCollectionDebugView`1
22229,CombatStats,keysOrderedInEachPartition
22232,Functions,GetOrderableDynamicPartitions
22233,CombatStats,set_KeysOrderedInEachPartition
22236,Functions,GetDynamicPartitions
22237,CombatStats,<KeysOrderedInEachPartition>k__BackingField
22240,CombatStats,KeysOrderedInEachPartition
22246,Functions,get_SupportsDynamicPartitions
22252,Functions,GetDefaultChunkSize
22259,Functions,get_HasNoElementsLeft
22298,Functions,get_Items
22307,Functions,get_Dictionary
22308,Functions,GetKeyForItem
22356,Functions,getEnumeratorRetType
22360,Functions,_getEnumeratorRetType
22407,Functions,LowLevelDictionary`2
22408,Economy,ExpandBuckets
22424,Functions,LowLevelList`1
22425,Functions,LowLevelListWithIList`1
22457,Functions,get_Shared
22482,Functions,get_Pointer
22485,Functions,GetSpan
22491,Functions,GetMemoryPressure
22492,Functions,GetTrimBuffers
22511,Functions,GetMaxSizeForBucket
22529,Functions,GetStreamIsClosed
22530,Functions,GetEndOfFile
22531,Functions,GetReadNotSupported
22532,Functions,GetWriteNotSupported
22536,Functions,get_FusionLog
22561,Functions,InternalGetBuffer
22562,Functions,InternalGetPosition
22567,Economy,_expandable
22569,Economy,_exposable
22573,Functions,GetRootLength
22579,Functions,get_IsCaseSensitive
22580,Functions,GetIsCaseSensitive
22594,Functions,get_CurrentEncoding
22595,Functions,get_BaseStream
22596,Functions,get_LeaveOpen
22597,Functions,get_EndOfStream
22636,Functions,get_UTF8NoBOM
22659,Functions,get_FormatProvider
22671,Functions,get_PositionPointer
22679,CombatStats,searchPattern
22680,Functions,GetFiles
22683,Functions,searchTarget
22685,Functions,InternalGetDirectoryRoot
22686,Functions,GetCurrentDirectory
22687,Functions,InsecureGetCurrentDirectory
22692,Functions,get_Compatible
22693,Functions,get_CompatibleRecursive
22695,Functions,get_RecurseSubdirectories
22697,Functions,get_IgnoreInaccessible
22699,Functions,get_AttributesToSkip
22701,Functions,get_MatchType
22703,Functions,get_MatchCasing
22704,Functions,get_ReturnSpecialDirectories
22740,Functions,get_InitiallyDirectory
22758,Functions,SearchTarget
22766,Bosses,EnsureShadowBufferAllocated
22807,Functions,get_CanTimeout
22808,Functions,get_ReadTimeout
22810,Functions,get_WriteTimeout
22860,Functions,<get_AsyncWaitHandle>b__12_0
22886,Functions,GetDisplayablePath
22915,Functions,get_SafeFileHandle
22916,Economy,ExposeHandle
22934,Economy,isExposed
22957,Functions,GetFileType
22958,Functions,get_ConsoleOutput
22959,Functions,get_ConsoleInput
22960,Functions,get_ConsoleError
22961,Functions,get_VolumeSeparatorChar
22962,Functions,get_DirectorySeparatorChar
22963,Functions,get_AltDirectorySeparatorChar
22964,Functions,get_PathSeparator
23001,Heroes;CombatStats,ERROR_FILENAME_EXCED_RANGE
23015,Functions,GetDirectoryName
23016,Functions,GetExtension
23017,Functions,GetFileNameWithoutExtension
23018,Functions,GetFullPath
23019,Functions,GetFullPathInternal
23020,Functions,InsecureGetFullPath
23021,Functions,GetPathRoot
23022,Functions,GetTempPath
23023,Functions,get_temp_path
23026,Functions,GetInvalidFileNameChars
23027,Functions,GetInvalidPathChars
23053,Progression,InternalWriteChar
23054,Progression,InternalWriteChars
23063,Functions,get_FullPath
23064,Functions,get_Directory
23066,Functions,get_RootDirectory
23068,Functions,get_OriginalRootDirectory
23070,Functions,get_IsDirectory
23086,Functions,get_ShouldIncludePredicate
23088,Functions,get_ShouldRecursePredicate
23101,Economy,expression
23137,Economy,TranslateWin32Expression
23138,Economy,MatchesWin32Expression
23139,Economy,MatchesSimpleExpression
23140,WavePerks,useExtendedWildcards
23141,CombatStats,MatchPattern
23142,WavePerks,s_wildcardChars
23143,WavePerks,s_simpleWildcardChars
23338,Functions,TryGetAtlas
23343,Functions,OnUpdateDynamicTextures
23346,Functions,InvokeUpdateDynamicTextures
23358,Functions,get_isInitialized
23366,Functions,get_defaultFilters
23368,Functions,get_maxSubTextureSize
23396,Functions,get_addedOrMovedElements
23397,Functions,get_removedFromPanel
23398,Functions,get_styleChanged
23399,Functions,get_stylingContextChanged
23400,Functions,get_bindingContextChanged
23412,Functions,VisualTreeAuthoringUpdater
23413,Functions,get_profilerMarker
23414,Functions,get_shouldUpdate
23415,Functions,versionChangeType
23421,Functions,s_UpdateProfilerMarker
23422,Progression;Functions,s_UpdateChangeProfilerMarker
23433,Functions,shouldUpdate
23460,Functions,get_sizeType
23462,Functions,get_x
23464,Functions,get_y
23472,Functions,get_binding
23483,Functions,logLevel
23484,Functions,SetGlobalLogLevel
23485,Functions,GetGlobalLogLevel
23486,Functions,SetPanelLogLevel
23487,Functions,GetPanelLogLevel
23488,Functions,ResetPanelLogLevel
23489,Functions,get_isDirty
23490,Functions,get_updateTrigger
23491,Functions,set_updateTrigger
23497,Functions,k_UpdateTriggerTooltip
23499,Functions,m_UpdateTrigger
23502,Functions,updateTrigger
23503,Functions,BindingUpdateTrigger
23506,Functions,EveryUpdate
23508,Functions,m_TargetElement
23511,Functions,get_targetElement
23512,Functions,get_bindingId
23513,Functions,get_dataSourcePath
23514,Functions,get_dataSource
23515,Functions,targetElement
23526,Functions,get_status
23527,Functions,get_message
23530,Functions,BindingTarget
23531,Functions,BindingUpdater
23539,Functions,UpdateSource
23540,Functions,UpdateDataSource
23541,Functions,TryUpdateUIWithNonContainer
23547,Functions,GetVisitationErrorString
23548,Functions,GetExtractValueErrorString
23549,Functions,GetRootDataSourceError
23553,Functions,get_Binding
23555,Functions,get_bindingContext
23557,Functions,get_result
23566,Functions,get_direction
23571,Functions,get_registry
23587,Functions,get_updateUIMethod
23590,Functions,get_dataSourceType
23593,Functions,get_bindingMode
23595,Functions,get_sourceToUiConverters
23596,Functions,get_uiToSourceConverters
23601,Functions,targetPath
23603,Functions,GetSetValueErrorString
23604,Functions,s_UpdateUIMethodInfo
23611,Functions,updateUIMethod
23619,Functions,ToTarget
23620,Functions,ToTargetOnce
23621,Functions,BindingLogLevel
23624,Functions,get_logLevel
23625,Functions,set_logLevel
23626,Functions,ResetLogLevel
23627,Functions,GetTrackedDataSourcesCount
23628,Functions,TryGetLastVersion
23631,Functions,TryGetLastUIBindingResult
23633,Functions,TryGetLastSourceBindingResult
23634,Functions,GetResolvedDataSourceContext
23635,Functions,GetBoundElementsCount
23636,Functions,GetBoundElements
23638,Functions,GetChangedDetectedFromUI
23639,Functions,GetChangedDetectedFromSource
23641,Functions,GetBindingData
23642,Functions,TryGetBindingData
23653,Functions,TryGetBindingRequest
23657,Functions,GetPooledBindingData
23662,Functions,globalLogLevel
23663,Functions,m_LogLevel
23676,Functions,GetBindings
23677,Functions,GetBindingCount
23681,Functions,get_localDataSource
23686,Functions,m_SourceToUILastUpdate
23687,Functions,m_UIToSourceLastUpdate
23691,Functions,GetTrackedElementsCount
23693,Functions,TryGetBindingCollection
23708,Functions,get_boundElements
23710,Functions,get_results
23719,Functions,GetPooledSourceInfo
23726,Functions,GetChangesFromSource
23730,Functions,GetHierarchicalDataSourceContext
23742,Functions,get_lastVersion
23744,Functions,get_refCount
23746,Functions,get_detectedChanges
23747,Functions,get_detectedChangesNoAlloc
23769,Functions,<targetElement>k__BackingField
23774,Functions,TryGetBinding
23788,CombatStats,IDataSourceViewHashProvider
23789,Functions,GetViewHashCode
23792,Functions,get_propertyName
23799,Functions,VisualTreeBindingsUpdater
23800,Functions,get_disableBindingsThrottling
23801,Functions,GetBindingObjectFromElement
23804,Functions,get_temporaryObjectCache
23805,Functions,GetAdditionalBinding
23811,Functions,UpdateBindings
23817,Functions,s_MarkerUpdate
23823,Functions,m_LastUpdateTime
23826,Functions,updatedBindings
23829,Functions,BindingUpdateStage
23830,Functions,VisualTreeDataBindingsUpdater
23831,Functions,get_bindingManager
23835,Functions,GetDataSourceVersion
23838,Functions,ranUpdate
23842,Functions,s_ShouldUpdateBindingProfilerMarker
23843,Functions,s_UpdateBindingProfilerMarker
23844,Functions,m_Updater
23851,Functions,m_RanUpdate
23863,Functions,get_dragDirection
23866,Functions,get_startMousePosition
23868,Functions,get_delta
23887,Functions,get_s_DoubleClickTime
23899,Functions,m_Target
23908,Functions,get_active
23910,Functions,get_lastMousePosition
23912,Functions,get_acceptClicksIfDisabled
23914,Functions,get_invokePolicy
23919,Functions,RegisterCallbacksOnTarget
23920,Functions,UnregisterCallbacksFromTarget
23949,Functions,get_baseListView
23980,Functions,get_baseTreeView
23981,Economy,add_itemExpandedChanged
23982,Economy,remove_itemExpandedChanged
23983,Functions,get_hierarchy
23986,Functions,get_itemsSource
23989,Functions,GetAllItemIds
23990,Functions,GetParentId
23991,Functions,GetChildrenIds
23998,Economy,isExpanded
24000,Economy,RaiseItemExpandedChanged
24002,Functions,GetIndexForId
24003,Functions,GetIdForIndex
24006,Functions,GetChildrenIdsByIndex
24007,Functions,GetChildIndexForId
24008,Functions,GetIndentationDepth
24009,Functions,GetIndentationDepthByIndex
24010,Economy,CanChangeExpandedState
24011,Economy,IsExpanded
24012,Economy,IsExpandedByIndex
24013,Economy,expandAllChildren
24015,Economy,ExpandItemByIndex
24016,Economy,ExpandItem
24020,Economy,ExpandItemByNode
24022,Economy;Functions,GetExpandedItemIds
24031,Functions,UpdateIdToNodeDictionary
24036,Functions,UpdateSortOrder
24037,Functions,OnViewDataReadyUpdateNodes
24038,Functions,UpdateHierarchy
24039,Functions,GetHierarchyNodeById
24040,Functions,GetHierarchyNodeByIndex
24046,Economy,itemExpandedChanged
24047,Economy,K_ExpandItemByIndex
24051,Functions,<GetAllItemIds>d__23
24065,Functions,<GetChildrenIds>d__25
24071,Functions,<GetChildrenIdsByIndex>d__41
24081,Functions,get_view
24085,Functions,GetItemsCount
24086,Functions,GetItemsMinCount
24087,Functions,GetItemForIndex
24101,Functions,get_treeDataController
24114,Functions,get_listView
24117,Functions,get_columnController
24119,Functions,UpdateReorderClassList
24124,Functions,GetDataForNode
24126,Functions,updateDictionary
24128,Functions,UpdateNodeToDataDictionary
24134,Functions,get_treeView
24137,Functions,get_firstVisibleIndex
24139,Functions,get_visibleItemCount
24144,Functions,GetIndexFromPosition
24145,Economy;Functions,GetExpectedItemHeight
24146,Economy;Functions,GetExpectedContentHeight
24147,Functions,leafTarget
24151,Functions,UpdateBackground
24152,Functions,get_activeItems
24162,Economy;Functions,get_defaultExpectedHeight
24163,Functions,get_contentPadding
24165,Functions,get_contentHeight
24167,Functions,get_anchoredIndex
24169,Functions,get_anchorOffset
24171,Functions,get_viewportMaxOffset
24172,Functions,get_alwaysRebindOnRefresh
24176,Functions,OnScrollUpdate
24182,Functions,UpdateScrollViewContainer
24184,Functions,ApplyScrollViewUpdate
24185,Functions,UpdateAnchor
24189,Functions,GetFirstVisibleItem
24191,Functions,GetContentHeightForIndex
24192,Functions,GetCachedContentHeight
24198,Functions,UpdateRegisteredHeight
24201,Functions,GetOrMakeItemAtIndex
24209,Functions,<GetContentHeightForIndex>g__GetContentHeightFromCachedHeight|67_0
24232,Economy,defaultExpectedHeight
24249,Functions,get_resolvedItemHeight
24254,Functions,get_rootElement
24255,Functions,get_bindableElement
24257,Functions,get_animator
24259,Functions,get_index
24261,Functions,get_id
24263,Functions,get_isDragGhost
24290,Functions,UpdateDragHandle
24304,Functions,get_indentWidth
24305,Economy,InitExpandHierarchy
24307,Economy,expanded
24308,Economy,SetExpandedWithoutNotify
24312,Functions,UpdateIndentLayout
24327,Functions,get_itemsCount
24328,Functions,get_firstVisibleItem
24329,Functions,get_lastVisibleItem
24330,Functions,get_serializedData
24341,Functions,GetDraggedIndex
24367,Functions,get_displayMenuHandledOSX
24392,Functions,get_toggleOnLabelClick
24394,Functions,get_toggleOnTextClick
24397,Functions,get_text
24404,Functions,UpdateMixedValueContent
24418,Functions,GetSpacer
24419,Functions,get_fields
24421,Functions,get_isDelayed
24424,Functions,UpdateDisplay
24428,Functions,m_ShouldUpdateDisplay
24429,Functions,m_ForceUpdateDisplay
24455,Functions,get_showBoundCollectionSize
24457,Functions,get_showFoldoutHeader
24462,Functions,get_headerTitle
24464,Functions,get_makeHeader
24466,Functions,get_makeFooter
24468,Functions,get_showAddRemoveFooter
24471,Functions,get_trackItemCount
24472,Functions,get_trackCount
24473,Functions,get_untilManualBindingSourceSelectionMode
24474,Functions,get_bindingSourceSelectionMode
24476,Functions,get_autoAssignSource
24478,Functions,UpdateRemoveButton
24479,Functions,UpdateArraySizeField
24480,Functions,UpdateListViewLabel
24485,Functions,get_footer
24486,Functions,get_viewController
24495,Functions,get_reorderMode
24497,Functions,get_makeNoneElement
24499,Functions,get_allowAdd
24501,Functions,get_overridingAddButtonBehavior
24503,Functions,get_onAdd
24505,Functions,get_allowRemove
24507,Functions,get_onRemove
24516,Functions,<get_trackCount>b__65_0
24517,Functions,<get_untilManualBindingSourceSelectionMode>b__68_0
24607,Functions,get_textElement
24608,Functions,GetValueToDisplay
24609,Functions,GetListItemToDisplay
24611,Functions,get_choices
24643,Functions,get_dragContainer
24645,Functions,get_dragElement
24647,Functions,get_trackElement
24649,Functions,get_dragBorderElement
24651,Functions,get_inputTextField
24653,Functions,get_fillElement
24655,Heroes;Functions,get_canSwitchToMixedValue
24656,Functions,get_lowValue
24658,Functions,get_highValue
24662,Heroes;CombatStats;Functions,get_range
24663,Functions,get_pageSize
24665,Functions,get_showInputField
24667,Functions,get_fill
24669,Functions,get_clamped
24671,Functions,get_clampedDragger
24675,Functions,GetClampedValue
24683,Functions,get_inverted
24687,Functions,GetClosestPowerOfTen
24696,Heroes;CombatStats,SliderRange
24715,Functions,UpdateDragElementPosition
24719,Functions,UpdateFill
24722,Functions,UpdateTextFieldVisibility
24723,Functions,UpdateTextFieldValue
24729,Heroes;CombatStats,rangeProperty
24769,Heroes,canSwitchToMixedValue
24785,Economy,TreeViewExpansionChangedArgs
24786,Economy,set_isExpanded
24788,Economy,<isExpanded>k__BackingField
24792,Economy,OnItemExpandedChanged
24793,Economy;Functions,get_autoExpand
24794,Economy,set_autoExpand
24795,Economy;Functions,get_expandedItemIds
24796,Economy,set_expandedItemIds
24797,Functions,get_customIdent
24803,Functions,GetItemIndex
24805,Economy,expandAll
24807,Economy,autoExpandProperty
24814,Economy,m_AutoExpand
24815,Economy,m_ExpandedItemIds
24817,Economy,autoExpand
24818,Economy,expandedItemIds
24830,Functions,BaseVerticalCollectionView
24833,Functions,RaiseSetupDragAndDrop
24838,Functions,get_contentContainer
24839,Functions,get_selectionType
24841,Functions,get_selectedItem
24842,Functions,get_selectedItems
24843,Functions,get_selectedIndex
24845,Functions,get_selectedIndices
24846,Functions,get_selectedIds
24847,Functions,get_scrollView
24848,Functions,get_dragger
24849,Functions,get_virtualizationController
24851,Functions,get_showBorder
24853,Functions,get_reorderable
24855,Functions,get_horizontalScrollingEnabled
24857,Functions,get_showAlternatingRowBackgrounds
24859,Functions,get_virtualizationMethod
24861,Functions,get_fixedItemHeight
24863,Functions,get_isRebuildScheduled
24864,Functions,GetOrCreateVirtualizationController
24865,Functions,GetOrCreateViewController
24871,Functions,GetRootElementForId
24890,Heroes;CombatStats,rangeSelectionFinalIndex
24891,Heroes;CombatStats,DoRangeSelection
24916,Economy,selectedIndexProperty
24931,Functions,setupDragAndDrop
24932,Functions,dragAndDropUpdate
24950,Heroes;CombatStats,m_RangeSelectionDirection
24992,Functions,get_indexCount
24993,Functions,get_idCount
24994,Functions,get_minIndex
24995,Functions,get_maxIndex
24996,Functions,get_capacity
25016,Heroes;CombatStats,RangeSelectionDirection
25022,Functions,<GetRootElementForId>b__0
25026,Functions,<get_selectedItems>d__88
25032,Functions,PreUpdate
25057,Functions,get_clickable
25059,Heroes;Functions,get_iconImage
25060,Heroes,set_iconImage
25062,Functions,UpdateButtonHierarchy
25064,Heroes,iconImageProperty
25067,Heroes,imageUSSClassName
25068,Heroes,m_ImageElement
25069,Heroes,m_IconImage
25105,Functions,get_doubleInput
25113,Functions,get_parentDoubleField
25114,Functions,get_allowedCharacters
25126,Functions,get_includeObsoleteValues
25128,Functions,UpdateValueLabel
25141,Functions,get_floatInput
25142,Functions,UpdateValueFromText
25145,Functions,get_parentFloatField
25148,Functions,get_toggle
25149,Functions,get_focusable
25172,Functions,get_isSingleSelectionDropdown
25174,Functions,get_closeOnParentResize
25176,Functions,giveFocusBack
25179,Functions,UpdateSelection
25181,Functions,GetSelectedIndex
25185,Functions,OnTargetElementDetachFromPanel
25189,Functions,GetLargestItemWidth
25190,Functions,<Apply>g__UpdateSelectionDown|56_0
25191,Functions,<Apply>g__UpdateSelectionUp|56_1
25206,Functions,m_ShownAboveTarget
25222,Functions,UpdateTextFromValue
25225,Functions,HelpBoxMessageType
25227,Functions,get_messageType
25228,Functions,set_messageType
25229,Functions,messageType
25230,Functions,GetIconClass
25231,Functions,UpdateIcon
25232,Functions,messageTypeProperty
25236,Functions,m_HelpBoxMessageType
25239,Functions,m_MessageType
25245,Functions,get_source
25247,Heroes;Functions,get_image
25248,Heroes,set_image
25249,Functions,get_sprite
25251,Heroes;Functions,get_vectorImage
25252,Heroes,set_vectorImage
25253,Functions,get_sourceRect
25255,Functions,get_uv
25257,Functions,get_scaleMode
25259,Functions,get_tintColor
25261,Functions,GetTextureDisplaySize
25272,Functions,CalculateUV
25273,Functions,GetSourceRect
25275,Heroes,imageProperty
25277,Heroes,vectorImageProperty
25283,Heroes,m_Image
25286,Heroes,m_ImageIsInline
25289,Heroes,s_ImageProperty
25291,Heroes,s_VectorImageProperty
25294,Heroes,image
25295,Heroes,vectorImage
25300,Functions,get_editingStarted
25301,Functions,get_editingEnded
25307,Functions,get_visualInput
25309,Functions,get_rawValue
25313,Functions,get_dispatchMode
25315,Functions,get_labelElement
25317,Functions,get_label
25319,Functions,get_showMixedValue
25321,Functions,get_mixedValueLabel
25343,CombatStats,s_LabelBaseMinWidthProperty
25348,Economy,expressionEvaluated
25375,Functions,UpdateLabel
25380,Functions,m_ShouldInvokeUpdateValue
25383,Functions,get_textInput
25384,Functions,get_multiline
25394,Functions,get_parentTextField
25399,Functions,get_placeholderText
25401,Functions,get_hidePlaceholderOnFocus
25404,Functions,get_textInputBase
25405,Functions,get_textSelection
25406,Functions,get_textEdition
25407,Functions,get_onIsReadOnlyChanged
25409,Functions,get_isReadOnly
25411,Functions,get_isPasswordField
25413,Functions,get_autoCorrection
25415,Functions,get_hideSoftKeyboard
25417,Functions,get_hideMobileInput
25419,Functions,get_keyboardType
25421,Functions,get_maxLength
25423,Functions,get_maskChar
25425,Functions,get_cursorIndex
25427,Functions,get_cursorPosition
25428,Functions,get_selectIndex
25430,Functions,get_selectAllOnFocus
25432,Functions,get_selectAllOnMouseUp
25434,Functions,get_doubleClickSelectsWord
25436,Functions,get_tripleClickSelectsLine
25438,Functions,get_emojiFallbackSupport
25440,Functions,get_verticalScrollerVisibility
25443,Functions,UpdatePlaceholderClassList
25455,Economy,cursorIndexProperty
25457,Economy,selectIndexProperty
25460,CombatStats,maxLengthProperty
25475,Functions,m_UpdateTextFromValue
25512,Functions,get_originalText
25520,Functions,GetDefaultValueType
25522,Functions,UpdateScrollOffset
25525,Functions,GetScrollOffset
25547,Functions,get_Frame
25552,Functions,UpdateStringPositionFromKeyboard
25564,Functions,get_integerInput
25567,Functions,get_parentIntegerField
25571,Functions,get_makeItem
25573,Functions,get_itemTemplate
25576,Functions,get_bindItem
25578,Functions,get_unbindItem
25580,Functions,get_destroyItem
25599,Functions,get_longInput
25602,Functions,get_parentLongField
25607,Functions,get_dragMinThumb
25609,Functions,get_dragMaxThumb
25611,Functions,get_minValue
25613,Functions,get_maxValue
25615,Functions,get_lowLimit
25617,Functions,get_highLimit
25625,Functions,GetNavigationState
25671,Functions,get_title
25673,Functions,get_icon
25675,Functions,get_comparison
25676,Functions,get_displayIndex
25677,Functions,get_visibleIndex
25678,Functions,get_visible
25680,Functions,get_width
25682,Functions,get_minWidth
25684,Functions,get_maxWidth
25686,Functions,get_desiredWidth
25688,Functions,get_sortable
25690,Functions,get_stretchable
25692,Functions,get_optional
25694,Functions,get_resizable
25696,Functions,get_headerTemplate
25698,Functions,get_cellTemplate
25700,Functions,get_bindHeader
25701,Functions,get_unbindHeader
25702,Functions,get_destroyHeader
25703,Functions,get_makeCell
25705,Functions,get_bindCell
25706,Functions,get_unbindCell
25707,Functions,get_destroyCell
25708,Functions,get_collection
25717,Functions,GetWidth
25718,Functions,GetMaxWidth
25719,Functions,GetMinWidth
25724,CombatStats,widthProperty
25725,CombatStats,minWidthProperty
25726,CombatStats,maxWidthProperty
25787,Functions,get_columns
25788,Functions,get_columnsWidth
25789,Functions,get_layoutWidth
25790,Functions,get_minColumnsWidth
25791,Functions,get_maxColumnsWidth
25792,Functions,get_hasStretchableColumns
25793,Functions,get_hasRelativeWidthColumns
25800,Functions,RequiresLayoutUpdate
25816,CombatStats,RecomputeToMaxWidthProportionally
25817,CombatStats,RecomputeToMinWidthProportionally
25826,Functions,GetDesiredPosition
25827,Functions,GetDesiredWidth
25831,Functions,UpdateCache
25832,Functions,UpdateMinAndMaxColumnsWidth
25836,CombatStats,<RecomputeToMaxWidthProportionally>b__54_0
25837,CombatStats,<RecomputeToMinWidthProportionally>b__55_0
25865,CombatStats,<RecomputeToMaxWidthProportionally>b__1
25868,CombatStats,<RecomputeToMinWidthProportionally>b__1
25875,Functions,get_primaryColumnName
25877,Functions,get_resizePreview
25879,Functions,get_displayList
25880,Functions,get_visibleList
25881,Functions,get_stretchMode
25898,Functions,UpdateVisibleColumns
25919,Functions,<UpdateVisibleColumns>b__87_0
25927,Functions,get_header
25928,Functions,get_sortingMode
25938,Functions,UpdateContentContainer
25940,Functions,UpdateDragger
25944,Functions,GetSourceIndex
25945,Functions,GetSortedIndex
25946,Functions,GetIndexFromList
25969,Functions,get_sortColumnDescriptions
25985,Functions,get_columnName
25987,Functions,get_columnIndex
25989,Functions,get_column
25994,Economy,columnIndexProperty
26004,Economy,indexProperty
26011,Functions,CalculateOppositeProgressWidth
26024,Progression;Functions,UpdateCheckmark
26033,Functions,GetAllRadioButtons
26035,Functions,UpdateRadioButtons
26047,Functions,m_GetAllRadioButtonsQuery
26051,Functions,m_UpdatingButtons
26053,Functions,<get_choices>d__17
26069,Functions,get_horizontalScrollerVisibility
26071,Functions,get_elasticAnimationIntervalMs
26075,Functions,get_needsHorizontal
26076,Functions,get_needsVertical
26077,Functions,get_isVerticalScrollDisplayed
26078,Functions,get_isHorizontalScrollDisplayed
26079,Functions,get_scrollOffset
26081,Functions,get_horizontalPageSize
26083,Functions,get_verticalPageSize
26085,Functions,get_mouseWheelScrollSize
26087,Functions,get_scrollableWidth
26088,Functions,get_scrollableHeight
26089,Functions,get_hasInertia
26090,Functions,get_scrollDecelerationRate
26092,Functions,get_elasticity
26094,Functions,get_touchScrollBehavior
26096,Functions,get_nestedInteractionKind
26100,Functions,UpdateHorizontalSliderPageSize
26101,Functions,UpdateVerticalSliderPageSize
26102,Functions,UpdateContentViewTransform
26108,Functions,GetXDeltaOffset
26109,Functions,GetYDeltaOffset
26114,Functions,GetDeltaDistance
26115,Functions,get_contentViewport
26116,Functions,get_horizontalScroller
26117,Functions,get_verticalScroller
26119,Functions,get_mode
26146,Functions,UpdateScrollers
26153,Functions,UpdateElasticBehaviour
26220,CombatStats,m_TouchPointerMoveAllowed
26222,Functions,m_CapturedTarget
26223,Functions,m_CapturedTargetPointerMoveCallback
26224,Functions,m_CapturedTargetPointerUpCallback
26263,Functions,get_slider
26264,Functions,get_lowButton
26265,Functions,get_highButton
26285,Functions,get_tabHeader
26286,Functions,get_closeable
26288,Functions,UpdateTooltip
26301,Heroes,tabHeaderImageUssClassName
26302,Heroes,tabHeaderEmptyImageUssClassName
26303,Heroes,tabHeaderStandaloneImageUssClassName
26315,Heroes,m_TabHeaderImage
26324,Functions,get_preview
26333,Functions,GetHeight
26334,Functions,GetTabOffset
26340,Functions,get_tabLayout
26342,Functions,get_isVertical
26344,Functions,get_moving
26348,Functions,UpdatePreviewPosition
26349,Functions,UpdateMoveLocation
26367,Functions,get_tabs
26368,Functions,get_tabHeaders
26369,Functions,get_nextButton
26371,Functions,get_previousButton
26373,Functions,get_needsButtons
26374,Functions,get_activeTab
26379,Functions,UpdateButtons
26381,Functions,UpdateIndexes
26420,CombatStats,DeltaSpeed
26427,Functions,get_textValueInput
26428,Economy;Functions,get_supportExpressions
26429,Economy,set_supportExpressions
26430,Functions,get_formatString
26438,Economy,supportExpressionsProperty
26439,Economy,m_SupportExpressions
26440,Economy,supportExpressions
26443,Functions,get_textValueFieldParent
26451,Functions,get_isMultipleSelection
26453,Functions,get_allowEmptySelection
26458,Functions,UpdateButtonStates
26460,Functions,UpdateButtonsStyling
26481,Functions,get_length
26483,Functions,get_data
26485,Functions,GetActiveOptions
26492,Functions,get_children
26495,Functions,get_fixedPane
26496,Functions,get_flexedPane
26497,Functions,get_dragLine
26498,Functions,get_fixedPaneIndex
26500,Functions,get_fixedPaneInitialDimension
26502,Functions,get_orientation
26504,Functions,get_fixedPaneDimension
26516,Functions,updateFixedPane
26517,Functions,updateDragLine
26518,Functions,UpdateLayout
26521,Economy,fixedPaneIndexProperty
26527,Functions,s_HandleDragLineVerticalClassName
26530,Functions,s_HandleDragLineAnchorVerticalClassName
26532,Functions,s_VerticalClassName
26555,Functions,get_fixedPaneMinDimension
26556,Functions,get_fixedPaneMargins
26557,Functions,get_flexedPaneMinDimension
26558,Functions,get_flexedPaneMargin
26572,Functions,get_parentUnsignedIntegerField
26575,Functions,get_unsignedLongInput
26578,Functions,get_parentUnsignedLongField
26582,Functions,get_group
26607,Functions,get_texture
26609,Functions,get_hotspot
26611,Functions,get_defaultCursorId
26626,Functions,get_isCursorOverriden
26633,Functions,GetSortedSelectedIds
26634,Functions,get_enableReordering
26640,Functions,SetupDragAndDrop
26645,Economy,HandleAutoExpand
26649,Functions,GetDragAndDrop
26654,Functions,GetGenericData
26656,Functions,UpdateDrag
26664,Functions,get_supportsDragEvents
26665,Functions,get_useDragEvents
26666,Functions,get_dragAndDrop
26667,Functions,get_isEditorContext
26668,Functions,RegisterCallbacksFromTarget
26678,Functions,GetDropTarget
26693,Functions,get_insertAtIndex
26694,Functions,get_parentId
26695,Functions,get_childIndex
26696,Functions,get_dragAndDropData
26697,Functions,get_dragAndDropPosition
26703,Functions,set_target
26710,Functions,<target>k__BackingField
26726,Functions,SetupDragAndDropArgs
26732,Functions,get_visualMode
26733,Functions,get_genericData
26735,Functions,get_entityIds
26737,Functions,get_assetPaths
26750,Functions,get_targetView
26751,Functions,get_targetScrollView
26752,Functions,get_dragAndDropController
26754,Functions,get_enabled
26757,Functions,GetVisualMode
26759,Economy,HandleAutoExpansion
26761,Functions,TryGetDragPosition
26763,Functions,HandleSiblingInsertionAtAvailableDepthsAndChangeTargetIfNeeded
26766,Functions,GetPreviousAndNextItemsIgnoringDraggedItems
26768,Functions,GetHoverBarTopPosition
26773,Functions,GetRecycledItem
26784,Functions,targetView
26785,Functions,targetScrollView
26790,Functions,GetRecycledItemFromId
26791,Functions,GetRecycledItemFromIndex
26793,Functions,get_isDragging
26794,Functions,get_draggedItem
26808,Economy,RestoreExpanded
26809,Economy,DelayExpandDropItem
26810,Economy,ExpandDropItem
26813,Economy,m_ExpandDropItemScheduledItem
26814,Economy,m_ExpandDropItemCallback
26816,Economy,expandedIdsBeforeDrag
26819,Economy,expandItemBeginTimerMs
26820,Economy,expandItemBeginPosition
26828,Functions,get_subMenuPath
26842,Functions,UpdateActionStatus
26869,Functions,get_pointerState
26871,Functions,get_dispatchImmediately
26899,Functions,set_relatedTarget
26900,Functions,get_pointerId
26903,Functions,relatedTarget
26904,Functions,GetPooled
26905,Functions,<relatedTarget>k__BackingField
26915,Functions,get_previousValue
26917,Functions,get_newValue
26922,Functions,get_commandName
26932,Functions,GetTopElementUnderPointer
26938,Functions,GetEventPointerPosition
26951,Functions,get_eventTypeId
26952,Functions,get_eventCategories
26953,Functions,get_timestamp
26955,Functions,get_eventId
26959,Functions,get_propagation
26961,Functions,get_lifeCycleStatus
26964,Functions,get_bubbles
26966,Functions,get_tricklesDown
26968,Functions,get_skipDisabledElements
26970,Functions,get_bubblesOrTricklesDown
26971,Functions,get_elementTarget
26972,Functions,set_elementTarget
26973,Functions,get_target
26974,Functions,get_isPropagationStopped
26977,Functions,get_isImmediatePropagationStopped
26981,Functions,get_currentTarget
26982,Functions,set_currentTarget
26983,Functions,get_dispatch
26986,Functions,get_dispatched
26988,Functions,get_processed
26990,Functions,get_processedByFocusController
26992,Functions,get_propagateToIMGUI
26994,Functions,get_imguiEventIsValid
26996,Functions,get_imguiEvent
26998,Functions,get_originalMousePosition
27000,Functions,get_pooled
27011,Functions,<elementTarget>k__BackingField
27013,Functions,m_CurrentTarget
27026,Functions,elementTarget
27030,Functions,currentTarget
27074,Functions,get_userArgs
27090,Functions,GetCallbackList
27093,Functions,GetDynamicCallbackList
27099,Functions,GetCallbackListForWriting
27100,Functions,GetCallbackListForReading
27108,Functions,AtTarget
27110,Functions,DefaultActionAtTarget
27112,Functions,isCapturingTarget
27114,Functions,SendEventDirectlyToTarget
27115,Functions,HandleEventAtTargetAndDefaultPhase
27120,Functions,HandleEvent_DefaultActionAtTarget
27129,Functions,DispatchToAssignedTarget
27142,Functions,ExecuteDefaultActionAtTarget
27143,Functions,HandleEventBubbleUpDisabled
27148,Functions,ExecuteDefaultActionDisabledAtTarget
27152,Functions,ExecuteDefaultActionAtTargetInternal
27153,Functions,ExecuteDefaultActionDisabledAtTargetInternal
27159,Functions,ExecuteDefaultActionAtTargetName
27161,Functions,get_relatedTarget
27162,Functions,get_focusController
27164,Functions,get_IsFocusDelegated
27187,Functions,get_modifiers
27188,Functions,get_character
27189,Functions,get_keyCode
27193,Functions,get_shiftKey
27194,Functions,get_ctrlKey
27195,Functions,get_commandKey
27196,Functions,get_altKey
27197,Functions,get_functionKey
27198,Functions,get_actionKey
27211,Functions,get_oldRect
27213,Functions,get_newRect
27215,Functions,get_layoutPass
27222,Functions,get_mousePosition
27223,Functions,get_localMousePosition
27224,Functions,get_mouseDelta
27225,Functions,get_clickCount
27226,Functions,get_button
27227,Functions,get_pressedButtons
27233,Functions,get_sourcePointerEvent
27243,Functions,get_recomputeTopElementUnderMouse
27245,Functions,get_panelRay
27281,Functions,get_menu
27283,Functions,get_triggerEvent
27305,Functions,get_deviceType
27319,Functions,get_originPanel
27321,Functions,get_destinationPanel
27338,Functions,GetPointerPosition
27340,Functions,GetPointerDeltaPosition
27341,Functions,GetPanel
27345,Functions,GetPressedButtons
27348,Functions,GetPlayerPanelWithSoftPointerCapture
27349,Functions,GetWorldSpaceDocumentWithSoftPointerCapture
27350,Functions,GetCameraWithSoftPointerCapture
27354,Functions,GetTrackedState
27356,Functions,GetScreenPointerState
27366,Functions,get_Panel
27374,Functions,updateFrameCount
27378,Functions,targetDisplay
27380,Functions,get_worldRay
27385,Functions,GetPointerType
27396,CombatStats,touchPointerIdBase
27397,CombatStats,touchPointerCount
27404,Functions,get_pointerType
27405,Functions,get_isPrimary
27406,Functions,get_position
27407,Functions,get_localPosition
27408,Functions,get_deltaPosition
27409,Functions,get_deltaTime
27410,Functions,get_pressure
27411,Functions,get_tangentialPressure
27412,Functions,get_altitudeAngle
27413,Functions,get_azimuthAngle
27414,Functions,get_twist
27415,Functions,get_tilt
27416,Functions,get_penStatus
27417,Functions,get_radius
27418,Functions,get_radiusVariance
27431,Functions,get_compatibilityMouseEvent
27453,Functions,get_recomputeTopElementUnderPointer
27463,Functions,GetPooledCompatibilityMouseEvent
27489,Functions,get_isHandledByDraggable
27491,Functions,get_isPointerDown
27492,Functions,get_isPointerUp
27508,Functions,get_customStyle
27512,Functions,get_rect
27522,Functions,get_stylePropertyNames
27529,Progression,TransitionRunEvent
27539,Functions,get_dragging
27541,Functions,get_startValue
27543,Functions,UpdateValueOnPointerDown
27544,Functions,UpdateValueOnPointerMove
27545,Functions,UpdateValueOnPointerUp
27546,Functions,UpdateValueOnKeyDown
27553,Functions,get_interpolationDefaultValue
27558,Functions,get_filterName
27560,Functions,get_parameters
27562,Functions,get_passes
27571,Functions,get_material
27573,Functions,get_passIndex
27575,Functions,get_parameterBindings
27577,Functions,get_readMargins
27579,Functions,get_writeMargins
27581,Functions,get_applySettingsCallback
27583,Functions,get_computeRequiredReadMarginsCallback
27585,Functions,get_computeRequiredWriteMarginsCallback
27607,Functions,get_filterFunction
27610,Functions,get_readsGamma
27613,Functions,get_scaledPixelsPerPoint
27626,Functions,get_left
27628,Functions,get_top
27630,Functions,get_right
27632,Functions,get_bottom
27640,Functions,GetBuiltinFilterName
27641,Functions,GetBuiltinDefinition
27658,Functions,get_tabIndex
27660,Functions,get_delegatesFocus
27662,Functions,get_excludeFromFocusRing
27664,Functions,get_isEligibleToReceiveFocusFromDisabledChild
27666,Functions,get_canGrabFocus
27670,Functions,GetFocusDelegate
27671,Functions,GetFirstFocusableChild
27673,Economy,tabIndexProperty
27687,Functions,get_unspecified
27688,Functions,get_none
27689,Functions,get_lastValue
27698,Functions,GetFocusChangeDirection
27699,Functions,GetNextFocusable
27702,Functions,get_focusRing
27704,Functions,get_focusedElement
27707,Functions,retargetAgainst
27708,Functions,GetRetargetedFocusedElement
27709,Functions,GetLeafFocusedElement
27716,Functions,outTargets
27717,Functions,GetFocusTargets
27719,Functions,willGiveFocusTo
27726,Heroes,SwitchFocus
27727,Heroes,SwitchFocusOnEvent
27729,Functions,effectiveTarget
27730,Functions,GetFocusableParentForPointerEvent
27731,Functions,get_imguiKeyboardControl
27735,Heroes,forceSwitch
27751,Functions,get_isAppFocused
27753,Functions,get_focusedPanel
27755,Functions,updateMode
27756,Functions,get_legacyInputProcessor
27757,Functions,get_inputForUIProcessor
27765,Functions,deselectIfNoTarget
27768,Functions,get_raycaster
27770,Functions,targetPanel
27771,Functions,targetPanelPosition
27773,Functions,FindTargetAtPosition
27774,Functions,FindTargetAtRay
27776,Functions,GetPanelPosition
27778,Functions,UpdateFocusedPanel
27779,Functions,UpdateWorldSpacePointers
27786,Functions,m_UpdateFrameCount
27813,Functions,GetModifiers
27851,Functions,get_m_CurrentPointerModifiers
27852,Functions,get_input
27853,Functions,GetDefaultInput
27860,Functions,GetRawMoveVector
27882,Functions,GetButtonDown
27884,Functions,GetAxisRaw
27886,Functions,GetLastPenContactEvent
27887,Functions,get_touchCount
27888,Functions,GetTouch
27889,Functions,get_mousePresent
27890,Functions,GetMouseButtonDown
27891,Functions,GetMouseButtonUp
27892,Functions,get_mouseButtonCount
27893,Functions,get_anyKey
27894,Functions,get_unscaledTime
27895,Functions,get_doubleClickTime
27928,Functions,UpdateMode
27940,Functions,GetCapturingDocument
27945,Functions,GetCapturingPanel
27947,Functions,get_minAtlasSize
27948,Functions,get_maxAtlasSize
27949,Functions,get_activeFilters
27950,Functions,get_customFilter
27951,Functions,get_defaults
27955,Functions,GetNextFocusable2D
27967,Functions,GetBestOverall
27971,Functions,get_current
27973,Functions,get_settings
27974,Functions,get_processWorldSpaceInput
27976,Functions,get_interactionLayers
27978,Functions,get_maxInteractionDistance
27980,Functions,get_defaultEventCameraIsMainCamera
27982,Functions,get_eventCameras
27984,Functions,get_panelInputRedirection
27986,Functions,get_autoCreatePanelComponents
28002,Heroes,AutoSwitch
28019,Economy,Expand
28023,Functions,ColliderUpdateMode
28028,Functions,get_themeStyleSheet
28030,Functions,get_disableNoThemeWarning
28032,Functions,get_targetTexture
28033,Functions,set_targetTexture
28034,Functions,get_renderMode
28036,Functions,get_colliderUpdateMode
28037,Functions,set_colliderUpdateMode
28038,Functions,get_colliderIsTrigger
28040,Functions,get_referenceSpritePixelsPerUnit
28042,Functions,get_pixelsPerUnit
28044,Functions,get_scale
28046,Functions,get_referenceDpi
28048,Functions,get_fallbackDpi
28050,Functions,get_referenceResolution
28052,Functions,get_screenMatchMode
28054,Functions,get_match
28056,Functions,get_sortingOrder
28059,Functions,get_targetDisplay
28060,Functions,set_targetDisplay
28061,Functions,get_bindingLogLevel
28062,Functions,set_bindingLogLevel
28063,Functions,get_clearDepthStencil
28065,Functions,get_depthClearValue
28066,Functions,get_clearColor
28068,Functions,get_colorClearValue
28070,Functions,get_vertexBudget
28071,Functions,set_vertexBudget
28072,Functions,get_textureSlotCount
28074,Functions,get_panel
28075,Functions,get_isTransient
28077,Functions,get_visualTree
28078,Functions,get_dynamicAtlasSettings
28081,Functions,get_ScreenDPI
28084,Functions,GetPanelChangeReceiver
28085,Functions,UpdateScreenDPI
28093,Functions,targetRect
28096,Functions,GetDisplayRect
28105,Functions,m_TargetTexture
28107,Functions,m_ColliderUpdateMode
28119,Functions,m_TargetDisplay
28120,Functions,m_BindingLogLevel
28124,Functions,m_VertexBudget
28139,Functions,m_TargetRect
28147,Functions,targetTexture
28149,Functions,colliderUpdateMode
28158,Functions,bindingLogLevel
28163,Functions,vertexBudget
28170,Functions,SetTargetTexture
28172,Functions,SetTargetDisplay
28183,Functions,get_panelSettings
28202,Functions,<Update>b__3_0
28213,Functions,get_uiRenderer
28229,Functions,get_parentUI
28231,Functions,get_visualTreeAsset
28233,Functions,get_rootVisualElement
28236,Functions,get_firstChildInserIndex
28237,Functions,get_worldSpaceSizeMode
28239,Functions,get_worldSpaceSize
28241,Functions,get_isWorldSpace
28242,Functions,get_isTransformControlledByGameObject
28243,Functions,get_pivotReferenceSize
28245,Functions,get_pivot
28249,Functions,get_runtimePanel
28250,Functions,get_containerPanel
28251,Functions,DoUpdate
28252,Functions,UpdateRenderer
28255,Functions,UpdateWorldSpaceCollider
28258,Functions,UpdateIsWorldSpaceRootFlag
28267,Functions,GetPivotAsPercent
28328,Functions,GetPicking3DWorldBounds
28329,Functions,GetPicking3DLocalBounds
28360,Functions,get_onGUIHandler
28362,Functions,get_guiState
28363,Functions,get_lastWorldClip
28365,Functions,get_cullingEnabled
28367,Functions,get_cache
28368,Functions,get_layoutMeasuredWidth
28369,Functions,get_layoutMeasuredHeight
28370,Functions,get_contextType
28372,Functions,get_focusOnlyIfHasFocusableControls
28395,Functions,GetCurrentClipRect
28397,Functions,GetCurrentTransformAndClip
28451,Functions,<OnKeyDown>g__GetOperation|4_0
28467,Functions,get_activators
28564,Functions,UpdatePanels
28568,Functions,SetUpdateCallback
28576,Functions,UpdatePanelsCallback
28580,Functions,get_maxSize
28589,Functions,VersionChangeType
28627,Functions,get_currentOffset
28628,Functions,get_currentWorldClip
28629,Functions,get_repaintEvent
28638,Functions,changeType
28640,Functions,get_dispatcher
28644,Functions,get_IMGUIEventInterests
28646,Functions,get_ownerObject
28648,Functions,get_saveViewData
28649,Functions,get_getViewDataDictionary
28650,Functions,get_IMGUIContainersCount
28652,Functions,get_rootIMGUIContainer
28655,Functions,get_uiElementsBridge
28657,Functions,TickSchedulingUpdaters
28658,Functions,UpdateForRepaint
28659,Functions,UpdateAnimations
28660,Functions,UpdateDataBinding
28662,Functions,get_clearSettings
28664,Functions,get_duringLayoutPhase
28666,Functions,get_version
28667,Functions,get_repaintVersion
28668,Functions,get_hierarchyVersion
28669,Functions,changeTypeFlag
28670,Functions,updater
28672,Functions,SetUpdater
28673,Functions,get_repaintData
28675,Functions,get_cursorManager
28677,Functions,get_contextualMenuManager
28679,Functions,get_dataBindingManager
28682,Functions,get_styleAnimationSystem
28684,Functions,get_TimeSinceStartupFunc
28689,Functions,get_disposed
28691,Functions,GetUpdater
28698,Functions,get_isFlat
28700,Functions,SetSpecializedHierarchyFlagsUpdater
28704,Functions,get_atlas
28709,Functions,InvokeBeforeUpdate
28710,Functions,UpdateElementUnderPointers
28733,Functions,beforeUpdate
28739,Functions,getViewDataDictionary
28759,Functions,GetViewDataDictionary
28761,Functions,get_loadResourceFunc
28764,Functions,get_panelChangeReceiver
28767,Functions,get_TimeSinceStartup
28772,Functions,m_VisualTreeUpdater
28791,Functions,<getViewDataDictionary>k__BackingField
28805,Functions,get_selectableGameObject
28807,Functions,get_sortingPriority
28814,Functions,get_drawsInCameras
28816,Functions,get_screenRenderingWidth
28817,Functions,get_screenRenderingHeight
28819,Functions,getScreenRenderingHeight
28820,Functions,getScreenRenderingWidth
28821,Functions,get_screenToPanelSpace
28838,Functions,<targetDisplay>k__BackingField
28852,Functions,OnEventCompletedAtAnyTarget
28854,Functions,GetStateFor
28857,Functions,GetCapturingElement
28875,Heroes;Functions,get_maxImageWidth
28876,Heroes;Functions,get_maxImageHeight
28877,Functions,get_virtualWidth
28879,Functions,get_virtualHeight
28881,Functions,get_physicalWidth
28883,Functions,get_physicalHeight
28885,Functions,GetLog2OfNextPower
28894,Heroes,<maxImageWidth>k__BackingField
28895,Heroes,<maxImageHeight>k__BackingField
28905,Heroes,maxImageWidth
28906,Heroes,maxImageHeight
28911,Functions,get_offsetX
28913,Functions,get_offsetY
28927,Functions,get_textureId
28929,Functions,get_format
28930,Functions,get_filterMode
28933,Functions,UpdateAtlasTexture
28970,Functions,get_visualElement
28972,Functions,get_renderData
28974,Functions,get_painter2D
28975,Functions,get_hasPainter2D
28976,Functions,get_meshGenerator
28978,Functions,get_entryRecorder
28980,Functions,get_parentEntry
28987,Functions,GetTempMeshAllocator
29007,Heroes;Economy,k_DrawVectorImageMarker
29013,Heroes,IsUsingVectorImageGradients
29016,Functions,GetParentEntry
29019,Functions,GetManaged
29027,Functions,GetNode
29028,Functions,GetUnsafeNode
29049,CombatStats,m_CachedDashPattern
29051,Heroes;Functions,m_VectorImageToRelease
29062,Heroes,vectorImagePtr
29067,Functions,get_forceGammaRendering
29069,Functions,UIRRepaintUpdater
29070,Functions,get_drawStats
29071,Functions,get_breakBatches
29095,Functions,get_instance
29096,Functions,GetTexture
29098,Functions,UpdateDynamic
29116,Functions,GetVerticesTransformInfo
29122,Heroes,IsVectorImageBackground
29123,Functions,GetPrevPow2
29124,Functions,GetNextPow2
29125,Economy;Functions,GetNextPow2Exp
29126,Functions,GetThreadIndex
29131,Functions,get_start
29133,Functions,get_now
29137,Functions,get_startMs
29139,Functions,get_delayMs
29141,Functions,get_intervalMs
29143,Functions,get_endTimeMs
29146,Functions,PerformTimerUpdate
29149,Functions,timerUpdateStopCondition
29165,Functions,UpdateScheduledEvents
29171,Functions,m_LastUpdatedIndex
29174,Functions,get_horizontal
29175,Functions,get_vertical
29181,Functions,get_unit
29196,Functions,get_renderTexture
29201,Heroes,FromVectorImage
29205,Heroes,m_VectorImage
29211,Functions,get_customPropertiesCount
29212,Functions,get_hasTransition
29222,Bosses,textShadow
29225,Bosses,StartAnimationInlineTextShadow
29236,Functions,get_alignContent
29237,Functions,get_alignItems
29238,Functions,get_alignSelf
29239,Functions,get_aspectRatio
29240,Functions,get_backgroundColor
29241,Heroes;Functions,get_backgroundImage
29242,Functions,get_backgroundPositionX
29243,Functions,get_backgroundPositionY
29244,Functions,get_backgroundRepeat
29245,Functions,get_backgroundSize
29246,Functions,get_borderBottomColor
29247,Functions,get_borderBottomLeftRadius
29248,Functions,get_borderBottomRightRadius
29249,Functions,get_borderBottomWidth
29250,Functions,get_borderLeftColor
29251,Functions,get_borderLeftWidth
29252,Functions,get_borderRightColor
29253,Functions,get_borderRightWidth
29254,Functions,get_borderTopColor
29255,Functions,get_borderTopLeftRadius
29256,Functions,get_borderTopRightRadius
29257,Functions,get_borderTopWidth
29258,Functions,get_color
29259,Functions,get_cursor
29260,Functions,get_display
29261,Functions,get_filter
29262,Functions,get_flexBasis
29263,Functions,get_flexDirection
29264,Functions,get_flexGrow
29265,Functions,get_flexShrink
29266,Functions,get_flexWrap
29267,Functions,get_fontSize
29268,Functions,get_height
29269,Functions,get_justifyContent
29270,Functions,get_letterSpacing
29271,Functions,get_marginBottom
29272,Functions,get_marginLeft
29273,Functions,get_marginRight
29274,Functions,get_marginTop
29275,Functions,get_maxHeight
29276,Functions,get_minHeight
29277,Functions,get_opacity
29278,Functions,get_overflow
29279,Functions,get_paddingBottom
29280,Functions,get_paddingLeft
29281,Functions,get_paddingRight
29282,Functions,get_paddingTop
29283,Functions,get_rotate
29284,Functions,get_textOverflow
29285,Bosses;Functions,get_textShadow
29286,Functions,get_transformOrigin
29287,Functions,get_transitionDelay
29288,Functions,get_transitionDuration
29289,Functions,get_transitionProperty
29290,Functions,get_transitionTimingFunction
29291,Functions,get_translate
29292,Heroes;Functions,get_unityBackgroundImageTintColor
29293,Functions,get_unityEditorTextRenderingMode
29294,Functions,get_unityFont
29295,Functions,get_unityFontDefinition
29296,Functions,get_unityFontStyleAndWeight
29297,Functions,get_unityMaterial
29298,Functions,get_unityOverflowClipBox
29299,Functions,get_unityParagraphSpacing
29300,Functions,get_unitySliceBottom
29301,Functions,get_unitySliceLeft
29302,Functions,get_unitySliceRight
29303,Functions,get_unitySliceScale
29304,Functions,get_unitySliceTop
29305,Functions,get_unitySliceType
29306,Functions,get_unityTextAlign
29307,Functions,get_unityTextAutoSize
29308,Functions,get_unityTextGenerator
29309,Functions,get_unityTextOutlineColor
29310,Functions,get_unityTextOutlineWidth
29311,Functions,get_unityTextOverflowPosition
29312,Functions,get_visibility
29313,Functions,get_whiteSpace
29314,Functions,get_wordSpacing
29320,Bosses,ApplyStyleTextShadow
29357,Heroes,backgroundImage
29393,Heroes;Functions,unityBackgroundImageTintColor
29417,Functions,UpdateComputedTransitions
29419,Functions,GetTransitionProperty
29420,Functions,GetOrComputeTransitionPropertyData
29421,Functions,GetTransitionHashCode
29425,Functions,GetWrappingTransitionData
29504,Functions,get_type
29506,Functions,get_parameterCount
29507,Functions,get_customDefinition
29513,Functions,GetDefinition
29526,Functions,get_floatValue
29528,Functions,get_colorValue
29535,Functions,get_font
29537,Functions,get_fontAsset
29554,Heroes,set_backgroundImage
29597,Bosses,set_textShadow
29604,Heroes;Functions,set_unityBackgroundImageTintColor
29786,Functions,get_ve
29802,Functions,GetStyleList
29804,Functions,TryGetStyleValueManaged
29816,Bosses,SetInlineTextShadow
29826,Functions,TryGetInlineCursor
29827,Bosses;Functions,TryGetInlineTextShadow
29828,Functions,TryGetInlineTextAutoSize
29829,Functions,TryGetInlineTransformOrigin
29830,Functions,TryGetInlineTranslate
29831,Functions,TryGetInlineRotate
29832,Functions,TryGetInlineScale
29833,Functions,TryGetInlineBackgroundSize
29834,Functions,TryGetInlineFilter
29840,Bosses,m_HasInlineTextShadow
29841,Bosses,m_InlineTextShadow
29947,Heroes;CombatStats,AddPropertyRange
29948,Functions,TryGetProperty
29952,Functions,get_ussName
29957,Heroes,BackgroundImageProperty
29965,CombatStats,BorderBottomWidthProperty
29967,CombatStats,BorderLeftWidthProperty
29969,CombatStats,BorderRightWidthProperty
29973,CombatStats,BorderTopWidthProperty
29994,CombatStats,MaxWidthProperty
29996,CombatStats,MinWidthProperty
30038,CombatStats,WidthProperty
30047,CombatStats,InlineStyleLengthProperty
30056,Bosses,InlineStyleTextShadowProperty
30149,Functions,get_hasRunningAnimations
30150,Functions,get_hasCompletedAnimations
30155,Functions,GetStylePropertyAnimationSystem
30156,Functions,get_styleAnimation
30169,Functions,GetParentSizeForLengthConversion
30170,Functions,get_isCompositeRoot
30172,Functions,get_areAncestorsAndSelfDisplayed
30174,Functions,get_hasOneOrMorePointerCaptures
30176,Functions,get_flags
30178,Functions,get_viewDataKey
30180,Functions,get_enableViewDataPersistence
30181,Functions,get_userData
30182,Functions,get_disablePlayModeTint
30184,Functions,get_playModeTintColor
30185,Functions,get_usageHints
30187,Functions,get_renderHints
30190,Functions,get_useRenderTexture
30191,Functions,get_isLayoutManual
30193,Functions,get_scaledPixelsPerPoint_noChecks
30194,Functions,get_layout
30197,Functions,get_contentRect
30198,Functions,get_paddingRect
30199,Functions,get_needs3DBounds
30201,Functions,get_isLocalBounds3DDirty
30203,Functions,get_isLocalBoundsWithoutNested3DDirty
30205,Functions,get_isBoundingBoxDirty
30208,Functions,get_isWorldBoundingBoxOrDependenciesDirty
30209,Functions,get_boundingBox
30210,Functions,get_boundingBoxWithoutNested
30211,Functions,get_worldBoundingBox
30212,Functions,get_boundingBoxInParentSpace
30213,Functions,UpdateBoundingBox
30214,Functions,UpdateWorldBoundingBox
30215,Functions,get_localBounds3D
30216,Functions,get_localBoundsPicking3D
30217,Functions,get_localBounds3DWithoutNested3D
30218,Functions,UpdateBounds3D
30219,Functions,get_worldBound
30220,Functions,get_localBound
30221,Functions,get_isWorldSpaceRootUIDocument
30223,Functions,get_isWorldTransformDirty
30226,Functions,get_isWorldTransformInverseOrDependenciesDirty
30227,Functions,get_worldTransform
30228,Functions,get_worldTransformRef
30229,Functions,get_worldTransformInverse
30230,Functions,UpdateWorldTransform
30231,Functions,UpdateWorldTransformInverse
30232,Functions,get_worldClip
30235,Functions,get_receivesHierarchyGeometryChangedEvents
30237,Functions,get_boundingBoxDirtiedSinceLastLayoutPass
30239,Functions,get_pseudoStates
30243,Functions,get_containedPointerIds
30245,Functions,UpdateHoverPseudoState
30248,Functions,UpdateHoverPseudoStateAfterCaptureChange
30249,Functions,UpdatePointerCaptureFlag
30250,Functions,get_pickingMode
30252,Functions,get_classList
30253,Functions,get_fullTypeName
30254,Functions,get_typeName
30255,Functions,get_layoutNode
30256,Functions,get_computedStyle
30257,Functions,get_hasInlineStyle
30258,Functions,get_styleInitialized
30268,Functions,get_isParentEnabledInHierarchy
30269,Functions,get_enabledInHierarchy
30270,Functions,get_enabledSelf
30274,Functions,get_languageDirection
30276,Functions,get_localLanguageDirection
30279,Functions,get_generateVisualContent
30282,Functions,GetFullHierarchicalViewDataKey
30284,Functions,GetOrCreateViewData
30288,Functions,get_requireMeasureFunction
30295,Functions,GetClassesForIteration
30303,Functions,UpdateCursorStyle
30304,Functions,GetAnimationSystem
30309,Functions,fromValueGetter
30312,Functions,targetValuesToRead
30314,Economy,UnityEngine.UIElements.Experimental.ITransitionAnimations.Start
30315,Functions,get_isDataSourcePathEmpty
30323,Functions,GetCachedNextParentWithEventInterests
30324,Functions,get_nextParentWithEventInterests
30329,Functions,get_eventInterestParentCategories
30330,Functions,get_isEventInterestParentCategoriesDirty
30332,Functions,UpdateEventInterestSelfCategories
30333,Functions,UpdateEventInterestParentCategories
30343,Economy;Functions,get_experimental
30344,Economy;Functions,UnityEngine.UIElements.IExperimentalFeatures.get_animation
30345,Functions,get_isRootVisualContainer
30346,Functions,get_disableClipping
30349,Functions,get_disableRendering
30351,Functions,get_parent
30352,Functions,get_elementPanel
30354,Functions,get_visualTreeAssetSource
30357,Functions,get_childCount
30367,Functions,GetFirstOfType
30368,Functions,GetFirstAncestorOfType
30369,Functions,GetFirstAncestorWhere
30373,Functions,GetRootVisualContainer
30374,Functions,GetNextElementDepthFirst
30375,Functions,GetPreviousElementDepthFirst
30376,Functions,RetargetElement
30377,Functions,get_positionWithLayout
30378,Functions,GetPivotedMatrixWithLayout
30379,Functions,get_hasDefaultRotationAndScale
30380,Functions,get_has3DTransform
30381,Functions,get_has3DTranslation
30382,Functions,get_has3DRotation
30385,Functions,CalculateConservativeRect
30386,Functions,CalculateConservativeBounds
30399,Functions,get_schedule
30400,Functions,timerUpdateEvent
30402,Functions,updateEvent
30403,Functions,get_style
30404,Functions,get_resolvedStyle
30405,Functions,get_styleSheets
30413,Functions,get_tooltip
30414,Functions,get_typeData
30415,Functions,<CalculateConservativeBounds>g__IsNaN|773_0
30459,CombatStats,dataSourcePathProperty
30650,Economy,experimental
30651,Economy,UnityEngine.UIElements.IExperimentalFeatures.animation
30667,Functions,get_focusIndex
30685,Economy,k_InvalidHierarchyChangeMsg
30688,Functions,get_element
30690,Functions,get_isScheduled
30691,Functions,get_isActive
30693,Functions,get_isDetaching
30731,Economy,<UnityEngine.UIElements.Experimental.ITransitionAnimations.Start>b__0
30839,Bosses,ConvertStyleTextShadowToTextShadow
30840,Bosses,ConvertTextShadowToStyleKeyword
30841,Bosses,ConvertTextShadowToStyleTextShadow
30842,Bosses,ConvertStyleKeywordToStyleTextShadow
30930,Heroes;Functions,ConvertVectorImageToStyleBackground
30934,Heroes,ConvertStyleBackgroundToVectorImage
31320,Functions,GetStyleLength
31321,Functions,GetStyleFloat
31322,Functions,GetStyleInt
31323,Functions,GetStyleColor
31324,Functions,GetStyleBackground
31325,Functions,GetStyleBackgroundPosition
31326,Functions,GetStyleBackgroundRepeat
31327,Functions,GetStyleFont
31328,Functions,GetStyleFontDefinition
31329,Functions,GetStyleMaterialDefinition
31330,Functions,GetStyleRatio
31331,Functions,TryGetStyleValue
31346,Functions,GetFloat
31347,Functions,GetVector
31348,Functions,GetColor
31355,Functions,get_angle
31357,Functions,get_axis
31366,Functions,get_keyword
31390,Bosses,StyleTextShadow
31410,Functions,get_z
31461,Functions,UpdateAnimation
31462,Functions,GetAllAnimations
31465,Functions,get_runningAnimationCount
31467,Functions,get_completedAnimationCount
31476,Functions,updateTimeInSeconds
31478,Functions,GetOrCreate
31479,Functions,UpdateTracking
31481,Functions,updateTime
31491,Bosses,m_TextShadows
31510,Functions,GetActivePropertiesForElement
31517,Functions,UpdateValues
31518,Functions,UpdateComputedStyle
31520,Functions,get_isEmpty
31521,Functions,get_SameFunc
31527,Progression,QueueTransitionRunEvent
31540,Functions,UpdateProgress
31547,Functions,GetPooledQueue
31550,Progression,StateChanged
31574,Bosses,ValuesTextShadow
31590,Functions,GetFunctionOrDefault
31611,Functions,get_specificity
31613,Functions,get_rule
31615,Functions,get_isSimple
31616,Functions,get_selectors
31621,Functions,CalculateHashes
31634,Functions,<CalculateHashes>b__26_0
31638,Functions,get_values
31640,Functions,get_handleCount
31641,Functions,get_isCustomProperty
31643,Functions,TryGetMaterialDefinition
31652,Functions,get_styleSheet
31654,Functions,get_complexSelectors
31655,Functions,get_properties
31665,Functions,get_parts
31667,Functions,get_previousRelationship
31685,WavePerks,Wildcard
31689,Functions,get_importedWithErrors
31691,Functions,get_importedWithWarnings
31693,Functions,get_rules
31694,Functions,get_flattenedRecursiveImports
31695,Functions,get_contentHash
31697,Functions,get_tables
31698,Functions,get_isDefaultStyleSheet
31735,Heroes,ReadScalableImage
31736,Heroes,TryReadScalableImage
31760,Heroes,scalableImage
31761,Heroes,WriteScalableImage
31779,Heroes,scalableImages
31783,WavePerks,firstWildCardSelector
31805,Economy;Functions,GetEnumExportString
31813,Economy;Functions,GetDimensionUnitExportString
31831,Functions,get_valueType
31849,Heroes,ScalableImage
31853,Heroes;CombatStats,AddInitialRange
31855,Functions,GetVariableHash
31862,Functions,get_currentSheet
31863,Functions,get_currentHandles
31864,Functions,get_resolvedValues
31865,Functions,get_variableContext
31896,Functions,get_templateId
31898,Functions,get_templateSource
31908,Functions,get_uxmlName
31909,Functions,get_uxmlQualifiedName
31948,Functions,get_Links
31953,Functions,UpdateNative
31963,Functions,UpdateATGTextEventHandler
31966,Functions,GetICUAsset
31967,Functions,GetICUAssetStaticFalback
31968,Functions,get_textLib
31971,Functions,GetPixelsPerPoint
31972,Functions,get_LastPixelPerPoint
31974,Functions,get_MeasuredWidth
31976,Functions,get_RoundedWidth
31978,Functions,get_ATGMeasuredWidth
31980,Functions,get_ATGRoundedWidth
31983,Functions,ComputeSettingsAndUpdate
31987,Functions,UpdateMesh
31989,Functions,GetTextOverflowMode
31993,Economy;Functions,GetVertexPadding
31996,Functions,get_IsPlaceholder
32056,Functions,get_defaultPanelTextSettings
32061,Functions,get_touchScreenEditingEventHandler
32063,Functions,get_keyboardEditingEventHandler
32065,Functions,get_touchScreenTextFieldChanged
32066,Functions,get_touchScreenCanBeUsed
32067,Functions,get_keyboardCanBeUsed
32068,Functions,UpdateTextEditorEventHandler
32079,Functions,get_PostProcessTextVertices
32080,Functions,get_uitkTextHandle
32084,Functions,get_enableRichText
32086,Functions,get_parseEscapeSequences
32088,Functions,get_displayTooltipWhenElided
32090,Functions,get_isElided
32098,Functions,UpdateVisibleText
32100,Functions,get_hasFocus
32106,Functions,get_edition
32107,Functions,get_editingManipulator
32145,Functions,get_OnPlaceholderChanged
32153,Functions,get_effectiveMaskChar
32156,Functions,get_isPassword
32160,Functions,get_needsPlaceholderIfTextIsEmpty
32161,Functions,get_showPlaceholderText
32164,Functions,get_renderedText
32165,Functions,get_renderedTextString
32167,Functions,get_selection
32170,Functions,get_isSelectable
32189,Functions,get_selectionColor
32191,Functions,get_cursorColor
32194,Functions,get_selectingManipulator
32199,Functions,GetLastCharacterAt
32221,Functions,<UnityEngine.UIElements.ITextEdition.UpdateScrollOffset>k__BackingField
32222,Functions,<UnityEngine.UIElements.ITextEdition.UpdateValueFromText>k__BackingField
32223,Functions,<UnityEngine.UIElements.ITextEdition.UpdateTextFromValue>k__BackingField
32226,Functions,<UnityEngine.UIElements.ITextEdition.GetDefaultValueType>k__BackingField
32300,Functions,get_textInfo
32317,Functions,get_isClicking
32338,Functions,GetFontAsset
32340,Functions,GetTextSettingsFrom
32343,Functions,GetTextCoreSettingsForElement
32349,Functions,OnGetManagedJob
32353,Functions,k_UpdateMainThreadMarker
32370,Functions,get_minSize
32378,Functions,get_placeholder
32382,Functions,get_AcceptCharacter
32384,Functions,get_UpdateScrollOffset
32385,Functions,set_UpdateScrollOffset
32386,Functions,get_UpdateValueFromText
32387,Functions,set_UpdateValueFromText
32388,Functions,get_UpdateTextFromValue
32389,Functions,set_UpdateTextFromValue
32390,Functions,get_MoveFocusToCompositeRoot
32392,Functions,get_GetDefaultValueType
32393,Functions,set_GetDefaultValueType
32395,Functions,get_touchScreenKeyboard
32400,Functions,get_lineHeightAtCursorPosition
32401,Functions,get_cursorWidth
32565,Functions,GetPlayerPanelsByRenderMode
32576,Functions,get_activeEventSystem
32578,Functions,get_useDefaultEventSystem
32579,Functions,get_overrideUseDefaultEventSystem
32581,Functions,get_autoUpdateEventSystem
32584,Functions,get_defaultEventSystem
32585,Functions,UpdateEventSystem
32591,Functions,GetWorldSpacePlayerPanels
32592,Functions,GetSortedScreenOverlayPlayerPanels
32593,Functions,GetSortedPlayerPanels
32603,Functions,GetRuntimeDisplayHeight
32615,Functions,<autoUpdateEventSystem>k__BackingField
32621,Functions,autoUpdateEventSystem
32648,Functions,get_isOSXContextualMenuPlatform
32657,Functions,TryGetPanel
32661,Functions,GetAllPanels
32662,Functions,GetPanelsIterator
32676,Functions,testFrameUpdateCallback
32714,Functions,get_matches
32720,Functions,get_callBack
32726,Functions,get_styleSelectors
32756,Functions,TryGetAttributeValue
32769,Functions,get_templateAlias
32770,Functions,get_attributeOverrides
32771,Functions,get_slotUsages
32789,Functions,GetValueFromBag
32790,Functions,TryGetValueFromBag
32798,Functions,TryGetValueFromBagAsString
32799,Functions,TryGetAttributeOverrideValueFromBagAsString
32810,Functions,get_defaultValue
32814,Functions,<GetValueFromBag>b__3_0
32815,Functions,<TryGetValueFromBag>b__4_0
32836,Functions,GetEnumNameErrorMessage
32837,Heroes;CombatStats;Functions,GetEnumRangeErrorMessage
32853,Functions,get_uxmlType
32861,Functions,get_uxmlNamespace
32869,Heroes,UxmlImageAttributeDescription
32875,Functions,get_isRoot
32876,Functions,get_parentAsset
32877,Functions,get_namespaceDefinitions
32878,Functions,GetChildrenUxmlObjectAssets
32902,Functions,get_isField
32907,Functions,get_factories
32928,Functions,get_ruleIndex
32930,Functions,get_classes
32931,Functions,get_stylesheetPaths
32932,Functions,get_hasStylesheetPaths
32933,Functions,get_stylesheets
32934,Functions,get_hasStylesheets
32935,Functions,get_skipClone
32953,Functions,GetMovedUIControlTypeName
32957,Functions,get_hasEditorElements
32959,Functions,get_importerWithUpdatedUrls
32960,Functions,set_importerWithUpdatedUrls
32961,Functions,GetNextChildSerialNumber
32962,Functions,get_usings
32963,Functions,get_templateDependencies
32964,Functions,GetOrCreateInlineStyleSheet
32965,Functions,get_visualTreeNoAlloc
32969,Functions,GetNextUxmlAssetId
32971,Functions,GetUxmlObjects
32976,Functions,GetAsset
32977,Functions,GetAssetType
32979,Functions,GetUxmlObjectFactory
32980,Functions,get_slots
32981,Functions,get_contentContainerId
32989,Functions,TryGetSlotInsertionPoint
32991,Functions,TryGetUsingEntry
33010,Functions,UpdateUxmlObjectAssetsParentId
33017,Functions,m_HasUpdatedUrls
33027,Functions,importerWithUpdatedUrls
33040,Functions,get_path
33041,Functions,get_asset
33061,Functions,<get_stylesheets>d__40
33079,Functions,<get_templateDependencies>d__30
33087,Functions,get_veaIdsPath
33089,Functions,get_templateAsset
33091,Functions,get_slotInsertionPoints
33094,Functions,get_serializedDataOverrides
33096,Functions,get_namesPath
33098,Functions,get_hasOverrides
33113,Heroes;CombatStats,SerializedDataOverrideRange
33179,Functions,get_property
33183,Functions,defaultActionAtTargetCategories
33186,Functions,GetDefaultEventInterests
33188,Functions,GetEventCategory
33193,Functions,DefaultActionAtTargetCategories
33211,Functions,TargetOnly
33220,Economy,IExperimentalFeatures
33221,Functions,get_animation
33225,Functions,VisualElementFocusChangeTarget
33227,Functions,get_defaultFocusOrder
33236,Functions,GetFocusableInternalIndex
33237,Functions,GetNextFocusableInSequence
33238,Functions,GetNextFocusableInTree
33239,Functions,GetPreviousFocusableInTree
33257,Functions,get_count
33260,Functions,GetUniqueName
33261,Functions,GetFoldoutDepth
33269,Functions,get_stylePropertyAnimationProfilerMarker
33279,Functions,lastUpdate
33281,Functions,VisualTreeHierarchyFlagsUpdater
33282,Functions,GetChildrenMustDirtyFlags
33288,Functions,VisualTreeWorldSpaceHierarchyFlagsUpdater
33289,Functions,GetParentMustDirtyFlags
33290,Functions,HierarchyChangeType
33296,Functions,BaseVisualTreeHierarchyTrackerUpdater
33305,Functions,VisualTreeLayoutUpdater
33308,Functions,UpdateHierarchyDisplayed
33309,Functions,UpdateSubTree
33315,Functions,k_UpdateSubTreeMarker
33325,Functions,VisualTreeStyleUpdater
33326,Functions,m_ApplyStyleUpdateList
33327,Functions,m_TransitionPropertyUpdateList
33331,Functions,get_styleSheetCount
33334,Heroes;CombatStats,RemoveStyleSheetRange
33335,Functions,GetStyleSheetAt
33339,Functions,VisualTreeStyleUpdaterTraversal
33340,Functions,get_currentPixelsPerPoint
33342,Functions,get_currentPanel
33350,Functions,ForceUpdateTransitions
33357,Functions,m_UpdateList
33368,Functions,VisualTreeUpdatePhase
33372,Functions,VisualTreeUpdater
33373,Functions,UpdateVisualTreePhase
33374,Functions,SetDefaultUpdaters
33375,Functions,m_UpdaterArray
33376,Functions,UpdaterArray
33377,Functions,m_VisualTreeUpdaters
33378,Functions,IVisualTreeUpdater
33379,Functions,BaseVisualTreeUpdater
33391,Functions,GetWorldSpaceData
33404,Heroes;CombatStats;Functions,GfxUpdateBufferRange
33406,Heroes;CombatStats,DrawBufferRange
33416,Functions,add_EngineUpdate
33417,Functions,remove_EngineUpdate
33418,CombatStats,add_FlushPendingResources
33419,CombatStats,remove_FlushPendingResources
33421,Functions,RaiseEngineUpdate
33422,CombatStats,RaiseFlushPendingResources
33426,Heroes;CombatStats,rangeCount
33427,Heroes;CombatStats,writeRangeStart
33428,Heroes;CombatStats,writeRangeEnd
33429,Heroes;CombatStats;Functions,UpdateBufferRanges
33431,Functions,GetVertexDeclaration
33435,Heroes;CombatStats,DrawRanges
33449,Heroes;CombatStats,HasMappedBufferRange
33455,Functions,GetActiveViewport
33460,Functions,GetUnityProjectionMatrix
33462,Functions,GetVertexDeclaration_Injected
33466,Functions,GetActiveViewport_Injected
33467,Functions,GetUnityProjectionMatrix_Injected
33469,Functions,EngineUpdate
33470,CombatStats,FlushPendingResources
33471,Functions,s_MarkerRaiseEngineUpdate
33474,Heroes;CombatStats,rangesMin
33475,Heroes;CombatStats,rangesMax
33476,Heroes;CombatStats;Functions,UpdateRanges
33477,Functions,get_ElementStride
33478,Functions,get_BufferPointer
33485,Functions,GetIntPtr
33507,CombatStats,ApplyBatchProps
33511,Heroes;CombatStats,firstRange
33524,Heroes;CombatStats,m_DrawRanges
33527,Functions,get_defaultCommandList
33528,Functions,GetOrCreateCommandList
33558,Economy,m_IndexPool
33587,Functions,get_childrenIndex
33588,Functions,get_headAllocs
33589,Functions,get_tailAllocs
33590,Functions,get_flattenedEntries
33608,Functions,get_firstHeadCommand
33610,Functions,get_lastHeadCommand
33612,Functions,get_firstTailCommand
33614,Functions,get_lastTailCommand
33618,Heroes;CombatStats,ProcessRange
33630,Functions,UpdateOrAllocate
33634,CombatStats,m_MaskDepthPopped
33635,CombatStats,m_MaskDepthPushed
33715,Functions,get_MustCommit
33804,Functions,get_textJobSystem
33819,Functions,GetVisualElementRadii
33832,Functions,targetUV
33838,Heroes,k_MarkerDrawVectorImage
33885,Heroes,DrawVectorImage
33889,Functions,GetSlice
33897,Functions,GetPages
33922,Functions,OpacityIdUpdateJob
33949,Functions,get_isGroupTransform
33950,Functions,get_isIgnoringDynamicColorHint
33951,Functions,get_hasExtraData
33952,Functions,get_hasExtraMeshes
33953,Functions,get_isSubTreeQuad
33954,Functions,get_isNestedRenderTreeRoot
33955,Functions,get_isClippingRectDirty
33956,Functions,get_clippingRect
33958,Functions,get_clippingRectMinusGroup
33960,Functions,get_clippingRectIsInfinite
33962,Functions,UpdateClippingRect
33966,Functions,GetLocalClippingRect
34016,WavePerks,ShaderDiscard
34023,Functions,GetTransformIDTransformInfo
34024,Functions,GetClipRectIDClipInfo
34048,Functions,UpdateTextCoreSettings
34052,Functions,UpdateLocalFlipsWinding
34053,Functions,UpdateZeroScaling
34073,Functions,get_renderTreeManager
34074,Functions,get_rootRenderData
34075,Functions,get_dirtyTracker
34076,Functions,get_firstCommand
34077,Functions,get_isRootRenderTree
34115,Functions,GetReadMargins
34116,Functions,GetWriteMargins
34117,Functions,UpdateDrawBounds_PostOrder
34132,Functions,get_renderTree
34133,Functions,get_FilterPass
34134,Functions,get_FilterPassIndex
34152,Functions,recursiveClipUpdates
34153,Economy;Functions,recursiveClipUpdatesExpanded
34154,Functions,nonRecursiveClipUpdates
34155,Functions,recursiveTransformUpdates
34156,Economy;Functions,recursiveTransformUpdatesExpanded
34157,Functions,recursiveOpacityUpdates
34158,Economy;Functions,recursiveOpacityUpdatesExpanded
34159,Functions,opacityIdUpdates
34160,Functions,colorUpdates
34161,Economy;Functions,colorUpdatesExpanded
34162,Functions,recursiveVisualUpdates
34163,Economy;Functions,recursiveVisualUpdatesExpanded
34164,Functions,nonRecursiveVisualUpdates
34166,Functions,nudgeTransformed
34169,Functions,visualUpdateTransformed
34170,Functions,updatedMeshAllocations
34175,Functions,get_textureRegistry
34176,Functions,get_visualChangesProcessor
34177,Functions,get_opacityIdAccelerator
34179,Functions,GetPooledRenderData
34181,Functions,GetPooledRenderTree
34185,Functions,get_statsByRef
34207,Functions,get_device
34209,Functions,get_elementBuilder
34210,Heroes;Economy;Functions,get_vectorImageManager
34211,Heroes;Economy,set_vectorImageManager
34212,Functions,get_tempMeshAllocator
34214,Functions,get_meshWriteDataPool
34215,Functions,get_entryPool
34216,Functions,get_meshGenerationDeferrer
34217,Functions,get_meshGenerationNodeManager
34219,Functions,get_jobManager
34222,Functions,get_drawInCameras
34226,Functions,GetOrAddExtraData
34232,Heroes,InsertVectorImage
34260,Heroes;Economy,<vectorImageManager>k__BackingField
34273,Heroes;Economy,vectorImageManager
34279,Functions,get_meshGenerationContext
34282,Functions,UpdateWorldFlipsWinding
34284,Functions,UpdateOpacityId
34285,Functions,DoUpdateOpacityId
34288,Functions,k_UpdateOpacityIdMarker
34307,Functions,UpdateTexture
34309,Functions,s_MarkerGetTextureData
34310,Functions,s_MarkerUpdateTexture
34313,Economy,CreateOrExpandTexture
34326,Functions,get_defaultMaterial
34328,Functions,GetOrCreateMaterial
34361,Economy,m_VertexPool
34394,Functions,get_FreeSlots
34425,Functions,get_entryWidth
34426,Functions,get_entryHeight
34427,Functions,GetAllocPageAtlasLocation
34436,Functions,get_pageWidth
34437,Functions,get_pageHeight
34496,Heroes,vectorImageInfo
34524,Functions,updateAllocID
34526,Functions,get_maxVerticesPerPage
34534,Functions,UpdateCopyBackIndices
34535,Functions,ActiveUpdatesForMeshHandle
34539,Functions,allocToUpdate
34540,Functions,UpdateAfterGPUUsedData
34549,Heroes;CombatStats,kickRanges
34560,Progression,EvaluateChain
34564,Functions,UpdateFenceValue
34565,Heroes;CombatStats,rangesReady
34566,Heroes;CombatStats,rangesStart
34567,Heroes;CombatStats,rangesCount
34569,Heroes;CombatStats,KickRanges
34571,Progression,PruneUnusedPages
34577,Functions,OnEngineUpdateGlobal
34578,CombatStats,OnFlushPendingResources
34580,Progression,k_PruneEmptyPageFrameCount
34583,Economy,m_LargeMeshVertexCount
34586,Functions,m_Updates
34591,CombatStats,m_BatchProps
34593,Functions,m_NextUpdateID
34614,Functions,AllocToUpdate
34623,CombatStats,MustApplyBatchProps
34641,CombatStats,batchProps
34651,Heroes;CombatStats,drawRangeCount
34652,Heroes;CombatStats,drawRangeCallCount
34660,Functions,get_totalSize
34661,Functions,get_highWatermark
34662,CombatStats,CoalesceBlockWithPrevious
34675,Functions,get_size
34690,Heroes;CombatStats;Functions,updateRangePoolSize
34691,Functions,RegisterUpdate
34692,Functions,SendUpdates
34693,Heroes;CombatStats,SendFullRange
34694,Heroes;CombatStats,SendPartialRanges
34695,Functions,ResetUpdateState
34697,Heroes;CombatStats,s_RangesMemoryLabel
34700,Heroes;CombatStats;Functions,updateRanges
34701,Heroes;CombatStats;Functions,m_UpdateRangePoolSize
34703,Heroes;Economy;CombatStats;Functions,m_UpdateRangeMin
34704,Heroes;Economy;CombatStats;Functions,m_UpdateRangeMax
34705,Heroes;CombatStats;Functions,m_UpdateRangesEnqueued
34706,Heroes;CombatStats;Functions,m_UpdateRangesBatchStart
34707,Heroes;CombatStats;Functions,m_UpdateRangesSaturated
34735,Functions,get_Undefined
34736,Functions,get_PointScaleFactor
34737,Functions,get_Measure
34739,Functions,get_Baseline
34756,Functions,get_IsSharedManagerCreated
34757,Functions,get_SharedManager
34759,Functions,get_DefaultCapacity
34760,Functions,GetManager
34762,Functions,GetAccess
34763,Functions,GetDefaultConfig
34773,Functions,GetOwner
34775,Functions,GetMeasureFunction
34777,Functions,GetBaselineFunction
34796,Functions,get_LayoutX
34797,Functions,get_LayoutY
34798,Functions,get_LayoutRight
34799,Functions,get_LayoutBottom
34800,Functions,get_LayoutWidth
34801,Functions,get_LayoutHeight
34802,Functions,get_LayoutMarginLeft
34803,Functions,get_LayoutMarginTop
34804,Functions,get_LayoutMarginRight
34805,Functions,get_LayoutMarginBottom
34806,Functions,get_LayoutPaddingLeft
34807,Functions,get_LayoutPaddingTop
34808,Functions,get_LayoutPaddingRight
34809,Functions,get_LayoutPaddingBottom
34810,Functions,get_LayoutBorderLeft
34811,Functions,get_LayoutBorderTop
34812,Functions,get_LayoutBorderRight
34813,Functions,get_LayoutBorderBottom
34814,Functions,get_ComputedFlexBasis
34816,Functions,GetLayoutValue
34858,Economy,SetStyleEdgeMargin
34863,Functions,get_IsUndefined
34864,Functions,get_Layout
34865,Functions,get_Style
34866,Functions,get_Cache
34867,Functions,get_IsDirty
34869,Functions,get_HasNewLayout
34871,Functions,get_UsesMeasure
34873,Functions,get_Config
34878,Functions,CalculateLayout
34949,Functions,get_NextMeasurementCache
34961,Functions,get_MarginBuffer
34962,Functions,get_BorderBuffer
34963,Functions,get_PaddingBuffer
34988,Functions,GetTypedNodeDataRef
34989,Functions,GetTypedConfigDataRef
34990,Functions,GetNodeData
34991,Functions,GetStyleData
34992,Functions,GetComputedData
34993,Functions,GetCacheData
34994,Functions,GetConfigData
35000,Functions,GetComponentDataPtr
35002,Functions,GetNextFreeIndex
35026,Functions,TargetSize
35050,Functions,get_IsCreated
35060,Functions,get_Unit
35121,Functions,TryGetSyntax
35122,Functions,TryGetNonTerminalValue
35133,Heroes,BackgroundImage
35175,Functions,TryGetEnumIntValue
35178,Functions,get_propertyNameToStylePropertyId
35179,Functions,get_stylePropertyIdToPropertyName
35190,Functions,GetSelectorSpecificity
35198,Heroes,normalImage
35199,Heroes,highResolutionImage
35203,Functions,get_m_CurrentValueIndex
35205,Functions,get_propertyId
35207,Functions,get_valueCount
35209,Functions,get_dpiScaling
35214,Functions,GetValueType
35228,Bosses,ReadTextShadow
35248,Heroes;Functions,TryGetImageSourceFromValue
35249,Functions,getCursorIdFunc
35260,Functions,GetCursorIdFunction
35275,Functions,TryGetColor
35284,Economy,ExpectedEndOfValue
35286,Functions,get_success
35293,CombatStats,MatchPercentage
35302,Functions,get_isCurrentVariable
35303,Functions,get_isCurrentComma
35304,Functions,get_hasCurrent
35305,Functions,get_currentIndex
35307,Functions,get_matchedVariableCount
35312,Economy,MatchExpression
35313,Economy,MatchExpressionWithMultiplier
35331,Economy,Expression
35336,Economy,subExpressions
35337,Economy,ExpressionType
35344,Economy,ExpressionCombinator
35349,Economy,ExpressionMultiplierType
35353,Heroes;CombatStats,Ranges
35356,Economy,ExpressionMultiplier
35359,Economy,ParseExpression
35369,Heroes;CombatStats,ParseRanges
35371,Economy,IsExpressionEnd
35374,Economy,m_ProcessExpressionList
35375,Economy,m_ExpressionStack
35377,Economy,m_ParsedExpressionCache
35404,Economy,UnityEngine.UIElements.Experimental
35447,Functions,IValueAnimationUpdate
35451,Functions,get_durationMs
35453,Functions,get_easingCurve
35455,Functions,get_isRunning
35457,Functions,get_onAnimationCompleted
35459,Functions,get_autoRecycle
35461,Functions,get_recycled
35463,Functions,get_owner
35465,Functions,get_valueUpdated
35466,Functions,set_valueUpdated
35467,Functions,get_initialValue
35469,Functions,get_interpolator
35471,Functions,get_from
35473,Functions,get_to
35475,Economy;Functions,UnityEngine.UIElements.Experimental.IValueAnimationUpdate.Tick
35488,Functions,<valueUpdated>k__BackingField
35498,Functions,valueUpdated
35503,Functions,get_maxDepth
35515,Functions,get_propertyPathInfos
35517,Functions,get_types
35518,Functions,get_currentDepth
35528,Functions,get_Path
35531,Functions,get_ReturnCode
35543,Functions,get_columnLayout
35564,Functions,get_isApplyingViewState
35565,Functions,get_columnDataMap
35566,Functions,get_columnContainer
35567,Functions,get_resizeHandleContainer
35568,Functions,get_sortedColumns
35569,Functions,get_sortedColumnReadonly
35570,Functions,get_sortDescriptions
35572,Functions,get_sortingEnabled
35577,Functions,UpdateSortedColumns
35578,Functions,UpdateColumnControls
35584,Functions,UpdateSortColumnDescriptionsOnClick
35589,Functions,UpdateSortingStatus
35597,Functions,m_SortingUpdatesTemporarilyDisabled
35614,Functions,get_control
35616,Functions,get_resizeHandle
35626,Functions,<UpdateSortColumnDescriptionsOnClick>b__0
35633,Heroes;Functions,get_isImageInline
35634,Heroes,set_isImageInline
35635,Functions,UpdateClassList
35637,Heroes,<isImageInline>k__BackingField
35638,Heroes,isImageInline
35640,Functions,get_mover
35642,Functions,get_content
35644,Functions,get_isContentBound
35649,Functions,UpdateDataFromColumn
35655,Functions,UpdateHeaderTemplate
35656,Functions,UpdateGeometryFromColumn
35671,Functions,m_ScheduledHeaderTemplateUpdate
35676,Functions,get_dragArea
35704,CombatStats,InitiateCredWithPassword
35710,Functions,targetName
35724,Functions,GetGssApiDisplayStatus
35740,Economy,GSS_S_CREDENTIALS_EXPIRED
35741,Economy,GSS_S_CONTEXT_EXPIRED
35763,Functions,GetX509Pal
35764,Functions,get_X509Pal
35777,Functions,get_SupportsLegacyBasicConstraintsExtension
35778,Functions,GetCertContentType
35784,Progression,nativeCertificateChain
35795,Functions,GetUnityTlsInterface
35796,Functions,get_IsSupported
35797,Functions,get_NativeInterface
35826,Functions,unitytls_log_level
35827,Functions,UNITYTLS_LOGLEVEL_MIN
35828,Functions,UNITYTLS_LOGLEVEL_FATAL
35829,Functions,UNITYTLS_LOGLEVEL_ERROR
35830,Functions,UNITYTLS_LOGLEVEL_WARN
35831,Functions,UNITYTLS_LOGLEVEL_INFO
35832,Functions,UNITYTLS_LOGLEVEL_DEBUG
35833,Functions,UNITYTLS_LOGLEVEL_TRACE
35834,Functions,UNITYTLS_LOGLEVEL_MAX
35846,Economy,UNITYTLS_X509VERIFY_FLAG_EXPIRED
35851,Economy,UNITYTLS_X509VERIFY_FLAG_BADCRL_EXPIRED
35885,Heroes;CombatStats,unitytls_tlsctx_protocolrange
35901,Heroes;CombatStats,UNITYTLS_TLSCTX_PROTOCOLRANGE_DEFAULT
35904,Functions,unitytls_key_get_ref
35908,Economy,unitytls_x509_export_der
35909,Functions,unitytls_x509list_get_ref
35910,Functions,unitytls_x509list_get_x509
35917,Economy,unitytls_x509verify_explicit_ca
35925,Functions,unitytls_tlsctx_get_ciphersuite
35926,Functions,unitytls_tlsctx_get_protocol
35934,Functions,unitytls_tlsctx_set_trace_level
35937,Functions,unitytls_key_get_ref_t
35941,Economy,unitytls_x509_export_der_t
35942,Functions,unitytls_x509list_get_ref_t
35943,Functions,unitytls_x509list_get_x509_t
35949,Economy,unitytls_x509verify_explicit_ca_t
35965,Functions,unitytls_tlsctx_get_ciphersuite_t
35966,Functions,unitytls_tlsctx_get_protocol_t
35974,Functions,unitytls_tlsctx_set_trace_level_t
35979,Functions,get_IsAuthenticated
35980,Functions,get_LocalClientCertificate
35981,Functions,get_RemoteCertificate
35998,Functions,localClientCertificate
36007,Functions,LocalClientCertificate
36011,Functions,GetMinProtocol
36012,Functions,GetMaxProtocol
36019,Functions,get_SupportsSslStream
36020,Functions,get_SupportsMonoExtensions
36021,Functions,get_SupportsConnectionInfo
36022,Functions,get_SupportsCleanShutdown
36023,Functions,get_SupportedProtocols
36030,Functions,targetHost
36046,Progression;Functions,get_NativeCertificateChain
36047,Functions,get_ChainElements
36049,Functions,get_ChainPolicy
36052,Progression,NativeCertificateChain
36057,Functions,get_EndOffset
36067,Functions,get_UserResult
36072,Functions,get_RunSynchronously
36093,Functions,get_UserBuffer
36094,Functions,get_CurrentSize
36103,Functions,GetInternalValidator
36105,Functions,GetValidationCallback
36106,Functions,localCertificates
36109,Functions,get_Settings
36116,Progression,ValidateChain
36121,Functions,<GetValidationCallback>b__0
36123,Functions,get_SslStream
36124,Functions,get_Provider
36125,Functions,get_TargetHost
36126,Functions,set_TargetHost
36130,Functions,GetSSPIException
36131,Functions,GetInternalError
36132,Functions,GetInvalidNestedCallException
36153,Functions,get_LocalCertificate
36154,Functions,get_InternalLocalCertificate
36167,Functions,<TargetHost>k__BackingField
36171,Functions,TargetHost
36172,Functions,LocalCertificate
36173,Functions,InternalLocalCertificate
36184,Functions,get_IsServer
36185,Functions,get_ServerName
36186,Functions,get_AskForClientCertificate
36187,Functions,get_ClientCertificates
36188,Functions,get_LocalServerCertificate
36205,Functions,get_ServerMode
36206,Functions,get_EnabledSslProtocols
36210,Functions,get_ServerCertificate
36213,Functions,get_ClientCertificateRequired
36215,Functions,get_ServerCertSelectionDelegate
36227,Functions,GetProviderInternal
36234,Functions,GetProvider
36242,Functions,get_Request
36243,Functions,get_ExceptionStatus
36244,Functions,get_CertificateValidationFailed
36277,Functions,get_CanPreAuthenticate
36309,Functions,GetSimpleNameInfo
36312,Heroes,otherOid
36348,Heroes;CombatStats,FindCompressionRange
36394,Heroes;CombatStats,CheckIriUnicodeRange
36401,Functions,get_IsImplicitFile
36402,Functions,get_IsUncOrDosPath
36403,Functions,get_IsDosPath
36404,Functions,get_IsUncPath
36405,Functions,get_HostType
36406,Functions,get_Syntax
36407,Functions,get_IsNotAbsoluteUri
36409,Functions,get_AllowIdn
36413,Functions,get_UserDrivenParsing
36415,Functions,get_SecuredPathIndex
36433,Functions,GetCombinedString
36434,Functions,get_AbsolutePath
36435,Functions,get_PrivateAbsolutePath
36436,Functions,get_AbsoluteUri
36437,Functions,get_LocalPath
36438,Functions,get_Authority
36439,Functions,get_HostNameType
36440,Functions,get_IsDefaultPort
36441,Functions,get_IsFile
36442,Functions,get_IsLoopback
36443,Functions,get_PathAndQuery
36444,Functions,get_Segments
36445,Functions,get_IsUnc
36446,Functions,get_Host
36448,Functions,get_InitializeLock
36450,Functions,GetLocalPath
36451,Functions,get_Port
36452,Functions,get_Query
36453,Functions,get_Fragment
36454,Functions,get_Scheme
36455,Heroes;Functions,get_OriginalStringSwitched
36456,Functions,get_DnsSafeHost
36457,Functions,get_IsAbsoluteUri
36458,Functions,get_UserEscaped
36459,Functions,get_UserInfo
36478,Functions,GetHostViaCustomSyntax
36481,Functions,GetParts
36482,Functions,GetEscapedParts
36483,Functions,GetUnescapedParts
36486,Functions,GetUriPartsFromUserString
36504,Functions,GetCanonicalPath
36507,Functions,CalculateCaseInsensitiveHashCode
36512,Functions,get_HasAuthority
36524,Functions,GetComponents
36537,Functions,GetRelativeSerializationString
36539,Functions,GetComponentsHelper
36605,Heroes,OriginalStringSwitched
36726,Progression,minReallocateChars
36740,Progression,IsNotSafeForUnescape
36750,Functions,get_SchemeName
36751,Functions,get_DefaultPort
36755,Functions,get_ShouldUseLegacyV2Quirks
36760,Functions,GetSyntax
36761,Functions,get_IsSimple
36768,Functions,InternalGetComponents
36772,Functions,m_UpdatableFlags
36773,Functions,m_UpdatableFlagsUsed
36774,Functions,c_UpdatableFlags
36862,Heroes,LocalAppContextSwitches
36868,Functions,get_AsyncCallback
36878,Functions,get_Description
36899,Functions,get_InitialThreshold
36900,Functions,get_MaximumThreshold
36906,Economy,System.Text.RegularExpressions
36908,Functions,get_Text
36909,Functions,GetLeftSubstring
36910,Functions,GetRightSubstring
36914,Economy;Functions,System.Collections.Generic.IEnumerable<System.Text.RegularExpressions.Capture>.GetEnumerator
36915,Functions,GetCapture
36917,Economy,System.Collections.Generic.IList<System.Text.RegularExpressions.Capture>.IndexOf
36918,Economy,System.Collections.Generic.IList<System.Text.RegularExpressions.Capture>.Insert
36919,Economy,System.Collections.Generic.IList<System.Text.RegularExpressions.Capture>.RemoveAt
36920,Economy;Functions,System.Collections.Generic.IList<System.Text.RegularExpressions.Capture>.get_Item
36921,Economy,System.Collections.Generic.IList<System.Text.RegularExpressions.Capture>.set_Item
36922,Economy,System.Collections.Generic.ICollection<System.Text.RegularExpressions.Capture>.Add
36923,Economy,System.Collections.Generic.ICollection<System.Text.RegularExpressions.Capture>.Clear
36924,Economy,System.Collections.Generic.ICollection<System.Text.RegularExpressions.Capture>.Contains
36925,Economy,System.Collections.Generic.ICollection<System.Text.RegularExpressions.Capture>.Remove
36929,Economy,System.Collections.Generic.IList<System.Text.RegularExpressions.Capture>.Item
36933,Functions,get_Success
36940,Economy;Functions,System.Collections.Generic.IEnumerable<System.Text.RegularExpressions.Group>.GetEnumerator
36941,Functions,GetGroup
36942,Functions,GetGroupImpl
36943,Economy,System.Collections.Generic.IList<System.Text.RegularExpressions.Group>.IndexOf
36944,Economy,System.Collections.Generic.IList<System.Text.RegularExpressions.Group>.Insert
36945,Economy,System.Collections.Generic.IList<System.Text.RegularExpressions.Group>.RemoveAt
36946,Economy;Functions,System.Collections.Generic.IList<System.Text.RegularExpressions.Group>.get_Item
36947,Economy,System.Collections.Generic.IList<System.Text.RegularExpressions.Group>.set_Item
36948,Economy,System.Collections.Generic.ICollection<System.Text.RegularExpressions.Group>.Add
36949,Economy,System.Collections.Generic.ICollection<System.Text.RegularExpressions.Group>.Clear
36950,Economy,System.Collections.Generic.ICollection<System.Text.RegularExpressions.Group>.Contains
36951,Economy,System.Collections.Generic.ICollection<System.Text.RegularExpressions.Group>.Remove
36955,Economy,System.Collections.Generic.IList<System.Text.RegularExpressions.Group>.Item
36962,Functions,get_Groups
36987,Economy;Functions,System.Collections.Generic.IEnumerable<System.Text.RegularExpressions.Match>.GetEnumerator
36988,Functions,GetMatch
36989,Economy,System.Collections.Generic.IList<System.Text.RegularExpressions.Match>.IndexOf
36990,Economy,System.Collections.Generic.IList<System.Text.RegularExpressions.Match>.Insert
36991,Economy,System.Collections.Generic.IList<System.Text.RegularExpressions.Match>.RemoveAt
36992,Economy;Functions,System.Collections.Generic.IList<System.Text.RegularExpressions.Match>.get_Item
36993,Economy,System.Collections.Generic.IList<System.Text.RegularExpressions.Match>.set_Item
36994,Economy,System.Collections.Generic.ICollection<System.Text.RegularExpressions.Match>.Add
36995,Economy,System.Collections.Generic.ICollection<System.Text.RegularExpressions.Match>.Clear
36996,Economy,System.Collections.Generic.ICollection<System.Text.RegularExpressions.Match>.Contains
36997,Economy,System.Collections.Generic.ICollection<System.Text.RegularExpressions.Match>.Remove
37003,Economy,System.Collections.Generic.IList<System.Text.RegularExpressions.Match>.Item
37008,Functions,GetCachedCode
37009,Functions,GetCachedCodeEntryInternal
37011,Functions,TryGetCacheValue
37012,Functions,TryGetCacheValueSmall
37020,Functions,get_RightToLeft
37028,Heroes,CacheDictionarySwitchLimit
37073,Functions,get_CanMerge
37085,Heroes;CombatStats,AddLowercaseRange
37109,Heroes;CombatStats,RangeCount
37111,Heroes;CombatStats;Functions,GetRangeAt
37129,Heroes;CombatStats,_rangelist
37176,Functions,Getmark
37182,Progression,Prune
37209,Functions,CalculateFC
37219,Functions,get_CaseInsensitive
37221,Functions,GetFirstChars
37260,Economy,regexPattern
37261,Functions,get_Input
37262,Functions,get_Pattern
37263,Functions,get_MatchTimeout
37285,Economy,ExplicitCapture
37291,Economy,RegexParser
37369,Economy,RegexPrefix
37370,Functions,get_Prefix
37454,Heroes,Switch
37455,Heroes,defaultSwitchValue
37456,Heroes;Progression,_pruneCachedSwitches
37457,Heroes,switchValueString
37458,Heroes,switches
37460,Heroes;Functions,SwitchLevelAttribute
37461,Heroes;Functions,switchLevelType
37462,Heroes;Functions,set_SwitchLevelType
37463,Heroes;Functions,SwitchLevelType
37464,Functions,TraceLevel
37465,Heroes,TraceSwitch
37467,Functions,GetTimestamp
37468,Functions,get_Elapsed
37469,Functions,get_ElapsedMilliseconds
37470,Functions,get_ElapsedTicks
37471,Functions,get_IsRunning
37509,Functions,get_CustomChannelBinding
37510,Functions,get_PolicyEnforcement
37518,Functions,get_HasData
37571,Functions,get_FriendlyName
37592,Functions,get_Oid
37651,Economy,ExplicitDistrust
37652,CombatStats,HasNotSupportedCriticalExtension
37663,Economy,FindByTimeExpired
37671,Heroes,EncipherOnly
37679,Heroes,DecipherOnly
37713,Functions,get_EncodedKeyValue
37714,Functions,get_EncodedParameters
37716,Functions,GetUnsignedBigInteger
37731,CombatStats,critical
37735,Functions,get_CertificateAuthority
37736,Functions,get_HasPathLengthConstraint
37737,Functions,get_PathLengthConstraint
37744,Functions,get_Extensions
37745,Functions,get_PrivateKey
37746,Functions,get_IssuerName
37747,Functions,get_PublicKey
37748,Functions,get_SubjectName
37762,Functions,GetKeyIdentifier
37771,Functions,get_IntermediateCertificates
37776,Functions,get_Cert
37778,Functions,get_MonoCertificate
37796,Functions,get_Certificate
37797,Functions,get_ChainElementStatus
37798,Functions,get_StatusFlags
37809,Functions,get_Roots
37810,Functions,get_CertificateAuthorities
37811,Functions,get_LMRootStore
37812,Functions,get_UserRootStore
37813,Functions,get_LMCAStore
37814,Functions,get_UserCAStore
37815,Functions,get_CertificateCollection
37826,Functions,GetSubjectKeyIdentifier
37827,Functions,GetAuthorityKeyIdentifier
37854,Functions,get_ExtraStore
37855,Functions,get_RevocationFlag
37856,Functions,get_RevocationMode
37858,Functions,get_VerificationFlags
37860,Functions,get_VerificationTime
37874,Functions,GetInformation
37881,CombatStats;Functions,get_Critical
37882,CombatStats,set_Critical
37884,CombatStats,_critical
37888,Functions,GetMonoCertificate
37889,Progression,CreateChainImpl
37890,Functions,GetInvalidChainContextException
37891,Functions,GetSubjectNameHash
37893,Economy,ExportAsPEM
37897,Functions,get_KeyUsages
37898,Functions,GetValidFlags
37904,Functions,get_Certificates
37910,Functions,get_SubjectKeyIdentifier
37928,Functions,get_UserSuppliedState
37942,Functions,get_CancellationPending
37946,Functions,get_IsBusy
37959,Functions,get_WorkerReportsProgress
37961,Functions,get_WorkerSupportsCancellation
37980,Functions,get_Browsable
37985,Functions,get_DescriptionValue
37991,Functions,get_IsDesignOnly
37995,Functions,get_Category
38002,Functions,get_Visibility
38005,Functions,get_DisplayNameValue
38016,Functions,get_Components
38018,Functions,get_Component
38019,Functions,get_Container
38020,Functions,get_DesignMode
38027,Functions,get_InvokeRequired
38031,Functions,get_Immutable
38036,Functions,get_EventName
38044,Functions,get_IsLocalizable
38049,Functions,get_AllowMerge
38055,Functions,get_NewObject
38062,Functions,GetPropertiesSupported
38068,Functions,GetDefaultAttribute
38076,Functions,get_PropertyName
38083,Functions,get_AllowHex
38084,Functions,get_TargetType
38087,Functions,TargetType
38090,Functions,get_Bindable
38091,Functions,get_Direction
38099,Functions,get_ItemTypeHasDefaultConstructor
38107,Functions,get_RaiseListChangedEvents
38117,Functions,get_AddingNewHandled
38119,Functions,get_AllowNew
38122,Functions,get_AllowEdit
38125,Functions,get_AllowRemove
38129,Functions,get_SupportsChangeNotificationCore
38131,Functions,get_SupportsSearchingCore
38133,Functions,get_SupportsSortingCore
38135,Functions,get_IsSortedCore
38137,Functions,get_SortPropertyCore
38139,Functions,get_SortDirectionCore
38188,Functions,GetStandardValues
38189,Functions,GetStandardValuesExclusive
38190,Functions,GetStandardValuesSupported
38197,Functions,get_Action
38198,Functions,get_Element
38205,Functions,get_DataSource
38206,Functions,get_DataMember
38217,Functions,get_DefaultCultureString
38218,Functions,GetCultureName
38227,Functions,GetCultureInfoName
38230,Functions,GetComponentName
38231,Functions,GetConverter
38232,Functions,GetDefaultEvent
38233,Functions,GetDefaultProperty
38235,Functions,GetEditor
38236,Functions,GetPropertyOwner
38239,Functions,get_IsDataObject
38248,Functions,get_IsIdentity
38249,Functions,get_IsNullable
38250,Functions,get_PrimaryKey
38260,Functions,get_IsDefault
38261,Functions,get_MethodType
38273,Functions,GetCache
38274,Functions,GetFullComponentName
38275,Functions,GetExtendedTypeDescriptor
38276,Functions,GetExtenderProviders
38277,Functions,GetReflectionType
38278,Functions,GetRuntimeType
38279,Functions,GetTypeDescriptor
38284,Functions,<InheritanceLevel>k__BackingField
38289,Functions,get_TabClasses
38290,Functions,get_TabClassNames
38291,Functions,get_TabScopes
38310,Functions,get_ToolboxItemType
38311,Functions,get_ToolboxItemTypeName
38317,Functions,get_Visible
38322,Functions,get_EditorBaseTypeName
38323,Functions,get_EditorTypeName
38331,Functions,get_ComponentType
38332,Functions,get_EventType
38333,Functions,get_IsMulticast
38353,Economy,ExpandableObjectConverter
38366,Functions,get_ExtenderProperty
38369,Functions,get_ReceiverType
38378,Functions,get_Handled
38384,Functions,get_SupportsChangeNotification
38385,Functions,get_SupportsSearching
38386,Functions,get_SupportsSorting
38387,Functions,get_IsSorted
38388,Functions,get_SortProperty
38389,Functions,get_SortDirection
38400,Functions,get_Filter
38402,Functions,get_SortDescriptions
38404,Functions,get_SupportsAdvancedSorting
38405,Functions,get_SupportsFiltering
38412,Functions,GetPropertyValue
38422,Functions,get_ContainsListCollection
38423,Functions,GetList
38426,Functions,get_Owner
38430,Functions,get_RaisesItemChangedEvents
38436,Functions,get_PropertyDescriptor
38442,Functions,GetListName
38443,Functions,GetItemProperties
38446,Functions,get_InstallerType
38457,Functions,GetLicense
38459,Functions,get_LicenseKey
38465,Economy;Functions,get_UsageMode
38467,Functions,GetSavedLicenseKey
38469,Economy,UsageMode
38475,Functions,GetCachedNoLicenseProvider
38476,Functions,GetCachedProvider
38477,Functions,GetCachedProviderInstance
38492,Functions,get_LicenseProvider
38495,Economy,LicenseUsageMode
38499,Functions,get_ListBindable
38505,Functions,get_ListChangedType
38506,Functions,get_NewIndex
38507,Functions,get_OldIndex
38534,Functions,get_DisplayMember
38535,Functions,get_ValueMember
38536,Functions,get_LookupMember
38546,Functions,get_Events
38547,Functions,get_Site
38559,Functions,get_AllowPromptAsInput
38560,Functions,get_AssignedEditPositionCount
38562,Functions,get_AvailableEditPositionCount
38563,Functions,get_DefaultPasswordChar
38564,Functions,get_EditPositionCount
38565,Functions,get_EditPositions
38566,Functions,get_IncludeLiterals
38568,Functions,get_IncludePrompt
38570,Functions,get_AsciiOnly
38571,Functions,get_IsPassword
38573,Functions,get_InvalidIndex
38574,Functions,get_LastAssignedPosition
38575,Functions,get_Mask
38576,Functions,get_MaskCompleted
38577,Functions,get_MaskFull
38578,Functions,get_PasswordChar
38580,Functions,get_PromptChar
38582,Functions,get_ResetOnPrompt
38584,Functions,get_ResetOnSpace
38586,Functions,get_SkipLiterals
38592,Heroes;CombatStats,FindAssignedEditPositionInRange
38594,Heroes;CombatStats,FindEditPositionInRange
38597,Heroes;CombatStats,FindNonEditPositionInRange
38599,Heroes;CombatStats,FindPositionInRange
38601,Heroes;CombatStats,FindUnassignedEditPositionInRange
38603,Functions,GetOperationResultFromHint
38696,Economy,AsciiCharacterExpected
38697,Economy,AlphanumericCharacterExpected
38698,Economy,DigitExpected
38699,Economy,LetterExpected
38700,Economy,SignedDigitExpected
38705,Heroes;CombatStats,PositionOutOfRange
38708,Functions,get_OwnerName
38716,Functions,GetCreateInstanceSupported
38717,Functions,get_NullableType
38718,Functions,get_UnderlyingType
38719,Functions,get_UnderlyingTypeConverter
38727,Functions,get_Password
38730,Functions,get_Converter
38731,Functions,get_SerializationVisibility
38735,Functions,GetChildProperties
38736,Functions,GetInvocationTarget
38737,Functions,GetTypeFromName
38739,Functions,GetValueChangedHandler
38740,Functions,get_SupportsChangeEvents
38757,Functions,get_ReceiverTypeName
38762,Functions,get_RecommendedAsConfigurable
38786,Functions,get_ComponentChanged
38787,Functions,get_TypeChanged
38795,Functions,get_RunInstaller
38808,Functions,get_FilterString
38809,Functions,get_FilterType
38819,Functions,get_ConverterTypeName
38834,Functions,get_HelpUrl
38835,Functions,get_HelpTopic
38843,Functions,IChangeTracking
38844,Functions,get_IsChanged
38851,Functions,IRevertibleChangeTracking
38856,Functions,get_HasErrors
38857,Functions,GetErrors
38876,Functions,get_Cancelled
38877,Functions,get_UserState
38883,Functions,get_Appearance
38884,Functions,get_Asynchronous
38885,Functions,get_Behavior
38886,Functions,get_Design
38887,Functions,get_DragDrop
38888,Functions,get_Focus
38889,Functions,get_Mouse
38890,Functions,get_WindowStyle
38891,Functions,GetLocalizedString
38908,Heroes,CompModSwitches
38909,Functions,get_CommonDesignerServices
38910,Functions,get_EventLog
38915,Functions,get_CanRaiseEvents
38916,Functions,get_CanRaiseEventsInternal
38934,Functions,get_DesignerBaseTypeName
38935,Functions,get_DesignerTypeName
38940,Functions,get_Argument
38944,Functions,get_EnumType
38948,Functions,UnsafeGetFullPath
38950,Functions,get_LicensedType
38954,Functions,get_AttributeArray
38956,Functions,get_IsBrowsable
38957,Functions,get_NameHashCode
38958,Functions,get_DesignTimeOnly
38963,Functions,GetSite
38964,Functions,GetInvokee
38978,Functions,get_ProgressPercentage
38983,Functions,getMethod
38986,Functions,get_AmbientValue
38987,Functions,get_ChangedEventValue
38988,Functions,get_IPropChangedEventValue
38990,Functions,get_GetMethodValue
38991,Functions,get_IsExtender
38992,Functions,get_ResetMethodValue
38993,Functions,get_SetMethodValue
38994,Functions,get_ShouldSerializeMethodValue
38996,Functions,ExtenderGetReceiverType
38997,Functions,ExtenderGetType
38998,Functions,ExtenderGetValue
39006,Heroes,PropDescCreateSwitch
39007,Heroes,PropDescUsageSwitch
39009,Functions,BitGetQueried
39026,Functions,GetMethodValue
39032,Functions,get_ExtenderProviderKey
39033,Functions,get_IntrinsicTypeConverters
39036,Functions,GetEditorTable
39037,Functions,GetExtendedAttributes
39038,Functions,GetExtendedClassName
39039,Functions,GetExtendedComponentName
39040,Functions,GetExtendedConverter
39041,Functions,GetExtendedDefaultEvent
39042,Functions,GetExtendedDefaultProperty
39043,Functions,GetExtendedEditor
39044,Functions,GetExtendedEvents
39045,Functions,GetExtendedProperties
39046,Functions,GetExtenders
39047,Functions,GetExtendedPropertyOwner
39048,Functions,GetPopulatedTypes
39050,Functions,GetTypeData
39051,Functions,ReflectGetAttributes
39052,Functions,ReflectGetEvents
39053,Functions,ReflectGetExtendedProperties
39054,Functions,ReflectGetProperties
39074,Functions,get_IsPopulated
39075,Functions,GetEditorAttribute
39079,Functions,get_UseCompatibleTypeConversion
39084,Functions,GetConvertFromException
39085,Functions,GetConvertToException
39095,Functions,get_ComNativeDescriptorHandler
39097,Functions,get_ComObjectType
39098,Functions,get_InterfaceType
39099,Functions,get_MetadataVersion
39117,Functions,GetAssociation
39118,Functions,GetDescriptor
39119,Functions,GetExtendedDescriptor
39120,Functions,GetExtenderCollisionSuffix
39122,Functions,GetNodeForBaseType
39124,Functions,GetPropertiesImpl
39125,Functions,GetProviderRecursive
39169,Functions,get_Handler
39203,Functions,get_NativeErrorCode
39208,Functions,get_NotifyParent
39212,Functions,get_NeedParenthesis
39214,CombatStats,RefreshProperties
39215,CombatStats,RefreshPropertiesAttribute
39216,CombatStats;Functions,get_RefreshProperties
39229,Heroes,s_runtimeLicenseContextSwitch
39236,Functions,GetDesigner
39240,Functions,GetReferences
39246,Functions,GetPathOfAssembly
39260,Functions,get_Arguments
39269,Functions,get_SerializerBaseTypeName
39311,Functions,GetAsOneString
39312,Functions,GetAsStringArray
39315,Functions,get_AllKeys
39320,Functions,get_objectsArray
39321,Functions,get_objectsTable
39359,Functions,BaseGet
39361,Functions,BaseGetKey
39362,Functions,BaseGetAllKeys
39381,Functions,get_DefaultComparer
39382,Functions,get_DefaultHashCodeProvider
39383,CombatStats,defaultHashProvider
39391,Functions,GetCurrentThreadWorkStealingQueue
39393,Functions,GetUnownedWorkStealingQueue
39399,Functions,get_DangerousCount
39400,Functions,get_GlobalQueuesLock
39422,Functions,get_First
39423,Functions,get_Last
39435,Functions,get_Next
39437,Functions,GetKeyListHelper
39438,Functions,GetValueListHelper
39451,Functions,CompressionLevel
39458,Functions,compressionLevel
39499,Functions,get_ContextCopy
39502,CombatStats,FinishPostingAsyncOp
39508,Functions,get_RemoteEndPoint
39525,Functions,GetContextFlagsPalFromInterop
39526,Functions,GetInteropFromContextFlagsPal
39552,Functions,UnverifiedTargetName
39571,CombatStats,CriticalFailure
39575,Functions,get_IsEnabled
39587,CombatStats,CriticalFailureEventId
39601,Functions,get_IsValidContext
39602,Functions,get_Package
39603,Functions,get_ClientSpecifiedSpn
39604,Functions,get_ProtocolName
39605,Functions,get_IsKerberos
39610,Functions,GetContext
39614,Functions,GetOutgoingBlob
39617,Functions,GetClientSpecifiedSpn
39640,Heroes;CombatStats,RangeValidationHelpers
39643,Heroes;CombatStats,ValidateRange
39653,Economy,ContextExpired
39656,Functions,TargetUnknown
39678,Economy,CertExpired
39681,WavePerks,SmartcardLogonRequired
39706,Functions,get_ReadState
39707,Functions,get_WriteState
39712,Functions,GetStream
39713,Functions,GetEncodedString
39735,Functions,get_Val
39737,Functions,get_Pos
39753,Functions,InternalGet
39761,Heroes,SwitchingProtocols
39801,Heroes;CombatStats,RequestedRangeNotSatisfiable
39802,Economy,ExpectationFailed
39826,Functions,get_IsIPv4
39827,Functions,get_IsIPv6
39828,Functions,get_PrivateAddress
39830,Functions,get_PrivateScopeId
39839,Functions,GetAddressBytes
39840,Functions,get_AddressFamily
39841,Functions,get_ScopeId
39846,Functions,get_IsIPv6Multicast
39847,Functions,get_IsIPv6LinkLocal
39848,Functions,get_IsIPv6SiteLocal
39849,Functions,get_IsIPv6Teredo
39850,Functions,get_IsIPv4MappedToIPv6
39851,Functions,get_Address
39907,Functions,get_RecoverableFailure
39945,Functions,GiveStream
39948,Functions,GiveDataStream
39953,Functions,get_PositiveIntermediate
39954,Functions,get_PositiveCompletion
39955,Functions,get_TransientFailure
39956,Functions,get_PermanentFailure
39957,Functions,get_InvalidStatusCode
39977,Functions,get_Credentials
39987,Functions,GetPathInfo
39990,Functions,get_ContentLength
39991,Functions,get_LastModified
39992,Functions,get_ResponseUri
39993,Functions,get_BannerMessage
39994,Functions,get_WelcomeMessage
39995,Functions,get_ExitMessage
39997,Functions,GetContentLengthFrom213Response
39998,Functions,GetLastModifiedFrom213Response
39999,Functions,TryUpdateResponseUri
40000,Functions,TryUpdateContentLength
40001,Functions,GetLoginDirectory
40002,Functions,GetPortV4
40003,Functions,GetPortV6
40005,Functions,GetPortCommandLine
40037,Functions,GetPathOption
40062,Functions,GetDateTimestamp
40063,Functions,GetFileSize
40080,Functions,get_IsCommandOnly
40081,Functions,get_IsUpload
40082,Functions,get_IsDownload
40083,Functions,get_ShouldParseForResponseUri
40088,Functions,get_MethodInfo
40089,Functions,get_DefaultCachePolicy
40092,Functions,get_RenameTo
40094,Functions,get_RequestUri
40095,Functions,get_Timeout
40097,Functions,get_RemainingTimeout
40098,Functions,get_ReadWriteTimeout
40100,Functions,get_ContentOffset
40102,Functions,get_Proxy
40104,Functions,get_ConnectionGroupName
40106,Functions,get_ServicePoint
40107,Functions,get_Aborted
40108,Functions,GetResponse
40109,Functions,BeginGetResponse
40110,Functions,EndGetResponse
40111,Functions,GetRequestStream
40112,Functions,BeginGetRequestStream
40113,Functions,EndGetRequestStream
40119,Functions,get_TimerQueue
40125,Functions,get_KeepAlive
40127,Functions,get_CachePolicy
40129,Functions,get_UseBinary
40131,Functions,get_UsePassive
40133,Functions,get_EnableSsl
40135,Functions,get_Headers
40137,Functions,get_ContentType
40139,Functions,get_UseDefaultCredentials
40141,Functions,get_PreAuthenticate
40143,Functions,get_InUse
40150,Functions,_getRequestStreamStarted
40151,Functions,_getResponseStarted
40201,Functions,<get_ClientCertificates>b__114_0
40213,Functions,UpdateStatus
40214,Functions,GetResponseStream
40216,Functions,get_SupportsHeaders
40217,Functions,get_StatusCode
40218,Functions,get_StatusDescription
40225,Functions,get_UsingSecureStream
40226,Functions,get_ServerAddress
40227,Functions,get_Socket
40228,Functions,get_NetworkStream
40274,Functions,get_BaseAddress
40276,Functions,get_QueryString
40278,Functions,get_ResponseHeaders
40279,Functions,GetWebRequest
40280,Functions,GetWebResponse
40281,Functions,GetWebResponseTaskAsync
40291,Functions,GetValuesToUpload
40297,Functions,GetUri
40308,Functions,GetStringUsingEncoding
40329,Functions,GetExceptionToPropagate
40339,Functions,getResult
40347,Functions,get_AllowReadStreamBuffering
40349,Functions,get_AllowWriteStreamBuffering
40427,Functions,<GetWebResponseTaskAsync>d__112
40522,Functions,get_BytesReceived
40523,Functions,get_TotalBytesToReceive
40529,Functions,get_BytesSent
40530,Functions,get_TotalBytesToSend
40544,Functions,get_ConnectionGroupId
40545,Functions,get_Complete
40548,Functions,get_ProtectionRealm
40550,Functions,get_MutuallyAuthenticated
40562,Functions,get_IsDefaultInCache
40566,Functions,GetCredential
40567,Functions,get_DefaultCredentials
40568,Functions,get_DefaultNetworkCredentials
40628,Functions,get_Select
40630,Functions,GetEmptyWebProxy
40638,Functions,GetRequestUri
40648,Functions,GetOctetsAsString
40649,Functions,GetPath
40673,Heroes;CombatStats,ContentRange
40674,Economy,Expires
40683,Heroes;CombatStats,IfRange
40688,Heroes;CombatStats,Range
40691,Heroes;CombatStats,AcceptRanges
40707,Functions,get_HostName
40709,Functions,get_Aliases
40711,Functions,get_AddressList
40722,Functions,GetProxies
40730,Functions,get_ContextRelativeDemandCallback
40735,Functions,GetLocalHost
40736,Functions,get_LocalAddresses
40737,Functions,get_LocalAddressesLock
40774,Functions,get_MethodNotImplementedException
40775,Functions,get_PropertyNotImplementedException
40776,Functions,get_TimeoutException
40777,Functions,get_MethodNotSupportedException
40778,Functions,get_PropertyNotSupportedException
40779,Functions,get_IsolatedException
40780,Functions,get_RequestAbortedException
40781,Functions,get_CacheEntryNotFoundException
40782,Functions,get_RequestProhibitedByCachePolicyException
40855,Economy,CertEXPIRED
40859,CombatStats,CertCRITICAL
40870,Economy,TrustEXPLICITDISTRUST
40883,CombatStats,TrustFINANCIALCRITERIA
40894,Functions,get_Creator
40932,Economy,expectNoContentResponse
40937,Economy,ExpectNoContentResponse
40962,Functions,get_IsDone
40963,Functions,GetNextBuffers
40976,Functions,get_SecurePassword
40978,Functions,get_Domain
40980,Functions,InternalGetUserName
40981,Functions,InternalGetPassword
40982,Functions,InternalGetSecurePassword
40983,Functions,InternalGetDomain
40984,Functions,InternalGetDomainUserName
40992,Functions,get_Family
40995,Functions,GetIPAddress
40996,Functions,GetIPEndPoint
40998,Functions,GetAddressSizeOffset
41008,Functions,GetChannelBinding
41009,Functions,GetTlsTokenBindings
41016,Functions,get_Response
41017,Functions,get_InternalStatus
41047,Functions,GetWebStatusString
41059,Functions,get_CacheControl
41060,Economy;Functions,get_Expires
41061,Functions,get_ETag
41062,Functions,get_ProxyAuthenticate
41063,Functions,get_SetCookie2
41064,Functions,get_SetCookie
41065,Functions,get_Server
41066,Functions,get_Via
41068,Functions,get_InnerCollection
41070,Functions,get_AllowHttpRequestHeader
41071,Functions,get_AllowHttpResponseHeader
41080,Functions,CheckUpdate
41087,Functions,GetAsString
41102,Heroes;CombatStats,c_AcceptRanges
41107,Economy,c_Expires
41135,Functions,FastGetHashCode
41139,Functions,get_ByteCount
41140,Functions,get_Bytes
41148,Functions,get_Connect
41150,Functions,get_Accept
41152,Functions,get_ConnectPattern
41154,Functions,get_AcceptPattern
41162,Functions,get_AsRegex
41167,Functions,get_MatchAllRegex
41168,Functions,get_ConnectList
41169,Functions,get_AcceptList
41173,Economy,uriRegexPattern
41195,Functions,get_CreatorInstance
41197,Functions,get_DefaultTimerQueue
41201,Functions,get_PrefixList
41205,Functions,GetRequestStreamAsync
41206,Functions,GetResponseAsync
41208,Functions,get_CacheProtocol
41210,Functions,get_AuthenticationLevel
41211,Functions,set_AuthenticationLevel
41212,Functions,get_ImpersonationLevel
41213,Functions,set_ImpersonationLevel
41214,Functions,get_InternalDefaultWebProxy
41216,Functions,get_DefaultWebProxy
41218,Functions,GetSystemWebProxy
41219,Functions,InternalGetSystemWebProxy
41221,Functions,<GetRequestStreamAsync>b__78_0
41222,Functions,<GetResponseAsync>b__79_0
41225,Functions,m_AuthenticationLevel
41226,Functions,m_ImpersonationLevel
41237,Functions,AuthenticationLevel
41238,Functions,ImpersonationLevel
41244,Functions,GetProxy
41247,Functions,get_WebProxy
41250,Functions,<GetRequestStreamAsync>b__1
41253,Functions,<GetResponseAsync>b__1
41256,Functions,get_IsFromCache
41258,Functions,get_IsCacheFresh
41260,Functions,get_IsMutuallyAuthenticated
41272,Functions,get_HtmlDecodeConformance
41273,Functions,get_HtmlEncodeConformance
41285,Functions,GetNextUnicodeScalarValueFromUtf16Surrogate
41307,Functions,CalculateKeyValue
41327,Economy,UnexpectedServerResponse
41397,Functions,get_CurrentThreadContext
41398,Functions,get_AsyncObject
41403,Functions,get_InternalPeekCompleted
41404,Functions,get_EndCalled
41452,Functions,get_CurrentThreadKind
41467,Functions,GetWebStatusCodeString
41470,Functions,get_Enumerator
41471,Functions,get_Destination
41473,Functions,get_HttpAbortDelegate
41474,Functions,GetNextProxy
41492,Functions,GetBuffers
41502,Functions,get_ServiceNames
41514,Functions,GetOrCreateQueue
41531,Functions,get_Duration
41535,Functions,get_StartTime
41536,Economy;Functions,get_Expiration
41537,Functions,get_TimeRemaining
41538,Economy;Functions,get_HasExpired
41541,Economy,Expiration
41543,Economy,HasExpired
41545,Economy,nextExpiration
41587,Functions,get_Comment
41589,Functions,get_CommentUri
41591,Functions,get_HttpOnly
41593,WavePerks;Functions,get_Discard
41594,WavePerks,set_Discard
41595,Functions,get__Domain
41596,Functions,get_DomainImplicit
41598,Economy;Functions,get_Expired
41599,Economy,set_Expired
41600,Economy,set_Expires
41602,Functions,get__Path
41603,Functions,get_Plain
41612,Functions,get_PortList
41613,Functions,get__Port
41614,Functions,get_Secure
41616,Functions,get_TimeStamp
41617,Functions,get_Variant
41619,Functions,get_DomainKey
41620,Functions,get__Version
41621,Functions,GetComparer
41626,WavePerks,DiscardAttributeName
41628,Economy,ExpiresAttributeName
41646,WavePerks,m_discard
41648,Economy,m_expires
41662,WavePerks,Discard
41681,Functions,get_EndOfCookie
41683,Functions,get_Eof
41684,Functions,get_Quoted
41707,Functions,GetServer
41713,Functions,get_IsOtherVersionSeen
41729,Functions,get_MaxCookieSize
41731,Functions,get_PerDomainCapacity
41735,Economy,ExpireCollection
41739,Functions,GetCookies
41740,Functions,InternalGetCookies
41746,Functions,MergeUpdateCollections
41747,Functions,GetCookieHeader
41762,Functions,GetCookiesCount
41765,Functions,CanGetRequestStream
41766,Functions,GetRequestStreamCallback
41767,Functions,GetResponseCallback
41769,Functions,s_GetRequestStreamCallback
41770,Functions,s_GetResponseCallback
41809,Functions,get_BypassProxyOnLocal
41811,Functions,get_BypassList
41813,Functions,get_BypassArrayList
41816,Functions,UpdateRegExList
41821,Functions,GetDefaultProxy
41822,Functions,get_ScriptEngine
41827,Functions,UnsafeUpdateFromRegistry
41830,Functions,GetProxyAuto
41834,Functions,GetProxiesAuto
41835,Functions,AbortGetProxiesAuto
41836,Functions,GetProxyAutoFailover
41858,Functions,get_AutomaticConfigurationScript
41860,Functions,get_AutomaticallyDetectSettings
41892,Heroes;CombatStats,HttpHeaderContentRange
41893,Economy,HttpHeaderExpires
41895,Heroes;CombatStats,HttpHeaderAcceptRanges
41914,Functions,get_On
41915,Functions,get_Web
41916,Functions,get_HttpListener
41917,Functions,get_Sockets
41929,Functions,get_ValidationCallback
41936,Functions,get_CredentialPolicy
41938,Functions,GetMustImplement
41939,Functions,get_CustomTargetNameDictionary
41940,Functions,get_RegisteredModules
41941,Functions,get_OSSupportsExtendedProtection
41950,Functions,CustomTargetNameDictionary
41964,Functions,get_Decoder
41973,Functions,get_OriginalInnerStream
41984,Functions,get_Realm
41985,Functions,get_Opaque
41986,Functions,get_Nonce
41987,Functions,get_Algorithm
41988,Functions,get_QOP
41990,Functions,GetKeywordAndValue
41996,Functions,get_CNonce
41999,Functions,get_LastUse
42005,Economy,CheckExpired
42007,Functions,BeginGetHostByName
42010,Functions,BeginGetHostAddresses
42011,Functions,BeginGetHostEntry
42012,Functions,EndGetHostByName
42014,Functions,EndGetHostAddresses
42015,Functions,EndGetHostEntry
42016,Functions,GetHostByName_icall
42018,Functions,GetHostByAddr_icall
42019,Functions,GetHostName_icall
42024,Functions,GetHostByAddress
42026,Functions,GetHostByAddressFromString
42027,Functions,GetHostEntry
42028,Functions,GetHostAddresses
42029,Functions,GetHostByName
42030,Functions,GetHostName
42031,Functions,GetHostAddressesAsync
42032,Functions,GetHostEntryAsync
42033,Functions,GetHostByNameCallback
42035,Functions,GetHostEntryNameCallback
42036,Functions,GetHostEntryIPCallback
42038,Functions,GetHostAddressesCallback
42042,Functions,get_Listener
42066,Functions,GetEPListener
42073,Functions,get_Hostname
42074,Functions,get_Transport
42082,WavePerks,hasWildcard
42089,Functions,get_ClientCertificateErrors
42090,Functions,get_ClientCertificate
42091,Functions,get_Reuses
42092,Functions,get_LocalEndPoint
42093,Functions,get_IsSecure
42132,Functions,get_AuthenticationSchemes
42134,Functions,get_AuthenticationSchemeSelectorDelegate
42136,Functions,get_ExtendedProtectionSelectorDelegate
42138,Functions,get_IgnoreWriteExceptions
42140,Functions,get_IsListening
42141,Functions,get_Prefixes
42142,Functions,get_TimeoutManager
42143,Functions,get_ExtendedProtectionPolicy
42145,Functions,get_DefaultServiceNames
42147,Functions,get_UnsafeConnectionNtlmAuthentication
42151,Functions,BeginGetContext
42152,Functions,EndGetContext
42154,Functions,GetContextAsync
42155,Functions,GetContextFromQueue
42182,Functions,get_ErrorStatus
42184,Functions,get_ErrorMessage
42186,Functions,get_HaveError
42187,Functions,get_Connection
42188,Functions,get_User
42189,Economy,expectedSchemes
42211,Functions,get_AcceptTypes
42212,Functions,get_ClientCertificateError
42213,Functions,get_ContentEncoding
42214,Functions,get_ContentLength64
42215,Functions,get_Cookies
42216,Functions,get_HasEntityBody
42217,Functions,get_HttpMethod
42218,Functions,get_InputStream
42219,Functions,get_IsLocal
42220,Functions,get_IsSecureConnection
42221,Functions,get_ProtocolVersion
42222,Functions,get_RawUrl
42223,Functions,get_RequestTraceIdentifier
42224,Functions,get_Url
42225,Functions,get_UrlReferrer
42226,Functions,get_UserAgent
42227,Functions,get_UserHostAddress
42228,Functions,get_UserHostName
42229,Functions,get_UserLanguages
42230,Functions,BeginGetClientCertificate
42231,Functions,EndGetClientCertificate
42232,Functions,GetClientCertificate
42233,Functions,get_ServiceName
42234,Functions,get_TransportContext
42235,Functions,get_IsWebSocketRequest
42236,Functions,GetClientCertificateAsync
42268,Functions,get_ForceCloseChunked
42272,Functions,get_OutputStream
42274,Functions,get_RedirectLocation
42276,Functions,get_SendChunked
42304,Functions,get_EntityBody
42306,Functions,get_DrainEntityBody
42308,Functions,get_RequestQueue
42310,Functions,get_IdleConnection
42312,Functions,get_HeaderWait
42314,Functions,get_MinSendBytesPerSecond
42327,Functions,get_AllowAutoRedirect
42329,Functions,get_AutomaticDecompression
42331,Functions,get_InternalAllowBuffering
42332,Functions,get_MethodWithBuffer
42333,Functions,get_TlsProvider
42334,Functions,get_TlsSettings
42337,Functions,get_ThrowOnError
42339,Functions,get_ContinueDelegate
42341,Functions,get_CookieContainer
42345,Functions,get_DefaultMaximumErrorResponseLength
42347,Economy;Functions,get_Expect
42348,Economy,set_Expect
42349,Functions,get_HaveResponse
42352,Functions,TryGetHostUri
42353,Functions,get_IfModifiedSince
42355,Functions,get_MaximumAutomaticRedirections
42357,Functions,get_MaximumResponseHeadersLength
42359,Functions,get_DefaultMaximumResponseHeadersLength
42361,Functions,get_ContinueTimeout
42363,Functions,get_MediaType
42365,Functions,get_Pipelined
42367,Functions,get_Referer
42369,Functions,get_ServicePointNoLock
42370,Functions,get_SupportsCookieContainer
42371,Functions,get_TransferEncoding
42374,Functions,get_UnsafeAuthenticatedConnectionSharing
42376,Functions,get_GotRequestStream
42377,Economy;Functions,get_ExpectContinue
42378,Economy,set_ExpectContinue
42379,Functions,get_AuthUri
42380,Functions,get_ProxyQuery
42381,Functions,get_ServerCertValidationCallback
42382,Functions,get_ServerCertificateValidationCallback
42384,Functions,GetServicePoint
42385,Heroes;CombatStats,rangeSpecifier
42388,Functions,MyGetRequestStreamAsync
42394,Functions,MyGetResponseAsync
42395,Functions,GetResponseFromData
42397,Functions,GetWebException
42399,Functions,get_FinishedReading
42403,Functions,RewriteRedirectToGet
42404,Functions,GetHeaders
42406,Functions,GetRequestHeaders
42410,Functions,GetRewriteHandler
42412,Functions,get_ReuseConnection
42419,Functions,<GetRewriteHandler>b__271_0
42448,Economy,expectContinue
42449,Functions,getResponseCalled
42485,Economy,ExpectContinue
42494,Functions,get_NtlmAuthState
42495,Functions,get_IsNtlmAuthenticated
42504,Functions,<MyGetResponseAsync>d__243
42514,Functions,<GetResponseFromData>d__244
42519,Functions,<<GetRewriteHandler>b__271_0>d
42521,Functions,get_CharacterSet
42522,Functions,GetResponseHeader
42541,Functions,InGet
42544,Functions,get_Addresses
42551,Functions,get_WantMore
42552,Functions,get_DataAvailable
42553,Functions,get_TotalDataSize
42554,Functions,get_ChunkLeft
42556,Functions,GetChunkSize
42574,Economy,ThrowExpectingChunkTrailer
42598,Functions,GetChunkSizeBytes
42603,Functions,get_Scheduler
42605,Functions,get_BindIPEndPointDelegate
42607,Functions,get_ConnectionLeaseTimeout
42609,Functions,get_ConnectionLimit
42611,Functions,get_ConnectionName
42612,Functions,get_CurrentConnections
42613,Functions,get_IdleSince
42614,Functions,get_MaxIdleTime
42616,Functions,get_ReceiveBufferSize
42618,Functions,get_SupportsPipelining
42619,Economy;Functions,get_Expect100Continue
42620,Economy,set_Expect100Continue
42621,Functions,get_UseNagleAlgorithm
42623,Functions,get_SendContinue
42629,Functions,get_UsesProxy
42631,Functions,get_UseConnect
42633,Functions,get_HasTimedOut
42634,Functions,get_HostEntry
42639,Functions,UpdateServerCertificate
42640,Functions,UpdateClientCertificate
42666,Economy,Expect100Continue
42674,Functions,get_CertificatePolicy
42676,Functions,GetLegacyCertificatePolicy
42677,Functions,get_CheckCertificateRevocationList
42679,Functions,get_DefaultConnectionLimit
42681,Functions,get_DnsRefreshTimeout
42683,Functions,get_EnableDnsRoundRobin
42685,Functions,get_MaxServicePointIdleTime
42687,Functions,get_MaxServicePoints
42689,Functions,get_ReusePort
42691,Functions,get_SecurityProtocol
42693,Functions,get_EncryptionPolicy
42694,Functions,get_DisableStrongCrypto
42695,Functions,get_DisableSendAuxRecord
42698,Functions,get_ClientCipherSuitesCallback
42700,Functions,get_ServerCipherSuitesCallback
42732,Functions,get_ME
42740,Functions,GetConnectionGroup
42756,Functions,GetNextOperation
42778,Functions,get_Access
42788,Functions,get_CurrentResult
42789,Functions,get_CurrentStatus
42807,Functions,get_Closed
42808,Functions,get_Busy
42810,Functions,get_NtlmAuthenticated
42812,Functions,get_NtlmCredential
42822,Functions,targetEndPoint
42832,Functions,get_Operation
42843,Functions,get_ConnectUri
42846,Functions,get_CloseConnection
42848,Functions,get_Challenge
42850,Functions,get_ProxyVersion
42875,Functions,get_WriteBuffer
42876,Functions,get_IsNtlmChallenge
42884,Functions,GetRequestStreamInternal
42886,Functions,get_WriteStream
42887,Functions,get_Finished
42902,Functions,<GetRequestStream>d__50
42907,Functions,get_InnerStream
42912,Functions,get_HasWriteBuffer
42913,Functions,get_WriteBufferLength
42914,Functions,GetWriteBuffer
42921,Progression,WriteChunkTrailer_inner
42922,Progression,WriteChunkTrailer
42938,Progression,<WriteChunkTrailer_inner>d__39
42939,Progression,<WriteChunkTrailer>d__40
42941,Functions,get_RequestStream
42942,Functions,get_ChunkedRead
42945,Economy;Functions,get_ExpectContent
42949,Functions,GetReadException
42959,Economy,ExpectContent
42977,Functions,GetIPGlobalProperties
42978,Functions,InternalGetIPGlobalProperties
42979,Functions,get_DomainName
42985,Functions,getdomainname
42998,Functions,get_PlatformNeedsLibCWorkaround
43003,Economy;Functions,GetDefaultProxy_UsingOldMonoCode
43004,Functions,get_ClassSyncObject
43005,Functions,GetSection
43014,Functions,get_Section
43015,Functions,get_CheckCertificateName
43017,Functions,get_Ipv6Enabled
43018,Progression,HttpListenerUnescapeRequestUrl
43019,Functions,IPProtectionLevel
43021,Economy,<Expect100Continue>k__BackingField
43036,Functions,GetBinding
43052,Functions,get_Validator
43053,Functions,get_Policy
43058,Functions,RequestCacheLevel
43066,Functions,get_Level
43067,Functions,m_Level
43068,Functions,HttpRequestCacheLevel
43074,Functions,get_InternalSocket
43096,Functions,get_OSSupportsIPv4
43097,Functions,get_OSSupportsIPv6
43098,Functions,get_SocketType
43099,Functions,get_ProtocolType
43101,Functions,get_DualMode
43103,Functions,get_IsDualMode
43109,Functions,SetIPProtectionLevel
43114,Functions,get_CleanedUp
43117,Functions,optionLevel
43127,Functions,get_Blocking
43131,Functions,get_Connected
43183,Functions,GetSocketOption
43185,Functions,GetSocketOption_obj_internal
43186,Functions,GetSocketOption_obj_icall
43200,Heroes;CombatStats,ThrowIfBufferOutOfRange
43208,Functions,get_FamilyHint
43272,Functions,GetCompletionResponsibility
43278,Functions,get_WrapExceptionsInIOExceptions
43341,Functions,WSAGetLastError_icall
43343,Functions,get_SocketErrorCode
43372,Functions,GetBroadcastAddress
43373,Functions,GetExtensionFunctionPointer
43374,Functions,GetQos
43375,Functions,GetGroupQos
43385,Functions,QueryTargetPnpHandle
43479,Functions,SocketOptionLevel
43511,Economy,Expedited
43514,Functions,UpdateAcceptContext
43515,Functions,UpdateConnectContext
43520,Functions,get_Client
43542,Functions,get_AcceptSocket
43544,Functions,get_BytesTransferred
43549,Functions,get_SocketError
43552,Functions,get_UserToken
43557,Functions,get_CurrentSocket
43561,Functions,get_MemoryBuffer
43562,Functions,get_BufferList
43580,Economy,_bufferIsExplicitArray
43609,Functions,get_LastBits
43616,Functions,get_FooterLength
43617,Functions,get_Footer
43618,Functions,get_Header
43619,Functions,get_CurrentLineLength
43626,Functions,get_MaxLineLength
43641,Functions,SpecifiedPickupDirectory
43642,Functions,PickupDirectoryFromIis
43691,Functions,SECBUFFER_TARGET_HOST
43699,Functions,get_TargetName
43700,Functions,get_IsNtlmUsed
43701,Functions,get_GssContext
43704,Functions,_targetName
43706,Functions,TargetName
43713,Functions,get_GssCredential
43714,Functions,get_IsNtlmOnly
43735,Functions,LocalCertificateSelectionCallback
43740,Progression,RemoteCertificateChainErrors
43741,Functions,LocalCertSelectionCallback
43743,Functions,get_InternalTargetHost
43749,Economy,explicitSettings
43750,Functions,InternalTargetHost
43782,Functions,get_BareMessage
43783,Functions,get_Line
43784,Functions,GetXmlNodeFilename
43785,Functions,GetXmlNodeLineNumber
43792,Functions,get_PropertyValues
43793,Functions,get_Providers
43810,Functions,get_SerializeAs
43812,Functions,get_ThrowOnErrorDeserializing
43814,Functions,get_ThrowOnErrorSerializing
43820,Functions,GetPropertyValues
43824,Functions,get_Deserialized
43826,Functions,get_Property
43827,Functions,get_PropertyValue
43829,Functions,get_SerializedValue
43831,Functions,get_UsingDefaultValue
43841,Functions,GetPreviousVersion
43847,Functions,GetElementKey
43849,Functions,get_AuthenticationModules
43855,Functions,get_ThrowOnDuplicate
43857,Economy,ConnectionManagementElement
43859,Functions,get_MaxConnection
43862,Economy,ConnectionManagementElementCollection
43863,Economy,ConnectionManagementSection
43864,Economy;Functions,get_ConnectionManagement
43865,Economy,ConnectionManagement
43870,Functions,get_AutoDetect
43871,Functions,get_BypassOnLocal
43873,Functions,get_ProxyAddress
43875,Functions,get_ScriptLocation
43876,Functions,get_UseSystemDefault
43884,Functions,get_PolicyLevel
43885,Functions,set_PolicyLevel
43888,Functions,PolicyLevel
43890,Heroes;Functions,get_MaximumAge
43891,Heroes,set_MaximumAge
43892,Functions,get_MaximumStale
43894,Functions,get_MinimumFresh
43896,Heroes,MaximumAge
43900,Functions,get_Timeouts
43901,Functions,get_UnescapeRequestUrl
43906,Functions,get_MaximumErrorResponseLength
43908,Functions,get_MaximumUnauthorizedUploadLength
43910,Functions,get_UseUnsafeHeaderParsing
43917,Functions,get_Smtp
43920,Functions,get_DeliveryFormat
43922,Functions,get_DeliveryMethod
43924,Functions,get_From
43926,Functions,get_Network
43927,Functions,get_SpecifiedPickupDirectory
43931,Functions,get_ClientDomain
43934,Functions,set_TargetName
43936,Functions,SmtpSpecifiedPickupDirectoryElement
43937,Functions,get_PickupDirectoryLocation
43938,Functions,set_PickupDirectoryLocation
43939,Functions,PickupDirectoryLocation
43941,Functions,get_DefaultProxy
43942,Functions,get_MailSettings
43943,Functions,get_RequestCaching
43944,Functions,get_WebRequestModules
43945,Functions,GetSectionGroup
43951,Functions,get_DefaultFtpCachePolicy
43952,Functions,get_DefaultHttpCachePolicy
43953,Functions,get_DefaultPolicyLevel
43954,Functions,set_DefaultPolicyLevel
43955,Functions,get_DisableAllCaching
43957,Functions,get_IsPrivateCache
43959,Heroes;Functions,get_UnspecifiedMaximumAge
43960,Heroes,set_UnspecifiedMaximumAge
43963,Functions,DefaultPolicyLevel
43965,Heroes,UnspecifiedMaximumAge
43967,Functions,get_HttpWebRequest
43968,Functions,get_Ipv6
43969,Functions,get_PerformanceCounters
43970,Functions,get_ServicePointManager
43971,Functions,get_WebProxyScript
43972,Functions,get_WebUtility
43973,Functions,get_WindowsAuthentication
43981,Functions,get_AlwaysUseCompletionPortsForAccept
43983,Functions,get_AlwaysUseCompletionPortsForConnect
43985,Functions,get_IPProtectionLevel
43986,Functions,set_IPProtectionLevel
43990,Functions,get_AutoConfigUrlRetryInterval
43992,Functions,get_DownloadTimeout
43997,Functions,get_UnicodeDecodingConformance
43999,Functions,get_UnicodeEncodingConformance
44002,Functions,get_DefaultCredentialsHandleCacheSize
44013,Functions,get_SettingsKey
44033,Functions,get_NewValue
44034,Functions,get_SettingClass
44035,Functions,get_SettingKey
44036,Functions,get_SettingName
44048,Functions,get_CollectionType
44049,Functions,get_ElementName
44055,Functions,get_ValueXml
44065,Functions,get_AppSettings
44067,Functions,GetConfig
44070,Functions,get_LineNumber
44078,Functions,get_KeyAttributeName
44079,Functions,get_ValueAttributeName
44087,Functions,get_SaveSettings
44095,Functions,GetSettingsProvider
44101,Functions,get_GenericUriParserOptions
44104,Functions,SettingsGroupDescriptionAttribute
44106,Functions,get_GroupName
44112,Functions,get_Manageability
44119,Functions,get_ProviderTypeName
44128,Functions,get_SpecialSetting
44130,Functions,get_Idn
44131,Functions,get_IriParsing
44132,Functions,get_SchemeSettings
44159,Functions,get_IsFull
44202,Heroes,SQL_IMAGE
44229,Functions,get_IsPositive
44298,Functions,GetKatmaiDateTicks
44299,Functions,GetKatmaiTimeTicks
44300,Functions,GetKatmaiTimeZoneTicks
44301,Functions,GetFractions
44310,Functions,get_NodeType
44311,Functions,get_LocalName
44312,Functions,get_NamespaceURI
44313,Functions,get_Depth
44314,Functions,get_BaseURI
44315,Functions,get_IsEmptyElement
44316,Functions,get_XmlSpace
44317,Functions,get_XmlLang
44318,Functions,get_ValueType
44319,Functions,get_AttributeCount
44324,Functions,get_EOF
44326,Functions,get_NameTable
44356,Functions,GetStringAligned
44357,Functions,GetAttributeText
44388,Functions,UpdateFromTextReader
44389,Functions,needUpdate
44399,Functions,GetXsdKatmaiTokenLength
44407,Functions,GetUInt16
44408,Functions,GetUInt32
44409,Functions,GetUInt64
44410,Functions,GetDouble
44411,Economy,ThrowUnexpectedToken
44465,CombatStats,MatchPrefix
44468,Functions,GetNSHashCode
44474,Functions,GetLocalnameAndNamespaceUri
44475,Functions,GetLocalnameAndNamespaceUriAndHash
44519,Progression,SurrogateCharToUtf32
44522,Functions,ConformanceLevel
44526,Economy,ExpandEntities
44527,Economy,ExpandCharEntities
44545,Progression,WriteCharEntity
44548,Progression,WriteSurrogateCharEntity
44566,Functions,indentLevel
44576,Functions,get_InternalDtdSubset
44577,Functions,get_HasDefaultAttributes
44578,Functions,get_HasNonCDataAttributes
44586,Functions,LookupDefaultAttributes
44588,Functions,get_LinePosition
44589,Functions,get_IsNonCDataType
44590,Functions,get_IsDeclaredInExternal
44591,Functions,get_IsXmlAttribute
44597,Economy;Functions,get_DefaultValueExpanded
44598,Functions,get_DefaultValueTyped
44599,Functions,get_ValueLineNumber
44600,Functions,get_ValueLinePosition
44601,Economy,DefaultValueExpanded
44606,Functions,get_IsExternal
44607,Functions,get_IsUnparsedEntity
44608,Functions,get_IsParameterEntity
44609,Functions,get_BaseUriString
44610,Functions,get_DeclaredUriString
44611,Functions,get_SystemId
44612,Functions,get_PublicId
44630,Functions,get_NamespaceResolver
44631,Functions,get_BaseUri
44632,Functions,get_ParsingBuffer
44633,Functions,get_ParsingBufferLength
44634,Functions,get_CurrentPosition
44636,Functions,get_LineNo
44637,Functions,get_LineStartPosition
44638,Functions,get_IsEof
44639,Functions,get_EntityStackLength
44640,Functions,get_IsEntityEolNormalized
44670,Functions,get_DtdValidation
44671,Functions,get_ValidationEventHandling
44675,Functions,get_V1CompatibilityMode
44676,Functions,get_Normalization
44677,Functions,get_Namespaces
44682,Functions,get_EventHandler
44693,Functions,get_SupportsNamespaceDeclarationInChunks
44740,Functions,GetHashCodeDelegate
44752,Functions,GetAtomizedNameWPrefix
44754,Functions,get_RawValue
44756,Functions,get_OriginalStringValue
44758,Functions,get_AttInfo
44776,Functions,get_CoreReader
44779,Progression;Functions,get_QuoteChar
44780,Functions,get_SchemaInfo
44783,Functions,get_CanResolveEntity
44784,Functions,get_CanReadValueChunk
44792,Functions,get_HasAttributes
44793,Functions,get_NamespaceManager
44794,Functions,get_DtdInfo
44798,Progression,QuoteChar
44866,Functions,ChangeTextContentMark
44904,Functions,currentConformanceLevel
44908,Functions,conformanceLevel
44936,Functions,get_String1
44937,Functions,get_String2
44938,Functions,get_String3
44947,Functions,get_DocTypeName
44948,Functions,get_InternalSubset
44949,Functions,get_HasDtdInfo
44972,Functions,get_IsDefaultInternal
44975,Functions,CalcBufferSize
44981,Functions,get_Async
44984,Functions,get_IsXmlResolverSet
44987,Functions,GetXmlResolver
44988,Functions,GetXmlResolver_CheckConfig
44989,Functions,get_LineNumberOffset
44991,Functions,get_LinePositionOffset
44993,Functions,get_ConformanceLevel
44994,Functions,set_ConformanceLevel
44995,Functions,get_CheckCharacters
44997,Functions,get_MaxCharactersInDocument
44999,Functions,get_MaxCharactersFromEntities
45001,Functions,get_IgnoreWhitespace
45003,Functions,get_IgnoreProcessingInstructions
45005,Functions,get_IgnoreComments
45007,Functions,get_DtdProcessing
45009,Functions,get_CloseInput
45011,Functions,get_ValidationType
45013,Functions,get_ValidationFlags
45015,Functions,get_Schemas
45017,Functions,GetEventHandler
45053,Progression,set_QuoteChar
45057,Functions,get_AttributeValue
45058,Progression,WriteSurrogateChar
45059,Progression,WriteRawWithSurrogateChecking
45062,Progression,WriteCharEntityImpl
45066,Progression,quoteChar
45085,Functions,GetNamespacesInScope
45087,Functions,get_IsResolverSet
45088,Functions,get_DtdParserProxy_NameTable
45089,Functions,get_DtdParserProxy_NamespaceResolver
45090,Functions,get_DtdParserProxy_DtdValidation
45091,Functions,get_DtdParserProxy_Normalization
45092,Functions,get_DtdParserProxy_Namespaces
45093,Functions,get_DtdParserProxy_V1CompatibilityMode
45094,Functions,get_DtdParserProxy_BaseUri
45095,Functions,get_DtdParserProxy_IsEof
45096,Functions,get_DtdParserProxy_ParsingBuffer
45097,Functions,get_DtdParserProxy_ParsingBufferLength
45098,Functions,get_DtdParserProxy_CurrentPosition
45100,Functions,get_DtdParserProxy_EntityStackLength
45101,Functions,get_DtdParserProxy_IsEntityEolNormalized
45102,Functions,get_DtdParserProxy_ValidationEventHandling
45104,Functions,get_DtdParserProxy_LineNo
45105,Functions,get_DtdParserProxy_LineStartPosition
45111,Functions,get_IsResolverNull
45112,Functions,GetTempResolver
45126,Functions,get_InAttributeValueIterator
45141,Heroes,SwitchEncoding
45145,Heroes,SwitchEncodingToUTF8
45171,Progression,AddAttributeChunkToList
45173,CombatStats,FinishPartialValue
45179,Functions,ParseRootLevelWhitespace
45182,Economy,expandType
45188,Functions,get_InEntity
45230,Functions,GetWhitespaceType
45232,Functions,GetTextNodeType
45240,CombatStats,PushParsingState
45247,Economy,expectedToken
45248,Economy,expectedToken1
45249,Economy,expectedToken2
45250,Economy,ParseUnexpectedToken
45251,Economy,ThrowExpectingWhitespace
45252,Functions,GetIndexOfAttributeWithoutPrefix
45253,CombatStats;Functions,GetIndexOfAttributeWithPrefix
45261,Functions,get_FragmentType
45264,Functions,GetResolver
45266,Functions,get_InternalTypedValue
45268,Functions,get_StandAlone
45269,Functions,get_V1Compat
45375,Heroes,SwitchToInteractive
45376,Heroes,SwitchToInteractiveXmlDecl
45380,Functions,ResetAttributesRootLevel
45401,Economy,Expanded
45403,Economy,FakeExpanded
45404,Economy,Unexpanded
45405,Economy,ExpandedInAttribute
45406,Economy,EntityExpandType
45428,Functions,get_LinePos
45442,Functions,get_DefaultNamespace
45496,Functions,get_IsDefaultAttribute
45498,Functions,get_ValueBuffered
45499,Functions,get_StringValue
45506,Functions,GetNameWPrefix
45553,Progression,curQuoteChar
45599,Functions,get_TypedValueObject
45619,Functions,get_RawWriter
45620,Functions,get_SaveAttrValue
45621,Functions,get_InBase64
45627,Economy,PushNamespaceExplicit
45631,Functions,GetStateName
45638,Functions,get_IsClosedOrErrorState
45660,Functions,TopLevel
45665,Functions,RootLevelAttr
45666,Functions,RootLevelSpecAttr
45667,Functions,RootLevelB64Attr
45668,Functions,AfterRootLevelAttr
45683,Functions,StartRootLevelAttr
45708,Progression,SurrogateCharEntity
45722,Functions,get_OmitXmlDeclaration
45724,Functions,get_NewLineHandling
45725,Functions,get_NewLineChars
45726,Functions,get_Indent
45728,Functions,get_IndentChars
45729,Functions,get_NewLineOnAttributes
45730,Functions,get_CloseOutput
45731,Functions,get_NamespaceHandling
45733,Functions,get_WriteEndDocumentOnClose
45734,Functions,get_OutputMethod
45736,Functions,get_CDataSectionElements
45737,Functions,get_DoNotEscapeUriAttributes
45738,Functions,get_MergeCDataSections
45739,Functions,get_DocTypeSystem
45740,Functions,get_DocTypePublic
45741,Functions,get_Standalone
45742,Functions,get_AutoXmlDeclaration
45743,Functions,get_IndentInternal
45744,Functions,get_IsQuerySpecific
45773,Heroes,SwitchTextNodeAndEndElement
45779,Functions,GetCoreReader
45780,Functions,GetLineInfo
45785,Functions,GetAttributeIndexWithoutPrefix
45786,CombatStats;Functions,GetAttributeIndexWithPrefix
45815,Functions,GetStringValue
45816,Functions,get_AttributeSchemaInfo
45821,Functions,GetAttributePSVI
45822,Functions,updatePosition
45828,Functions,GetIsDefault
45829,Functions,GetCachingReader
45831,Functions,GetOriginalAtomicValueStringOfElement
45835,Functions,valueGetter
45870,Functions,get_LocalNameHash
45871,Functions,get_XmlName
45875,Functions,get_ParentNode
45876,Functions,get_OwnerDocument
45881,Functions,get_IsContainer
45883,Functions,get_LastNode
45886,Functions,get_Specified
45893,Functions,get_OwnerElement
45908,Functions,get_ItemOf
45925,Functions,get_IsText
45927,Functions,get_InnerText
45937,Functions,get_DtdSchemaInfo
45941,Functions,GetXmlName
45946,Functions,GetIDInfoByElement_
45947,Functions,GetIDInfoByElement
45951,Functions,get_DocumentType
45952,Functions,get_Declaration
45953,Functions,get_Implementation
45954,Functions,get_DocumentElement
45955,Functions,get_CanReportValidity
45956,Functions,get_HasSetResolver
45970,Functions,GetSchemaElementDecl
45989,Functions,get_Entities
45991,Functions,get_IsLoading
45993,Functions,get_ActualLoadingStatus
45997,Functions,GetEventArgs
45998,Functions,GetInsertEventArgsForLoad
46001,Functions,GetEntityNode
46054,Functions,get_Notations
46055,Functions,get_ParseWithNamespaces
46061,Functions,GetAttributeNode
46068,Functions,get_NextSibling
46078,Functions,get_ChildBaseURI
46084,Functions,get_PreviousSibling
46113,Economy,ExpandEntity
46115,Economy,ExpandEntityReference
46119,Economy,UnexpectedNodeType
46121,Functions,get_HashCode
46122,Functions,get_Validity
46123,Functions,get_IsNil
46124,Functions,get_SchemaType
46125,Functions,get_SchemaElement
46126,Functions,get_SchemaAttribute
46138,Functions,GetNamedItem
46146,Functions,get_ChildNodes
46147,Functions,get_FirstChild
46148,Functions,get_LastChild
46150,Functions,get_HasChildNodes
46155,Functions,get_Document
46156,Functions,GetPrefixOfNamespace
46157,Functions,GetPrefixOfNamespaceStrict
46172,Functions,get_CreatedOnAttribute
46176,Functions,GetDeclarationAttr
46177,Functions,GetDecAttrInd
46180,Functions,GetDocumentTypeAttr
46181,Functions,GetDocTypeAttrInd
46182,Functions,GetAttributeFromElement
46185,Functions,get_IsOnDeclOrDocType
46201,Functions,nLogLevel
46216,Functions,ReadAtZeroLevel
46238,Functions,GetPositionInfo
46252,Functions,get_ParsingInternalSubset
46253,Functions,get_IgnoreEntityReferences
46254,Functions,get_SaveInternalSubsetValue
46255,Functions,get_ParsingTopLevelMarkup
46256,Functions,get_SupportNamespaces
46257,Functions,get_Normalize
46281,Economy,ScanNameExpected
46282,Economy,ScanQNameExpected
46283,Economy,ScanNmtokenExpected
46320,Functions,GetNameQualified
46321,Functions,GetNameString
46322,Functions,GetNmtokenString
46323,Functions,GetValueWithStrippedSpaces
46332,Functions,get_BaseUriStr
46333,Economy,OnUnexpectedError
46348,Progression,literalQuoteChar
46356,Functions,ParsingTopLevelMarkup
46441,Functions,GetInvalidNameException
46444,Functions,get_StaticLock
46446,CombatStats,chProps
46458,Progression,CombineSurrogateChar
46460,Progression,SplitSurrogateChar
46462,CombatStats,IsOnlyWhitespaceWithPos
46511,Functions,get_AllDateTimeFormats
46516,Heroes,SwitchToLocalTime
46517,Heroes,SwitchToUtcTime
46532,Progression,CreateInvalidHighSurrogateCharException
46546,Functions,GetNonFileStream
46547,Functions,GetStreamAsync
46548,Functions,GetNonFileStreamAsync
46549,Functions,<GetStreamAsync>b__0
46550,Functions,<GetNonFileStreamAsync>d__5
46560,Functions,get_UCS4_Littleendian
46561,Functions,get_UCS4_Bigendian
46562,Functions,get_UCS4_2143
46563,Functions,get_UCS4_3412
46574,Functions,GetFullChars
46588,Functions,get_ResString
46614,Functions,GetEntity
46617,Functions,GetEntityAsync
46619,Functions,get_DownloadManager
46623,Functions,<GetEntityAsync>d__15
46624,Functions,get_TargetsAtLeast_Desktop_V4_5_2
46625,Functions,TargetsAtLeast_Desktop_V4_5_2
46628,Functions,get_HasLineInfo
46630,Functions,GetXmlNamespaceNode
46643,Functions,get_XmlType
46644,Functions,get_ValueAsBoolean
46645,Functions,get_ValueAsDateTime
46646,Functions,get_ValueAsDouble
46647,Functions,get_ValueAsInt
46648,Functions,get_ValueAsLong
46657,Functions,get_UnderlyingObject
46679,Functions,get_NamespaceList
46692,Functions,GetSchema
46696,Functions,get_Normalized
46703,Functions,GetRegisteredSchemaType
46705,Functions,GetRegisteredClrType
46727,Functions,get_IsListType
46728,Functions,get_IsComplexType
46730,Functions,get_ListItemTypeData
46731,Functions,get_ListItemType
46732,Functions,get_IsXsdType
46733,Functions,get_HasPublicConstructor
46735,Functions,GetIndexerProperty
46738,Functions,GetGenericListItemType
46756,Functions,GetPrimitiveTypeData
46759,Functions,GetArrayName
46767,Functions,get_Order
46771,Functions,get_Form
46774,Functions,get_DataType
46775,Functions,get_IsNullableSpecified
46776,Functions,get_NestingLevel
46778,Functions,nestingLevel
46780,Functions,NestingLevel
46783,Functions,get_AttributeName
46789,Functions,get_XmlAnyAttribute
46790,Functions,get_XmlAnyElements
46791,Functions,get_XmlArray
46792,Functions,get_XmlArrayItems
46793,Functions,get_XmlAttribute
46794,Functions,get_XmlChoiceIdentifier
46795,Functions,get_XmlDefaultValue
46796,Functions,get_XmlElements
46797,Functions,get_XmlIgnore
46798,Functions,get_Xmlns
46799,Functions,get_XmlRoot
46800,Functions,get_XmlText
46801,Functions,get_SortableOrder
46838,Functions,get_ObjectMap
46840,Functions,get_RelatedMaps
46849,Functions,get_HasWrapperElement
46862,Functions,GetTypeNamespace
46870,Functions,GetReflectionMembers
46879,Functions,GetDefaultValue
46887,Functions,get_IsReturnValue
46888,Functions,get_XmlAttributes
46896,Functions,get_IsAny
46909,Functions,get_Reader
46911,Functions,AddTarget
46918,Functions,GetNullAttr
46919,Functions,TargetReady
46920,Functions,GetXsiType
46931,Functions,GetCallbackInfo
46955,Functions,noIDTargets
46956,Functions,targets
46974,Functions,get_Callback
46975,Functions,get_Collection
46976,Functions,get_CollectionItems
46980,Functions,get_Ids
47002,Functions,GetMemberValue
47005,Functions,GetValueFromXmlString
47017,Functions,GetEnumValue
47029,Functions,get_Writer
47037,Functions,GetNamespacePrefix
47038,Functions,GetQualifiedName
47039,Functions,TopLevelElement
47065,Functions,topLevelElement
47088,Functions,targetString
47090,Functions,GetListCount
47094,Functions,GetEnumXmlValue
47098,Functions,get_Mapping
47127,Functions,get_IncludeInSchema
47131,Functions,get_TypeData
47132,Functions,get_ChoiceValue
47134,Functions,get_DataTypeNamespace
47135,Functions,get_DataTypeName
47137,Functions,get_MappedType
47139,Functions,set_NestingLevel
47140,Functions,get_MultiReferenceType
47141,Functions,get_WrappedElement
47143,Functions,get_IsTextElement
47145,Functions,get_IsUnnamedAnyElement
47147,Economy;Functions,get_ExplicitOrder
47148,Economy,set_ExplicitOrder
47153,Functions,_nestingLevel
47156,Economy,_explicitOrder
47165,Economy,ExplicitOrder
47170,Functions,get_GlobalIndex
47172,Functions,get_IsOptionalValueType
47176,Functions,GetValueSpecified
47189,Functions,get_ElementInfo
47191,Functions,get_ChoiceMember
47193,Functions,get_ChoiceTypeData
47197,Functions,get_IsXmlTextCollector
47208,Economy,XmlTypeMapMemberExpandable
47209,Functions,get_FlatArrayIndex
47214,Functions,get_ListMap
47220,Functions,get_IsDefaultAny
47225,Functions,get_TypeFullName
47228,Functions,get_HasXmlTypeNamespace
47229,Functions,get_DerivedTypes
47230,Functions,get_BaseMap
47233,Functions,GetRealTypeMap
47234,Functions,GetRealElementMap
47235,Functions,UpdateRoot
47252,Economy,explicitOrder
47254,Functions,get_IsOrderDependentMap
47255,Functions,get_DefaultAnyElementMember
47256,Functions,get_DefaultAnyAttributeMember
47257,Functions,get_NamespaceDeclarations
47258,Functions,get_AttributeMembers
47259,Functions,get_ElementMembers
47260,Functions,get_AllMembers
47261,Functions,get_FlatLists
47262,Functions,get_ListMembers
47263,Functions,get_XmlTextCollector
47264,Functions,get_ReturnMember
47265,Functions,get_SimpleContentBaseType
47267,Functions,get_HasSimpleContent
47296,Functions,get_ItemInfo
47299,Functions,GetArrayType
47304,Functions,get_IsFlags
47305,Functions,get_EnumNames
47306,Functions,get_XmlNames
47317,Functions,get_EnumName
47323,Functions,get_ProhibitDefaultUrlResolver
47324,Functions,get_CollapseWhiteSpaceIntoEmptyString
47334,Functions,get_CurNode
47341,Functions,get_Subtree
47348,Functions,get_CurrentDepth
47361,Functions,get_RootNode
47362,Functions,get_TopNode
47363,Functions,get_IsAttribute
47364,Functions,get_IsDss
47365,Functions,get_IsSelfAxis
47378,Functions,get_SubtreeArray
47383,Economy,CompileXPath
47386,Economy,_xpathexpr
47391,Functions,get_PreserveWhitespace
47399,Functions,get_SchemaNames
47400,Functions,get_CompilationSettings
47414,Functions,get_SchemaCollection
47415,Functions,get_PositionInfo
47416,Functions,get_XmlResolver
47438,Functions,targetNS
47441,Functions,get_Role
47442,Functions,get_Selector
47443,Functions,get_Fields
47452,Functions,get_TableDim
47460,Functions,get_Column
47464,Functions,get_lastDepth
47473,Functions,get_Dim
47474,Functions,get_IsList
47475,Functions,get_IsDecimal
47476,Functions,get_Dvalue
47491,Functions,get_PosLine
47492,Functions,get_PosCol
47501,Functions,get_Particle1
47502,Functions,get_Particle2
47506,Functions,get_IsUpaEnforced
47511,WavePerks,wildcard
47512,WavePerks,AddWildcard
47513,Functions,GetNamespaceListSymbols
47515,Functions,GetParticle
47517,WavePerks,wildcards
47525,Economy,ExpandTree
47530,Heroes;CombatStats;Functions,get_IsRangeNode
47531,Heroes;CombatStats,IsRangeNode
47535,Functions,GetResolvedSymbols
47537,Functions,get_LeftChild
47539,Functions,get_RightChild
47541,Economy,ExpandTreeNoRecursive
47556,Heroes;CombatStats,LeafRangeNode
47557,Functions,get_Max
47558,Functions,get_Min
47559,Functions,get_NextIteration
47566,Functions,get_IsEmptiable
47567,Functions,get_IsOpen
47571,Economy,ExpectedElements
47573,Economy,ExpectedParticles
47574,Economy,AddParticleToExpected
47590,Heroes;CombatStats,AddLeafRange
47593,Heroes;CombatStats;Functions,posWithRangeTerminals
47594,Heroes;CombatStats;Functions,CalculateTotalFollowposForRangeNodes
47596,Heroes;CombatStats,CheckCMUPAWithLeafRangeNodes
47598,Functions,GetApplicableMinMaxFollowPos
47608,Heroes;CombatStats,RangePositionInfo
47609,Heroes;CombatStats,rangeCounters
47610,Heroes;CombatStats,RangeContentValidator
47611,Heroes;CombatStats;Functions,positionsWithRangeTerminals
47636,Functions,get_AnySimpleType
47637,Functions,get_UntypedAtomicType
47646,Functions,GetSimpleTypeFromTypeCode
47647,Functions,GetSimpleTypeFromXsdType
47648,Functions,GetNormalizedStringTypeV1Compat
47649,Functions,GetTokenTypeV1Compat
47650,Functions,GetBuiltInTypes
47651,Functions,GetPrimitiveTypeCode
47664,Functions,get_FacetsChecker
47665,Functions,get_ValueConverter
47666,Functions,get_TokenizedType
47667,Functions,get_Variety
47668,Functions,get_TypeCode
47669,Functions,get_Restriction
47670,Functions,get_HasLexicalFacets
47671,Functions,get_HasValueFacets
47672,Functions,get_Base
47673,Functions,get_ListValueType
47674,Functions,get_ValidRestrictionFlags
47675,Functions,get_BuiltInWhitespaceFacet
47680,Functions,GetTypeName
47787,Functions,get_BaseMemberTypes
47858,Progression,ValidateChildElement
47929,Functions,get_LanguagePattern
47942,Functions,get_Occurrence
47956,Functions,GetEffectiveSchemaType
47973,Heroes,SwitchUseToOptional
47976,Heroes;CombatStats,bNeedsRangeCheck
47982,Functions,GetSchemaType
48008,Functions,TargetNamespace
48017,Functions,targetNamespace
48018,Functions,get_Excluded
48019,Functions,get_Enumerate
48031,CombatStats,FinishParsing
48032,Functions,get_XmlSchema
48033,Functions,get_XdrSchema
48041,Functions,markupDepth
48055,Functions,schemaToUpdate
48063,Functions,get_RootSchema
48066,Functions,GetBuildInSchema
48075,Functions,GetIncludedSet
48077,Functions,GetParentSchema
48112,Functions,GetSchemaEntity
48113,Functions,GetChameleonSchema
48142,Economy;Functions,System.Xml.IDtdDefaultAttributeInfo.get_DefaultValueExpanded
48150,Economy,set_DefaultValueExpanded
48152,Functions,get_Reserved
48153,Functions,get_DefaultValueChecked
48156,Economy,defExpanded
48168,Economy,System.Xml.IDtdDefaultAttributeInfo.DefaultValueExpanded
48247,Heroes;CombatStats;Functions,CalculateSequenceRange
48248,Heroes;CombatStats,IsValidOccurrenceRangeRestriction
48251,Functions,GetMappingParticle
48253,Heroes;CombatStats;Functions,CalculateEffectiveTotalRange
48255,Functions,GetSchemaContentType
48269,Functions,GetSimpleType
48270,Functions,GetComplexType
48271,Functions,GetAnySchemaType
48279,Functions,get_Presence
48281,Functions,get_MaxLength
48283,Functions,get_MinLength
48286,Functions,get_Datatype
48288,Functions,get_DefaultValueRaw
48306,Functions,get_IsIdDeclared
48308,Functions,get_HasNonCDataAttribute
48311,Functions,get_IsNillable
48313,Functions,get_Block
48315,Functions,get_IsNotationDeclared
48317,Functions,get_HasDefaultAttribute
48318,Functions,get_HasRequiredAttribute
48319,Functions,get_ContentValidator
48321,Functions,get_AnyAttribute
48326,Functions,GetAttDef
48327,Functions,get_DefaultAttDefs
48328,Functions,get_AttDefs
48329,Functions,get_ProhibitedAttributes
48368,Functions,get_Pubid
48371,Functions,get_DeclaredInExternal
48373,Functions,get_NData
48377,Functions,get_ParsingInProgress
48379,Functions,get_DeclaredURI
48414,Functions,get_ElementDecls
48415,Functions,get_UndeclaredElementDecls
48416,Functions,get_GeneralEntities
48417,Functions,get_ParameterEntities
48418,Functions,get_TargetNamespaces
48419,Functions,get_ElementDeclsByType
48420,Functions,get_AttributeDecls
48421,Functions,get_ErrorCount
48423,Functions,GetElementDecl
48424,Functions,GetTypeDecl
48426,Functions,GetAttributeXdr
48428,Functions,GetAttributeXsd
48442,Functions,targetNamespaces
48449,Functions,TargetNamespaces
48518,Functions,QnTargetNamespace
48636,Functions,SchemaTargetNamespace
48710,Functions,get_SystemLiteral
48718,Functions,UpdateSForSSimpleTypes
48731,WavePerks,derivedAttributeWildcard
48732,WavePerks,baseAttributeWildcard
48748,Functions,get_Severity
48757,Progression,NeedValidateChildren
48770,Functions,targetNamspace
48821,Functions,GetNextState
48824,Functions,GetOrder
48841,Functions,GetContent
48842,Functions,GetModel
48862,Functions,_TargetNamespace
48871,Functions,_GroupDef
48937,Functions,get_IsInlineSchemaStarted
48938,Functions,ThoroughGetElementDecl
48940,Functions,get_HasSchema
48945,Functions,GetPrefixFromQName
48957,Functions,get_AttributeFormDefault
48959,Functions,get_BlockDefault
48961,Functions,get_FinalDefault
48963,Functions,get_ElementFormDefault
48965,Functions,get_TargetNamespace
48966,Functions,set_TargetNamespace
48967,Functions,get_Includes
48968,Functions,get_IsCompiledBySet
48970,Functions,get_IsPreprocessed
48972,Functions,get_IsRedefined
48974,Functions,get_AttributeGroups
48975,Functions,get_SchemaTypes
48976,Functions,get_Elements
48978,Functions,get_IdentityConstraints
48979,Functions,get_SchemaId
48980,Functions,get_IsChameleon
48983,Functions,get_IdAttribute
48990,Functions,get_ImportedSchemas
48991,Functions,get_ImportedNamespaces
48993,Functions,GetExternalSchemasList
48994,Functions,targetNs
49020,Functions,get_Annotation
49022,Functions,get_UnhandledAttributes
49029,Functions,get_ResolvedNamespace
49030,Functions,get_ProcessContentsCorrect
49031,Functions,get_NameString
49039,Functions,get_ProcessContents
49042,Functions,get_Markup
49046,Functions,get_FixedValue
49048,Functions,get_RefName
49050,Functions,get_SchemaTypeName
49052,Functions,get_Use
49054,Functions,get_QualifiedName
49055,Functions,get_AttributeSchemaType
49058,Functions,get_AttDef
49060,Functions,get_NameAttribute
49071,Functions,get_AttributeUses
49072,WavePerks;Functions,get_AttributeWildcard
49073,WavePerks,set_AttributeWildcard
49074,Functions,get_RedefinedAttributeGroup
49075,Functions,get_Redefined
49077,Functions,get_SelfReferenceCount
49080,WavePerks,attributeWildcard
49090,Functions,GetSchemaInfo
49091,Functions,GetSchemaNames
49098,Functions,get_Schema
49101,Functions,get_CurrentNode
49104,Functions,get_EnableUpaCheck
49107,Functions,get_IsMixed
49109,Functions,get_Content
49111,Functions,get_HasMixedAttribute
49117,Functions,get_BaseTypeName
49119,Functions,get_Particle
49126,Functions,get_AnyType
49127,Functions,get_UntypedAnyType
49128,Functions,get_AnyTypeContentValidator
49129,Functions,get_ContentModel
49131,Functions,get_ContentTypeParticle
49132,Functions,get_BlockResolved
49133,Functions,get_LocalElements
49136,WavePerks,SetAttributeWildcard
49137,WavePerks,set_HasWildCard
49145,Functions,GetResolvedElementForm
49162,WavePerks,HasWildCard
49169,Functions,get_TypeCodeString
49178,Functions,languageType
49181,Functions,get_Final
49183,Functions,get_HasNillableAttribute
49184,Functions,get_HasAbstractAttribute
49185,Functions,get_SubstitutionGroup
49187,Functions,get_ElementSchemaType
49188,Functions,get_FinalResolved
49191,Functions,get_HasConstraints
49192,Functions,get_IsLocalTypeDerivationChecked
49194,Functions,get_ElementDecl
49208,Functions,get_GetRes
49209,Functions,get_SourceUri
49210,Functions,get_SourceSchemaObject
49213,Functions,GetRes
49217,Functions,get_SchemaLocation
49219,Functions,get_Compositor
49224,Functions,get_IsFixed
49226,Functions,get_FacetType
49248,Functions,get_CanonicalParticle
49258,Functions,get_CompiledConstraint
49263,Functions,get_XPath
49270,Functions,get_Refer
49281,Functions,get_IsUnionType
49285,Functions,get_Public
49287,Functions,get_System
49292,Functions,get_IsProcessing
49308,Functions,get_MinOccursString
49310,Functions,get_MaxOccursString
49312,Functions,get_MinOccurs
49314,Functions,get_MaxOccurs
49327,Functions,get_IsCompiled
49329,Functions,get_GlobalElements
49330,Functions,get_GlobalAttributes
49331,Functions,get_GlobalTypes
49332,Functions,get_SubstitutionGroups
49333,Functions,get_SchemaLocations
49334,Functions,get_TypeExtensions
49354,Functions,get_CompiledInfo
49355,Functions,get_ReaderSettings
49357,Functions,GetSchemaByUri
49358,Functions,GetTargetNamespace
49359,Functions,get_SortedSchemas
49382,Functions,get_Facets
49387,Functions,get_ItemTypeName
49389,Functions,get_ItemType
49391,Functions,get_BaseItemType
49399,Functions,get_BaseTypes
49400,Functions,get_MemberTypes
49407,Functions,get_Members
49408,Functions,get_Examplar
49415,Functions,get_Choice
49417,Functions,GetBuiltInSimpleType
49418,Functions,GetBuiltInComplexType
49419,Functions,get_BaseXmlSchemaType
49420,Functions,get_DerivedBy
49421,Functions,get_SchemaContentType
49436,Functions,XmlValueGetter
49443,Functions,TopLevelAttribute
49444,Functions,TopLevelTextOrWS
49457,Functions,attributeValueGetter
49462,Functions,elementValueGetter
49465,Functions,GetUnspecifiedDefaultAttributes
49466,Functions,get_SchemaSet
49467,Functions,get_CurrentContentType
49470,Functions,get_StrictlyAssessed
49471,Functions,GetConcatenatedValue
49476,Functions,GetSubstitutionGroupHead
49479,Functions,FastGetElementDecl
49493,Functions,get_HasIdentityConstraints
49494,Functions,get_ProcessIdentityConstraints
49495,Functions,get_ReportValidationWarnings
49496,Functions,get_ProcessSchemaHints
49502,Functions,GetSchemaElement
49504,Functions,GetDefaultAttributePrefix
49512,Functions,getParticles
49513,Economy,PrintExpectedElements
49577,Functions,get_DefaultClrType
49665,WavePerks;Functions,ChangeTypeWildcardDestination
49666,WavePerks;Functions,ChangeTypeWildcardSource
49691,Functions,get_CurrentElement
49692,Functions,get_ParentElement
49693,Functions,get_ParentContainer
49694,Functions,GetContainer
49699,Functions,BuildSchema_TargetNamespace
49929,Functions,get_InternalTypeCode
49930,Functions,get_Fraction
49931,Functions,get_ZoneHour
49932,Functions,get_ZoneMinute
49984,Functions,get_Years
49985,Functions,get_Months
49986,Functions,get_Nanoseconds
50012,Functions,get_TypeOfAxis
50013,Functions,get_AbbrAxis
50014,Functions,get_Urn
50080,CombatStats,XPathParser
50082,Economy,xpathExpression
50083,Economy,ParseXPathExpression
50085,Economy,ParseOrExpr
50086,Economy,ParseAndExpr
50087,Economy,ParseEqualityExpr
50088,Economy,ParseRelationalExpr
50089,Economy,ParseAdditiveExpr
50090,Economy,ParseMultiplicativeExpr
50091,Economy,ParseUnaryExpr
50092,Economy,ParseUnionExpr
50095,Economy,ParsePathExpr
50096,Economy,ParseFilterExpr
50104,Economy,IsPrimaryExpr
50105,Economy,ParsePrimaryExpr
50114,Functions,GetAxis
50129,Functions,get_FType
50130,Functions,get_Minargs
50131,Functions,get_Maxargs
50132,Functions,get_ArgTypes
50144,Economy,xpathExpr
50145,Functions,get_SourceText
50146,Functions,get_CurrentChar
50147,Functions,get_NumberValue
50148,Functions,get_CanBeFunction
50152,Economy,_xpathExpr
50153,Economy,_xpathExprIndex
50182,Functions,GetPositionHashCode
50188,Functions,get_NamespaceUri
50189,Functions,get_CollapsedLinePosition
50190,Functions,get_PageInfo
50192,Functions,GetParent
50193,Functions,GetSibling
50194,Functions,get_IsXmlNamespaceNode
50195,Functions,get_HasSibling
50196,Functions,get_HasCollapsedText
50197,Functions,get_HasNamespaceDecls
50209,Functions,get_Page
50213,Functions,GetLocalNamespaces
50214,Functions,GetInScopeNamespaces
50216,Functions,GetLocation
50219,Functions,GetTextFollowing
50220,Functions,GetNonDescendant
50222,Functions,get_PageNumber
50223,Functions,get_NodeCount
50224,Functions,get_NextPage
50232,Functions,get_SiblingPage
50233,Functions,get_ParentPage
50234,Functions,get_LineNumberBase
50235,Functions,get_LinePositionBase
50295,Functions,get_AllowArbitraryTypeInstantiation
50299,Heroes,switchValue
50300,Heroes;Functions,GetCachedSwitchValue
50301,Heroes;Functions,GetCachedSwitchValueInternal
50302,Functions,get_DisableCaching
50307,Functions,<get_DisableCaching>b__6_0
50309,Economy,expr
50310,Functions,UpdateColumnType
50311,Functions,get_AllowDBNull
50313,Functions,get_AutoIncrement
50315,Functions,get_AutoIncrementCurrent
50317,Functions,get_AutoInc
50318,Functions,get_AutoIncrementSeed
50320,Functions,get_AutoIncrementStep
50322,Functions,get_Caption
50324,Functions,get_ColumnName
50326,Functions,get_EncodedColumnName
50327,Functions,get_Locale
50328,Functions,get_ObjectID
50329,Functions,GetColumnValueAsString
50330,Functions,get_Computed
50331,Economy;Functions,get_DataExpression
50332,Functions,get_DateTimeMode
50334,Functions,get_DefaultValueIsNull
50335,Economy,BindExpression
50336,Economy;Functions,get_Expression
50337,Economy,set_Expression
50338,Functions,get_ExtendedProperties
50339,Functions,get_ImplementsINullable
50340,Functions,get_ImplementsIChangeTracking
50341,Functions,get_ImplementsIRevertibleChangeTracking
50342,Functions,get_IsSqlType
50346,Functions,get_ReadOnly
50347,Functions,get_SortIndex
50348,Functions,get_Table
50350,Functions,GetDataRow
50353,Functions,get_Unique
50356,Functions,get_XmlDataType
50358,Functions,get_SimpleType
50360,Functions,get_ColumnMapping
50374,Functions,GetAggregateValue
50375,Functions,GetStringLength
50377,Functions,get_IsCustomType
50379,Functions,get_ImplementsIXMLSerializable
50393,Functions,GetEmptyColumnStore
50398,Economy,expressionColumn
50401,Economy,oldExpression
50402,Economy,newExpression
50408,Functions,_storageType
50410,Economy,_expression
50419,Functions,_implementsIChangeTracking
50420,Functions,_implementsIRevertibleChangeTracking
50444,Economy,DataExpression
50449,Functions,ImplementsIChangeTracking
50450,Functions,ImplementsIRevertibleChangeTracking
50458,Functions,get_Auto
50461,Functions,get_Seed
50463,Functions,get_Step
50493,Heroes;CombatStats,_ArgumentOutOfRange
50494,Heroes;CombatStats,_IndexOutOfRange
50508,Heroes;CombatStats,ArgumentOutOfRange
50518,Heroes;CombatStats,ColumnOutOfRange
50530,Economy,CannotRemoveExpression
50536,Heroes;CombatStats,ConstraintOutOfRange
50546,Functions,FailedCascadeUpdate
50555,Economy,AutoIncrementAndExpression
50564,Economy,ExpressionAndUnique
50565,Economy,ExpressionAndReadOnly
50566,Economy,ExpressionAndConstraint
50567,Economy,ExpressionInConstraint
50568,Economy,ExpressionCircular
50572,Economy,ReadOnlyAndExpression
50573,Economy,UniqueAndExpression
50586,Functions,UDTImplementsIChangeTrackingButnotIRevertible
50600,Progression,CreateChildView
50602,Functions,GetElementIndex
50607,Heroes;CombatStats,ColumnToSortIsOutOfRange
50620,Functions,GetParentRowTableMismatch
50647,Heroes;CombatStats,RowOutOfRange
50657,Economy,MergeMissingDefinition
50662,Heroes;CombatStats,RecordStateRange
50668,Heroes;CombatStats,RelationOutOfRange
50691,Heroes;CombatStats,TableOutOfRange
50702,Functions,InvalidStorageType
50703,Heroes;CombatStats,RangeArgument
50704,Heroes;CombatStats,NullRange
50741,Functions,ThrowMultipleTargetConverter
50755,Functions,get_RemotingFormat
50757,Functions,get_SchemaSerializationMode
50771,Functions,get_CaseSensitive
50774,Functions,get_DefaultViewManager
50775,Functions,get_EnforceConstraints
50779,Functions,get_DataSetName
50785,Functions,get_Relations
50786,Functions,get_Tables
50789,Functions,GetRemotingDiffGram
50790,Functions,GetXmlSchemaForRemoting
50796,Functions,multipleTargetConverter
50815,Functions,TopLevelTables
50823,Functions,GetDataSetSchema
50827,Functions,get_MainTableName
50840,Functions,_fTopLevelTable
50870,Economy,SerializeExpressionColumns
50871,Economy,DeserializeExpressionColumns
50878,Functions,GetRowAndColumnErrors
50880,Functions,get_AreIndexEventsSuspended
50884,Functions,get_IsTypedDataTable
50889,Functions,get_SelfNested
50890,Functions,get_LiveIndexes
50891,Functions,get_UKColumnPositionForInference
50893,Functions,get_ChildRelations
50894,Functions,get_Columns
50896,Functions,get_DataSet
50898,Functions,get_DefaultView
50899,Economy;Functions,get_DisplayExpressionInternal
50900,Functions,get_SuspendEnforceConstraints
50902,Functions,get_MinimumCapacity
50904,Functions,get_RecordCapacity
50905,Functions,get_ElementColumnCount
50907,Functions,get_ParentRelations
50908,Functions,get_MergingData
50910,Functions,get_NestedParentRelations
50911,Functions,get_SchemaLoading
50914,Functions,get_NestedParentsCount
50916,Functions,get_Rows
50917,Functions,get_TableName
50919,Functions,get_EncodedTableName
50921,Functions,GetInheritedNamespace
50933,Functions,FindMergeTarget
50937,Functions,targetRow
50942,Functions,targetTable
50947,Economy,skipExpressionColumns
50955,Functions,CascadeAll
50962,Functions,GetIndex
50963,Functions,GetListeners
50964,Functions,GetSpecialHashCode
50974,Functions,GetRowType
50976,Functions,get_NeedColumnChangeEvents
50992,Progression,RecordStateChanged
51014,Bosses,RestoreShadowIndexes
51015,Bosses,SetShadowIndexes
51016,Bosses,ShadowIndexCopy
51017,Functions,UpdatingCurrent
51021,Functions,UpdatePropertyDescriptorCollectionCache
51022,Functions,GetPropertyDescriptorCollection
51024,Economy,CheckForClosureOnExpressions
51026,Economy,CheckForClosureOnExpressionTables
51034,Functions,GetDataTableSchema
51035,Functions,get_RowDiffId
51036,Economy,EvaluateExpressions
51038,Economy,EvaluateDependentExpressions
51050,Bosses,_shadowIndexes
51051,Bosses,_shadowCount
51055,Economy,_displayExpression
51108,Economy,DisplayExpressionInternal
51124,Functions,_targetTable
51126,Functions,_targetDS
51137,Functions,GetDataType
51140,Functions,get_Aggregate
51141,Functions,get_IsAggregate
51171,Functions,get_IsTypeLimitingDisabled
51176,Functions,GetPreviouslyDeclaredDataTypes
51189,Functions,<GetPreviouslyDeclaredDataTypes>b__10_0
51190,Functions,<GetPreviouslyDeclaredDataTypes>b__11_0
51207,Functions,get_ConstraintName
51209,Functions,get_SchemaName
51211,Functions,get_InCollection
51222,Functions,get__DataSet
51240,Heroes,BaseGroupSwitch
51262,Functions,GetConstraint
51264,Functions,get_CurrentObject
51269,Functions,GetForeignKeyConstraint
51274,Functions,get_ProposedValue
51283,Functions,get_ColumnsImplementingIChangeTracking
51284,Functions,get_ColumnsImplementingIChangeTrackingCount
51285,Functions,get_ColumnsImplementingIRevertibleChangeTrackingCount
51289,Functions,CheckIChangeTracking
51297,Functions,AddColumnsImplementingIChangeTrackingList
51298,Functions,RemoveColumnsImplementingIChangeTrackingList
51299,Heroes;CombatStats,_delayedAddRangeColumns
51302,Functions,_columnsImplementingIChangeTracking
51303,Functions,_nColumnsImplementingIChangeTracking
51304,Functions,_nColumnsImplementingIRevertibleChangeTracking
51307,Functions,ColumnsImplementingIChangeTracking
51308,Functions,ColumnsImplementingIChangeTrackingCount
51309,Functions,ColumnsImplementingIRevertibleChangeTrackingCount
51315,Functions,GetColumnError
51316,Functions,GetColumnsInError
51323,Functions,get_ColumnsReference
51327,Functions,GetColumnNames
51328,Functions,GetIndexDesc
51329,Functions,GetKeyValues
51330,Functions,GetSortIndex
51344,Functions,get_ChildColumns
51345,Functions,get_ChildColumnsReference
51346,Functions,get_ChildKey
51347,Functions,get_ChildTable
51348,Functions,get_ParentColumnNames
51349,Functions,get_ChildColumnNames
51353,Functions,GetChildRows
51355,Functions,GetParentRows
51356,Functions,GetParentRow
51357,Functions,get_ParentColumns
51358,Functions,get_ParentColumnsReference
51359,Functions,get_ParentKey
51360,Functions,get_ParentTable
51361,Functions,get_RelationName
51363,Functions,get_Nested
51365,Functions,get_ParentKeyConstraint
51367,Functions,get_ChildKeyConstraint
51368,Functions,get_CheckMultipleNested
51403,Functions,GetDataSet
51423,Functions,get_Relation
51427,Functions,get_LastChangedColumn
51429,Functions,get_HasPropertyChanged
51430,Functions,get_RBTreeNodeId
51432,Functions,get_RowError
51435,Functions,get_rowID
51437,Functions,get_RowState
51439,Functions,GetNestedParentCount
51446,Functions,GetDataColumn
51447,Functions,GetNestedParentRow
51448,Functions,GetColumnValues
51449,Functions,GetCurrentRecordNo
51450,Functions,GetDefaultRecord
51451,Functions,GetOriginalRecordNo
51452,Functions,GetProposedRecordNo
51453,Functions,GetRecordFromVersion
51455,Functions,GetDefaultRowVersion
51456,Functions,GetRecordState
51516,Functions,get_DataView
51520,Functions,get_RowVersionDefault
51521,Functions,GetRecord
51523,Functions,GetColumnValue
51526,Functions,get_Row
51527,Functions,get_IsNew
51546,Functions,GetTable
51547,Functions,GetTableSmart
51552,Heroes;CombatStats;Functions,_delayedAddRangeTables
51559,Functions,get_AllowDelete
51560,Functions,get_CountFromIndex
51561,Functions,get_DataViewManager
51562,Functions,get_RowFilter
51564,Functions,get_RowStateFilter
51566,Functions,get_Sort
51568,Functions,get_SortComparison
51577,Functions,GetFindIndex
51578,Functions,GetSortProperty
51585,Functions,GetSortDescriptions
51590,Functions,GetFilter
51591,Functions,GetRow
51592,Functions,GetRowView
51606,Functions,UpdateIndex
51648,Functions,updateListeners
51653,Functions,get_DataViewSettings
51662,Functions,GetDataView
51670,Functions,get_ApplyDefaultSort
51691,Functions,storageType
51692,Functions,GetPrecedence
51693,Functions,GetPrecedenceType
51723,Functions,GetDependency
51726,Economy,_originalExpression
51729,Economy,_expr
51731,Economy,ExpressionNode
51732,Functions,get_IsSqlColumn
51733,Functions,get_table
51756,Economy,ExpressionParser
51757,Economy,LoadExpression
51764,Economy,BuildExpression
51780,Economy,_exponentL
51781,Economy,_exponentU
51797,Economy,InvalidExpressionException
51800,Economy,ExprException
51802,Economy,_Expr
51812,Economy,ExpressionTooComplex
51818,Economy,tokExpected
51841,Economy,ExpressionUnbound
51848,Heroes;CombatStats,InvalidTimeZoneRange
51868,Functions,updateRule
51872,Functions,CascadeUpdate
51877,Functions,get_AcceptRejectRule
51880,Functions,get_DeleteRule
51882,Functions,get_RelatedColumns
51883,Functions,get_RelatedColumnsReference
51885,Functions,get_RelatedTable
51886,Functions,get_UpdateRule
51887,Functions,set_UpdateRule
51889,Functions,_updateRule
51896,Functions,UpdateRule
51899,Functions,get_Conflict
51904,Functions,MergeTable
51906,Functions,MergeTableData
51910,Functions,GetSrcKey
51934,Heroes;CombatStats;Functions,IndexOutOFRangeinGetNodeByIndex
51954,Functions,GetIntValueFromBitMap
51957,Functions,GetIndexOfPageWithFreeSlot
51958,Functions,get_HasDuplicates
51959,Functions,GetNewNode
51970,Functions,UpdateNodeKey
51977,Functions,GetNodeByKey
51978,Functions,GetIndexByKey
51979,Functions,GetIndexByNode
51980,Functions,GetIndexByNodePath
51984,Functions,GetNodeByIndex
51999,Functions,_pageTable
52000,Functions,_pageTableMap
52023,Functions,get_InUseCount
52025,Functions,get_PageId
52038,Functions,get_LastFreeRecord
52057,Functions,GetParentValues
52070,Functions,GetAllFields
52071,Functions,get_HasRemoteAggregate
52072,Functions,get_RecordStates
52073,Functions,get_RecordCount
52077,Functions,get_RefCount
52089,Functions,GetUniqueKeyValues
52094,Heroes;CombatStats;Functions,GetRangeFromNode
52097,Functions,GetChangeAction
52098,Functions,GetReplaceAction
52099,Functions,GetRows
52105,Functions,get_DoListChanged
52133,Functions,get_HasListeners
52142,Functions,get_XmlBaseType
52143,Functions,get_BaseSimpleType
52144,Functions,get_SimpleTypeQualifiedName
52170,Functions,get_ColumnNames
52171,Functions,get_ConstraintIndex
52174,Functions,get_IsPrimaryKey
52192,Functions,GetInstanceName
52195,Functions,GetMinMax
52219,Functions,GetBooleanAttribute
52224,Functions,get_FromInference
52228,Economy,HandleColumnExpression
52229,Functions,GetMsdataAttribute
52238,Functions,GetParticleItems
52246,Functions,GetStringAttribute
52265,Functions,GetPrefix
52266,Functions,GetNamespaceFromPrefix
52267,Functions,GetTableNamespace
52268,Functions,GetTableName
52272,Economy,_columnExpressions
52279,Economy,_expressions
52297,Functions,GetValueForTextOnlyColums
52298,Functions,GetInitialTextFromNodes
52299,Functions,GetTextOnlyColumn
52300,Functions,GetRowFromElement
52326,Functions,_isTableLevel
52332,Functions,_UPDGNS
52350,Functions,GetSelfAndDescendants
52352,Functions,GetColumnSchema
52353,Functions,GetSchemaForNode
52354,Functions,GetTableForNode
52383,Functions,CreateToplevelTables
52390,Functions,FindTargetNamespace
52409,Functions,_targetConverter
52428,Functions,GetNestedChildRelations
52433,Functions,_topLevelTables
52441,Functions,get_NullString
52442,Functions,get_ArithOverflowMessage
52443,Functions,get_DivideByZeroMessage
52444,Functions,get_NullValueMessage
52445,Functions,get_TruncationMessage
52446,Functions,get_DateTimeOverflowMessage
52447,Functions,get_ConcatDiffCollationMessage
52448,Functions,get_CompareDiffCollationMessage
52449,Functions,get_ConversionOverflowMessage
52450,Functions,get_TimeZoneSpecifiedMessage
52451,Functions,get_InvalidPrecScaleMessage
52452,Functions,get_FormatMessage
52474,Functions,GetXsdType
52475,Functions,get_IsTrue
52476,Functions,get_IsFalse
52480,Functions,get_ByteValue
52491,Functions,get_Null
52501,Functions,get_DayTicks
52502,Functions,get_TimeTicks
52524,Functions,CalculatePrecision
52538,Functions,BGetPrecUI4
52540,Functions,BGetPrecUI8
52654,Economy,ecExpectedResult
52677,Functions,throwTargetInvocationExceptions
52680,Functions,get_CreateSqlReaderMethodInfo
52703,Functions,GetFamily
52704,Functions,GetEmptyStorage
52707,Functions,GetXmlSerializer
52745,Functions,StorageType
52754,Functions,GetStorageType
52755,Functions,GetTypeStorage
52760,Functions,changeTracking
52761,Functions,revertibleChangeTracking
52767,Functions,GetEmptyStorageInternal
52772,Functions,_storageTypeCode
52806,Functions,ChangeTypeForDefaultValue
52807,Functions,ChangeType2
52808,Functions,ChangeTypeForXML
52826,Functions,GetStaticNullForUdtType
52829,Functions,<GetStaticNullForUdtType>b__0
52870,Heroes;CombatStats,bufferRangePatchData
52876,Functions,GetReflectionData
52895,Bosses,JobProducerTypeAttribute
52897,Bosses,producerType
52898,Bosses,<ProducerType>k__BackingField
52899,Heroes;CombatStats,JobRanges
52908,Heroes;CombatStats;Functions,GetJobRange
52909,Heroes;CombatStats;Functions,GetWorkStealingRange
52919,Functions,get_IsExecutingJob
52920,Functions,get_ThreadIndex
52921,Functions,get_ThreadIndexCount
52968,Functions,get_Scripts
52988,Heroes,set_RawImageDataReference
52989,Heroes,set_ImageFormat
52990,Heroes,<RawImageDataReference>k__BackingField
52991,Heroes,<ImageFormat>k__BackingField
52994,Heroes,RawImageDataReference
53018,Functions,GetCategoryDescription
53033,Functions,GetOrCreateMemLabel
53036,Functions,GetOrCreateMemLabel__Unmanaged
53037,Functions,GetCategoryDescription_Injected
53039,Functions,GetOrCreateMemLabel_Injected
53079,Functions,<PriorityLevel>k__BackingField
53088,Functions,PriorityLevels
53101,Functions,DeallocateOnJobCompletionAttribute
53134,Functions,get_Stride
53143,Functions,getHashCode64
53144,Functions,getSubHashCode64
53146,Functions,GetOrCreateSharedStaticInternal
53148,Functions,GetHashCode64
53155,Functions,NativeContainerSupportsDeallocateOnJobCompletionAttribute
53166,Functions,GetUnsafePtr
53167,Functions,GetUnsafeReadOnlyPtr
53188,Functions,GetReasonForTypeNonBlittableImpl
53190,Functions,GetReasonForArrayNonBlittable
53206,WavePerks,BurstDiscardAttribute
53210,Functions,GetOrCreateSharedMemory
53216,Functions,targetFlags
53218,Functions,<TargetFlags>k__BackingField
53223,Functions,ImplicitUseTargetFlags
53229,Progression,InvokeSpriteChanged
53231,Functions,get_sprite_Injected
53234,Functions,get_color_Injected
53236,Progression,m_SpriteChangeEvent
53243,Functions,GetPackingRotation
53244,Functions,GetPacked
53245,Functions,GetInnerUVs
53246,Functions,GetOuterUVs
53247,Functions,GetPadding
53248,Functions,get_bounds
53249,Functions,get_border
53250,Functions,GetSecondaryTextureCount
53252,Functions,GetSecondaryTextures
53253,Functions,get_associatedAlphaSplitTexture
53254,Functions,get_packed
53255,Functions,get_packingRotation
53256,Functions,get_vertices
53257,Functions,get_triangles
53258,Functions,GetPackingRotation_Injected
53259,Functions,GetPacked_Injected
53260,Functions,GetInnerUVs_Injected
53261,Functions,GetOuterUVs_Injected
53262,Functions,GetPadding_Injected
53263,Functions,get_bounds_Injected
53264,Functions,get_rect_Injected
53265,Functions,get_border_Injected
53266,Functions,get_texture_Injected
53267,Functions,GetSecondaryTextureCount_Injected
53268,Functions,GetSecondaryTextures_Injected
53269,Functions,get_pixelsPerUnit_Injected
53270,Functions,get_associatedAlphaSplitTexture_Injected
53271,Functions,get_pivot_Injected
53272,Functions,get_vertices_Injected
53273,Functions,get_triangles_Injected
53274,Functions,get_uv_Injected
53280,Functions,GetLayerValueFromID
53283,Functions,get_time
53285,Functions,get_inTangent
53287,Functions,get_outTangent
53289,Functions,get_weightedMode
53291,Functions,get_tangentMode
53293,Functions,get_tangentModeInternal
53313,Functions,get_keys
53315,Functions,get_preWrapMode
53317,Functions,get_postWrapMode
53323,Functions,get_keys_Injected
53325,Functions,get_length_Injected
53326,Functions,GetKey_Injected
53327,Functions,GetHashCode_Injected
53328,Functions,get_preWrapMode_Injected
53330,Functions,get_postWrapMode_Injected
53340,Functions,get_isPlaying
53341,Functions,get_isFocused
53342,Functions,get_isBatchMode
53343,Functions,get_dataPath
53344,Functions,get_streamingAssetsPath
53345,Functions,get_persistentDataPath
53346,Functions,get_absoluteURL
53349,Functions,get_unityVersion
53350,Functions,get_installerName
53351,Functions,get_identifier
53352,Functions,get_installMode
53353,Functions,get_sandboxType
53354,Functions,get_productName
53355,Functions,get_companyName
53356,Functions,get_cloudProjectId
53358,Functions,get_targetFrameRate
53359,Functions,set_targetFrameRate
53362,Functions,get_platform
53363,Functions,get_isMobilePlatform
53364,Functions,get_systemLanguage
53365,Functions,get_internetReachability
53394,Functions,get_isEditor
53395,Functions,get_dataPath_Injected
53396,Functions,get_streamingAssetsPath_Injected
53397,Functions,get_persistentDataPath_Injected
53398,Functions,get_absoluteURL_Injected
53400,Functions,get_unityVersion_Injected
53401,Functions,get_version_Injected
53402,Functions,get_installerName_Injected
53403,Functions,get_identifier_Injected
53404,Functions,get_productName_Injected
53405,Functions,get_companyName_Injected
53406,Functions,get_cloudProjectId_Injected
53432,Functions,targetFrameRate
53481,CombatStats,FlashPlayer
53518,Heroes,Switch2
53574,Functions,get_nearClipPlane
53576,Functions,get_farClipPlane
53578,Functions,get_fieldOfView
53581,Functions,get_actualRenderingPath
53582,Functions,get_allowHDR
53584,Functions,get_allowMSAA
53587,Functions,get_orthographicSize
53589,Functions,get_orthographic
53591,Functions,get_depth
53593,Functions,get_aspect
53595,Functions,get_cullingMask
53596,Functions,get_eventMask
53597,Functions,get_cameraType
53600,Functions,get_clearFlags
53603,Functions,get_pixelRect
53605,Functions,get_scaledPixelWidth
53606,Functions,get_scaledPixelHeight
53607,Functions,get_activeTexture
53613,Functions,get_main
53614,Functions,get_currentInternal
53615,Functions,get_stereoTargetEye
53616,Functions,get_stereoTargetEyeInternal
53617,Functions,GetAllCamerasCount
53618,Functions,GetAllCamerasImpl
53619,Functions,get_allCamerasCount
53620,Functions,GetAllCameras
53630,Functions,get_nearClipPlane_Injected
53632,Functions,get_farClipPlane_Injected
53634,Functions,get_fieldOfView_Injected
53637,Functions,get_actualRenderingPath_Injected
53638,Functions,get_allowHDR_Injected
53640,Functions,get_allowMSAA_Injected
53643,Functions,get_orthographicSize_Injected
53645,Functions,get_orthographic_Injected
53647,Functions,get_depth_Injected
53649,Functions,get_aspect_Injected
53651,Functions,get_cullingMask_Injected
53652,Functions,get_eventMask_Injected
53653,Functions,get_cameraType_Injected
53656,Functions,get_backgroundColor_Injected
53658,Functions,get_clearFlags_Injected
53662,Functions,get_pixelRect_Injected
53664,Functions,get_scaledPixelWidth_Injected
53665,Functions,get_scaledPixelHeight_Injected
53666,Functions,get_targetTexture_Injected
53667,Functions,set_targetTexture_Injected
53668,Functions,get_activeTexture_Injected
53669,Functions,get_targetDisplay_Injected
53675,Functions,get_main_Injected
53676,Functions,get_currentInternal_Injected
53677,Functions,get_stereoTargetEyeInternal_Injected
53678,Functions,GetAllCamerasImpl_Injected
53714,Functions,stereoTargetEye
53715,Functions,stereoTargetEyeInternal
53726,Progression,m_OnStateChanged
53749,Functions,get_unityLogger
53762,Functions,get_isDebugBuild
53771,Economy,ExpressionEvaluator
53780,Economy,ExpressionToTokens
53786,Economy,PreFormatExpression
53793,Functions,GetUInt
53801,Economy,<ExpressionToTokens>b__14_0
53805,Functions,get_center
53807,Functions,get_extents
53809,Functions,get_min
53810,Functions,get_max
53819,Functions,get_normal
53820,Functions,get_distance
53827,Functions,get_origin
53829,Functions,GetPoint
53833,Functions,get_zero
53841,Functions,get_xMin
53843,Functions,get_yMin
53845,Functions,get_xMax
53847,Functions,get_yMax
53866,Functions,get_left_Injected
53868,Functions,get_right_Injected
53870,Functions,get_top_Injected
53872,Functions,get_bottom_Injected
53874,Functions,get_horizontal_Injected
53875,Functions,get_vertical_Injected
53893,Functions,get_renderingWidth
53894,Functions,get_renderingHeight
53895,Functions,get_systemWidth
53896,Functions,get_systemHeight
53900,Functions,FireDisplaysUpdated
53901,Functions,GetSystemExtImpl
53902,Functions,GetRenderingExtImpl
53906,Functions,m_ActiveEditorGameViewTarget
53907,Functions,onDisplaysUpdated
53912,Functions,DisplaysUpdatedDelegate
53917,Functions,get_dpi
53919,Functions,get_currentResolution
53920,Functions,get_fullScreen
53921,Functions,get_safeArea
53922,Functions,get_currentResolution_Injected
53923,Functions,get_safeArea_Injected
53934,Functions,SubUpdates
53936,Functions,Internal_GetMaxDrawMeshInstanceCount
53947,Functions,mipLevel
53948,Functions,SetRenderTargetImpl
53949,Functions,SetRenderTarget
53962,Functions,get_invertCulling
53980,Functions,Internal_CallLightProbesUpdatedFunction
53983,Functions,lightProbesUpdated
53994,Functions,previousQualityLevel
53995,Functions,currentQualityLevel
53996,Functions,OnActiveQualityLevelChanged
53997,Functions,get_vSyncCount
53999,Functions,get_antiAliasing
54000,Functions,get_INTERNAL_renderPipeline
54001,Functions,get_renderPipeline
54002,Economy,applyExpensiveChanges
54003,Functions,SetQualityLevel
54004,Functions,get_activeColorSpace
54005,Functions,get_INTERNAL_renderPipeline_Injected
54006,Functions,activeQualityLevelChanged
54015,Functions,get_startWidth
54017,Functions,get_endWidth
54019,Functions,get_time_Injected
54021,Functions,get_startWidth_Injected
54023,Functions,get_endWidth_Injected
54060,Functions,GetMaterial
54061,Functions,GetSharedMaterial
54063,Functions,get_isVisible
54064,Bosses,set_shadowCastingMode
54065,Bosses,set_receiveShadows
54066,Functions,get_sortingLayerID
54068,Functions,get_sortingGroupID
54069,Functions,get_sortingGroupOrder
54070,Functions,get_isPartOfStaticBatch
54071,Functions,get_sharedMaterial
54074,Functions,GetMaterial_Injected
54075,Functions,GetSharedMaterial_Injected
54077,Functions,get_enabled_Injected
54079,Functions,get_isVisible_Injected
54080,Bosses,set_shadowCastingMode_Injected
54081,Bosses,set_receiveShadows_Injected
54082,Functions,get_sortingLayerID_Injected
54084,Functions,get_sortingOrder_Injected
54086,Functions,get_sortingGroupID_Injected
54087,Functions,get_sortingGroupOrder_Injected
54088,Functions,get_isPartOfStaticBatch_Injected
54091,Bosses,shadowCastingMode
54092,Bosses,receiveShadows
54100,Functions,get_isSupported
54101,Functions,get_globalRenderPipeline
54105,Functions,get_isSupported_Injected
54106,Functions,get_globalRenderPipeline_Injected
54116,Functions,get_shader
54119,Functions,get_mainTextureOffset
54121,Functions,get_mainTextureScale
54124,Functions,GetFirstPropertyNameIdByAttribute
54129,Functions,get_enableInstancing
54133,Functions,GetShaderKeywords
54135,Functions,get_shaderKeywords
54138,Functions,GetFloatImpl
54139,Functions,GetColorImpl
54140,Functions,GetTextureImpl
54141,Functions,GetTextureScaleAndOffsetImpl
54146,Functions,GetTextureOffset
54147,Functions,GetTextureScale
54150,Functions,get_shader_Injected
54152,Functions,GetFirstPropertyNameIdByAttribute_Injected
54157,Functions,get_enableInstancing_Injected
54161,Functions,GetShaderKeywords_Injected
54164,Functions,GetFloatImpl_Injected
54165,Functions,GetColorImpl_Injected
54166,Functions,GetTextureImpl_Injected
54167,Functions,GetTextureScaleAndOffsetImpl_Injected
54214,Functions,get_spotAngle
54215,Functions,get_colorTemperature
54216,Functions,get_useColorTemperature
54217,Functions,get_intensity
54219,Functions,get_bounceIntensity
54220,Heroes;CombatStats;Functions,get_dilatedRange
54221,Functions,get_bakingOutput
54222,Bosses;Functions,get_shadows
54223,Bosses;Functions,get_shadowStrength
54224,Bosses,set_shadowStrength
54225,Functions,get_cookieSize2D
54226,Functions,get_cookie
54227,Functions,get_type_Injected
54228,Functions,get_spotAngle_Injected
54229,Functions,get_colorTemperature_Injected
54230,Functions,get_useColorTemperature_Injected
54231,Functions,get_intensity_Injected
54233,Functions,get_bounceIntensity_Injected
54234,Heroes;CombatStats;Functions,get_range_Injected
54235,Heroes;CombatStats;Functions,get_dilatedRange_Injected
54236,Functions,get_bakingOutput_Injected
54237,Bosses;Functions,get_shadows_Injected
54238,Bosses;Functions,get_shadowStrength_Injected
54239,Bosses,set_shadowStrength_Injected
54240,Functions,get_cookieSize2D_Injected
54241,Functions,get_cookie_Injected
54249,Heroes;CombatStats,dilatedRange
54251,Bosses,shadows
54252,Bosses,shadowStrength
54256,Functions,get_sharedMesh
54258,Functions,get_sharedMesh_Injected
54266,Functions,StereoTargetEyeMask
54284,Bosses,LightShadows
54292,Bosses,Shadowmask
54388,Bosses,Shadowmap
54417,Economy,DynamicallyScalableExplicit
54429,Functions,get_subMeshStartIndex
54430,Functions,get_subMeshStartIndex_Injected
54434,CombatStats,SpeedTree
54444,Functions,GetIndexCountImpl
54446,Functions,GetIndicesImpl
54451,Functions,calculateBounds
54461,Functions,GetAllocArrayFromChannelImpl
54462,Functions,GetArrayFromChannelImpl
54463,Functions,get_canAccess
54464,Functions,get_vertexCount
54465,Functions,get_subMeshCount
54468,Functions,GetSubMesh
54469,Functions,GetLodCount
54473,Functions,RecalculateBoundsImpl
54476,Functions,GetUVChannel
54478,Functions,GetAllocArrayFromChannel
54484,Functions,GetListForChannel
54487,Functions,get_normals
54489,Functions,get_tangents
54492,Functions,get_colors32
54494,Functions,get_lodCount
54505,Functions,GetUVsImpl
54506,Functions,GetUVs
54518,Functions,GetIndices
54521,Functions,GetIndexCount
54523,Heroes;CombatStats,CheckIndicesArrayRange
54532,Functions,RecalculateBounds
54538,Functions,GetIndexCountImpl_Injected
54539,Functions,GetIndicesImpl_Injected
54546,Functions,GetAllocArrayFromChannelImpl_Injected
54547,Functions,GetArrayFromChannelImpl_Injected
54548,Functions,get_canAccess_Injected
54549,Functions,get_vertexCount_Injected
54550,Functions,get_subMeshCount_Injected
54553,Functions,GetSubMesh_Injected
54554,Functions,GetLodCount_Injected
54557,Functions,RecalculateBoundsImpl_Injected
54566,Functions,GetVertexBufferCount
54567,Functions,GetVertexDataPtr
54568,Functions,GetVertexDataSize
54569,Functions,GetIndexDataPtr
54570,Functions,GetIndexDataSize
54575,Functions,get_vertexBufferCount
54576,Functions,GetVertexData
54577,Functions,GetIndexData
54588,Functions,GetDataWidth
54589,Functions,GetDataHeight
54590,Functions,GetDimension
54591,Functions,get_dimension
54592,Functions,get_isReadable
54593,Functions,get_wrapMode
54596,Functions,get_texelSize
54597,Functions,Internal_GetActiveTextureColorSpace
54598,Functions,get_activeTextureColorSpace
54600,Functions,GetTextureColorSpace
54604,Functions,GetDataWidth_Injected
54605,Functions,GetDataHeight_Injected
54606,Functions,GetDimension_Injected
54607,Functions,get_isReadable_Injected
54608,Functions,get_wrapMode_Injected
54610,Functions,get_filterMode_Injected
54612,Functions,get_texelSize_Injected
54613,Functions,Internal_GetActiveTextureColorSpace_Injected
54620,Functions,get_whiteTexture
54627,Functions,updateMipmaps
54632,Functions,GetPixelImpl
54633,Functions,GetPixelBilinearImpl
54637,Functions,recalculateMipMaps
54640,Functions,miplevel
54642,Heroes;Functions,GetWritableImageData
54643,Heroes;Functions,GetImageDataSize
54652,Functions,GetPixel
54653,Functions,GetPixelBilinear
54654,Functions,GetRawTextureData
54658,Functions,get_format_Injected
54659,Functions,get_whiteTexture_Injected
54664,Functions,GetPixelImpl_Injected
54665,Functions,GetPixelBilinearImpl_Injected
54669,Heroes;Functions,GetWritableImageData_Injected
54670,Heroes;Functions,GetImageDataSize_Injected
54686,Functions,GetActive
54687,Functions,GetColorBuffer
54688,Functions,GetDepthBuffer
54691,Bosses,SetShadowSamplingMode
54692,Functions,get_colorBuffer
54693,Functions,get_depthBuffer
54694,WavePerks,discardColor
54695,WavePerks,discardDepth
54696,WavePerks,DiscardContents
54700,Functions,GetTemporary_Internal
54707,Functions,GetDepthStencilFormatLegacy
54709,Bosses,shadowSamplingMode
54710,Bosses,requestedShadowMap
54711,Functions,get_descriptor
54713,Functions,GetDefaultColorFormat
54714,Functions,GetDefaultDepthStencilFormat
54715,Bosses;Functions,GetShadowSamplingModeForFormat
54718,Functions,GetCompatibleFormat
54719,Functions,GetTemporary
54720,Functions,get_width_Injected
54722,Functions,get_height_Injected
54724,Functions,get_dimension_Injected
54728,Functions,get_antiAliasing_Injected
54729,Functions,GetActive_Injected
54731,Functions,GetColorBuffer_Injected
54732,Functions,GetDepthBuffer_Injected
54734,Bosses,SetShadowSamplingMode_Injected
54735,WavePerks,DiscardContents_Injected
54741,Functions,GetDescriptor_Injected
54742,Functions,GetTemporary_Internal_Injected
54749,Functions,get_msaaSamples
54751,Functions,get_volumeDepth
54754,Functions,get_graphicsFormat
54755,Functions,get_depthStencilFormat
54756,Functions,get_colorFormat
54758,Functions,get_sRGB
54759,Functions,get_depthBufferBits
54762,Bosses;Functions,get_shadowSamplingMode
54763,Bosses,set_shadowSamplingMode
54777,Bosses,<shadowSamplingMode>k__BackingField
54787,Functions,get_useMipmapLimit
54788,Functions,get_groupName
54806,Functions,get_lockState
55058,Functions,get_logHandler
55059,Functions,get_logEnabled
55065,Functions,get_filterLogType
55076,Functions,get_linear
55077,Functions,get_maxColorComponent
55078,Functions,get_black
55079,Functions,get_blue
55080,Functions,get_clear
55081,Functions,get_cyan
55082,Functions,get_gray
55083,Functions,get_grey
55084,Functions,get_gray5
55085,Functions,get_gray8
55086,Functions,get_green
55087,Heroes;Functions,get_magenta
55088,Functions,get_red
55089,Functions,get_white
55090,Functions,get_yellow
55099,Heroes,magenta
55106,Functions,get_HtmlColorValues
55107,Functions,get_HtmlColorNames
55123,Functions,get_colorKeys
55125,Functions,get_alphaKeys
55128,Functions,get_colorKeys_Injected
55130,Functions,get_alphaKeys_Injected
55132,Functions,get_mode_Injected
55138,Functions,GetRotation
55139,Functions,GetLossyScale
55140,Functions,get_rotation
55141,Functions,get_lossyScale
55148,Functions,get_inverse
55151,Functions,GetColumn
55152,Functions,GetPosition
55156,Functions,get_identity
55157,Functions,GetRotation_Injected
55158,Functions,GetLossyScale_Injected
55169,CombatStats,maxSpeed
55174,Functions,get_normalized
55177,Functions,get_magnitude
55178,Functions,get_sqrMagnitude
55179,Functions,get_one
55180,Functions,get_forward
55181,Functions,get_back
55182,Functions,get_up
55183,Functions,get_down
55223,Functions,get_eulerAngles
55254,Functions,GetNumberOfDecimalsForMinimumDifference
55257,WavePerks,DiscardLeastSignificantDecimal
55265,Functions,get_negativeInfinity
55300,Functions,CalculateFloatDragSensitivity
55301,Functions,CalculateIntDragSensitivity
55330,Functions,GetInt
55337,Functions,GetInt_Injected
55338,Functions,GetFloat_Injected
55339,Functions,GetString_Injected
55349,Heroes;CombatStats,RangeAttribute
55360,Economy,minExposureValue
55361,Economy,maxExposureValue
55368,Heroes;CombatStats,RandomRangeInt
55369,Functions,get_insideUnitSphere
55370,Functions,GetRandomUnitCircle
55371,Functions,get_insideUnitCircle
55372,Functions,get_insideUnitSphere_Injected
55385,Functions,get_ActiveAPI
55386,Functions,get_overrideAPI
55393,Functions,GetBuiltinResource
55394,Functions,GetBuiltinResource_Injected
55402,Functions,get_isDone
55403,Functions,get_progress
55407,Functions,get_isDone_Injected
55408,Functions,get_progress_Injected
55414,Functions,GetParentTypeDisallowingMultipleInclusion
55415,Functions,GetRequiredComponents
55416,Functions,GetExecuteMode
55418,Functions,GetDefaultExecutionOrderFor
55419,Functions,GetCustomAttributeOfType
55450,Functions,get_order
55461,Functions,OnUpdate
55470,Functions,get_IsCompletedNoLock
55471,Functions,get_IsDettachedOrCompleted
55495,Functions,get_Awaitable
55496,Functions,get_FrameIndex
55505,Functions,get_IsManaged
55513,Functions,get_isActiveAndEnabled
55514,Functions,get_isActiveAndEnabled_Injected
55521,Functions,get_transform
55522,Functions,get_gameObject
55523,Functions,GetComponent
55525,Functions,GetComponentFastPath
55526,Functions,TryGetComponent
55528,Functions,GetComponentInChildren
55529,Functions,GetComponentsInChildren
55530,Functions,GetComponentInParent
55531,Functions,GetComponentsInParent
55532,Functions,GetComponentsForListInternal
55533,Functions,get_tag
55534,Functions,get_transform_Injected
55535,Functions,get_gameObject_Injected
55536,Functions,GetComponentFastPath_Injected
55537,Functions,GetComponentsForListInternal_Injected
55546,Functions,get_keepWaiting
55556,Functions,GetCachedEnumData
55567,Functions,IncludeAllObsolete
55568,Functions,<GetCachedEnumData>b__2_5
55569,Functions,<GetCachedEnumData>b__2_1
55570,Functions,<GetCachedEnumData>b__2_2
55571,Functions,<GetCachedEnumData>b__2_3
55572,Functions,<GetCachedEnumData>b__2_4
55574,Functions,<GetCachedEnumData>b__0
55584,Functions,GetComponentsInternal
55585,Functions,TryGetComponentInternal
55586,Functions,TryGetComponentFastPath
55589,Functions,get_layer
55591,Functions,get_activeSelf
55592,Functions,get_activeInHierarchy
55594,Functions,get_scene
55596,Functions,GetComponent_Injected
55597,Functions,GetComponentInChildren_Injected
55598,Functions,GetComponentInParent_Injected
55599,Functions,GetComponentsInternal_Injected
55600,Functions,TryGetComponentInternal_Injected
55601,Functions,TryGetComponentFastPath_Injected
55603,Functions,get_layer_Injected
55605,Functions,get_activeSelf_Injected
55606,Functions,get_activeInHierarchy_Injected
55607,Functions,get_tag_Injected
55610,Functions,get_scene_Injected
55616,Functions,get_m_inspectorSort
55617,Functions,get_m_sortDirection
55630,Functions,GetMask
55633,Functions,get_isSet
55642,Functions,get_destroyCancellationToken
55653,Functions,get_useGUILayout
55655,Functions,get_didStart
55656,Functions,get_didAwake
55666,Functions,GetScriptClassName
55670,Functions,get_useGUILayout_Injected
55672,Functions,get_didStart_Injected
55673,Functions,get_didAwake_Injected
55684,Functions,GetScriptClassName_Injected
55699,Heroes;CombatStats,RangeInt
55700,Functions,get_end
55717,Functions,GetAllUserAssemblies
55734,Functions,get_bytes
55737,Functions,get_bytes_Injected
55743,Functions,targetEncoding
55760,Functions,GetEntityId
55761,Functions,GetInstanceID
55765,Functions,GetCachedPtr
55775,Functions,get_hideFlags
55780,Functions,GetOffsetOfInstanceIDInCPlusPlusObject
55782,CombatStats,Internal_CloneSingleWithParent
55792,Functions,get_hideFlags_Injected
55795,CombatStats,Internal_CloneSingleWithParent_Injected
55798,Functions,GetName_Injected
55817,Functions,get_MainThreadId
55834,Functions,WaitForFixedUpdate
55838,Functions,get_waitTime
55845,Functions,GetSerializableType
55856,Functions,get_count_Injected
55870,Functions,get_batteryLevel
55871,Functions,get_operatingSystem
55872,Functions,get_operatingSystemFamily
55873,Functions,get_processorType
55874,Functions,get_processorFrequency
55875,Functions,get_processorCount
55876,Functions,get_systemMemorySize
55877,Functions,get_deviceUniqueIdentifier
55878,Functions,get_deviceModel
55879,Functions,get_supportsAccelerometer
55880,Functions,get_supportsGyroscope
55881,Functions,get_supportsLocationService
55882,Functions,get_supportsAudio
55883,Functions,get_graphicsMemorySize
55884,Functions,get_graphicsDeviceName
55885,Functions,get_graphicsDeviceVendor
55886,Functions,get_graphicsDeviceID
55887,Functions,get_graphicsDeviceVendorID
55888,Functions,get_graphicsDeviceType
55889,Functions,get_graphicsDeviceVersion
55890,Functions,get_graphicsShaderLevel
55891,Functions,get_graphicsMultiThreaded
55892,Functions,get_supportsComputeShaders
55893,Functions,get_supportsInstancing
55897,Functions,get_maxTextureSize
55898,Functions,get_maxRenderTextureSize
55899,Functions,get_maxGraphicsBufferSize
55900,Functions,get_supportsIndirectArgumentsBuffer
55901,Functions,GetBatteryLevel
55902,Functions,GetOperatingSystem
55903,Functions,GetOperatingSystemFamily
55904,Functions,GetProcessorType
55905,Functions,GetProcessorFrequencyMHz
55906,Functions,GetProcessorCount
55907,Functions,GetPhysicalMemoryMB
55908,Functions,GetDeviceUniqueIdentifier
55909,Functions,GetDeviceModel
55914,Functions,GetDeviceType
55915,Functions,GetGraphicsMemorySize
55916,Functions,GetGraphicsDeviceName
55917,Functions,GetGraphicsDeviceVendor
55918,Functions,GetGraphicsDeviceID
55919,Functions,GetGraphicsDeviceVendorID
55920,Functions,GetGraphicsDeviceType
55921,Functions,GetGraphicsDeviceVersion
55922,Functions,GetGraphicsShaderLevel
55923,Functions,GetGraphicsMultiThreaded
55928,Functions,GetMaxTextureSize
55929,Functions,GetMaxRenderTextureSize
55932,Functions,GetGraphicsFormat
55934,Functions,GetOperatingSystem_Injected
55935,Functions,GetProcessorType_Injected
55936,Functions,GetDeviceUniqueIdentifier_Injected
55937,Functions,GetDeviceModel_Injected
55938,Functions,GetGraphicsDeviceName_Injected
55939,Functions,GetGraphicsDeviceVendor_Injected
55940,Functions,GetGraphicsDeviceVersion_Injected
55941,Functions,batteryLevel
55960,Functions,graphicsShaderLevel
55970,Functions,get_timeAsDouble
55971,Functions,get_timeAsRational
55972,Functions,get_timeSinceLevelLoad
55973,Functions,get_fixedTime
55974,Functions,get_unscaledDeltaTime
55975,Functions,get_fixedDeltaTime
55976,Functions,get_smoothDeltaTime
55977,Functions,get_timeScale
55979,Functions,get_frameCount
55980,Functions,get_realtimeSinceStartup
55981,Functions,get_realtimeSinceStartupAsDouble
55982,Functions,get_timeAsRational_Injected
55985,Functions,timeSinceLevelLoad
55999,Functions,get_disableInPlaceEditing
56000,Functions,get_isInPlaceEditingAllowed
56003,Functions,get_inputFieldAppearance
56005,Functions,get_canGetSelection
56006,Functions,get_canSetSelection
56008,Functions,GetSelection
56010,Functions,get_text_Injected
56012,Functions,get_active_Injected
56014,Functions,get_status_Injected
56016,Functions,get_canGetSelection_Injected
56017,Functions,get_canSetSelection_Injected
56023,Functions,canGetSelection
56050,Economy,k_AllowedCharactersForFloat_NoExpressions
56052,Economy,k_AllowedCharactersForInt_NoExpressions
56053,Economy,k_AllowedCharactersForUInt_NoExpressions
56085,Functions,get_anchorMin
56087,Functions,get_anchorMax
56089,Functions,get_anchoredPosition
56091,Functions,get_sizeDelta
56093,Functions,get_anchoredPosition3D
56095,Functions,get_offsetMin
56097,Functions,get_offsetMax
56101,Functions,GetLocalCorners
56102,Functions,GetWorldCorners
56106,Functions,GetParentSize
56107,Functions,get_anchorMin_Injected
56109,Functions,get_anchorMax_Injected
56111,Functions,get_anchoredPosition_Injected
56113,Functions,get_sizeDelta_Injected
56128,Functions,get_localEulerAngles
56132,Functions,get_localRotation
56134,Functions,get_localScale
56137,Functions,get_parentInternal
56139,Functions,get_worldToLocalMatrix
56140,Functions,get_localToWorldMatrix
56153,Functions,get_root
56154,Functions,GetRoot
56158,Functions,GetSiblingIndex
56160,CombatStats,FindRelativeTransformWithPath
56162,Functions,GetChild
56163,Functions,get_position_Injected
56165,Functions,get_localPosition_Injected
56167,Functions,get_rotation_Injected
56169,Functions,get_localRotation_Injected
56171,Functions,get_localScale_Injected
56173,Functions,GetParent_Injected
56175,Functions,get_worldToLocalMatrix_Injected
56176,Functions,get_localToWorldMatrix_Injected
56181,Functions,GetRoot_Injected
56182,Functions,get_childCount_Injected
56186,Functions,GetSiblingIndex_Injected
56187,CombatStats,FindRelativeTransformWithPath_Injected
56188,Functions,get_lossyScale_Injected
56191,Functions,GetChild_Injected
56200,Functions,APIUpdaterRuntimeHelpers
56202,Functions,GetMovedFromAttributeDataForType
56203,Functions,GetObsoleteTypeRedirection
56212,Functions,get_isValid
56216,Functions,get_isCreated
56217,Functions,GetTransformAccessArrayForSchedule
56221,Functions,GetSortedTransformAccess
56222,Functions,GetSortedToUserIndex
56232,Functions,get_unityObjectArgument
56233,Functions,get_unityObjectArgumentAssemblyTypeName
56234,Functions,get_intArgument
56235,Functions,get_floatArgument
56236,Functions,get_stringArgument
56237,Functions,get_boolArgument
56271,Functions,get_targetAssemblyTypeName
56272,Functions,get_methodName
56273,Functions,get_arguments
56275,Functions,GetRuntimeCall
56276,Functions,GetObjectCall
56277,Functions,m_TargetAssemblyTypeName
56281,Functions,targetAssemblyTypeName
56293,Functions,m_NeedsUpdate
56295,Functions,targetObjType
56297,Functions,GetDelegate
56302,Functions,GetValidMethodInfo
56318,Functions,get_oldName
56327,Functions,GetNativeOwnedDataPointer
56330,Functions,updateFlags
56331,Functions,UpdateFlags
56332,Functions,NoUpdateNeeded
56350,Functions,GetStringAndDispose
56357,Functions,autoUpdateAPI
56370,Functions,GetNameInternal
56371,Functions,GetIsLoadedInternal
56372,Functions,GetRootCountInternal
56374,Functions,GetRootGameObjectsInternal
56375,Functions,get_handle
56376,Functions,get_isLoaded
56377,Functions,get_rootCount
56378,Functions,GetRootGameObjects
56381,Functions,GetNameInternal_Injected
56382,Functions,GetIsLoadedInternal_Injected
56383,Functions,GetRootCountInternal_Injected
56384,Functions,GetRootGameObjectsInternal_Injected
56399,Functions,get_sceneCount
56400,Functions,GetActiveScene
56401,Functions,GetSceneAt
56416,Functions,GetActiveScene_Injected
56417,Functions,GetSceneAt_Injected
56433,Functions,updateDelegate
56434,Functions,updateFunction
56439,Functions,UpdateFunction
56441,Functions,GetCurrentPlayerLoop
56447,Functions,GetCurrentPlayerLoopInternal
56449,Functions,TimeUpdate
56451,Functions,WaitForLastPresentationAndUpdateTime
56454,Functions,UpdateCameraMotionVectors
56459,Functions,XREarlyUpdate
56460,Functions,EarlyUpdate
56465,Functions,InsightsUpdate
56467,Functions,UpdateStreamingManager
56472,Functions,PresentBeforeUpdate
56474,Functions,UpdateAsyncReadbackManager
56475,Functions,UpdateTextureStreamingManager
56476,Functions,UpdatePreloading
56477,Functions,UpdateContentLoading
56478,Functions,UpdateAsyncInstantiate
56481,Functions,UpdateMainGameViewRect
56482,Functions,UpdateCanvasRectTransform
56483,Functions,UpdateInputManager
56485,Functions,XRUpdate
56487,Functions,UpdateKinect
56490,Functions,Physics2DEarlyUpdate
56493,Functions,TangoUpdate
56494,Functions,ARCoreUpdate
56495,Functions,PerformanceAnalyticsUpdate
56496,Functions,TilemapRendererEarlyUpdate
56499,Functions,ScriptRunBehaviourFixedUpdate
56500,Functions,DirectorFixedUpdate
56501,Functions,LegacyFixedAnimationUpdate
56502,Functions,XRFixedUpdate
56503,Functions,PhysicsFixedUpdate
56504,Functions,Physics2DFixedUpdate
56505,Functions,PhysicsClothFixedUpdate
56506,Functions,DirectorFixedUpdatePostPhysics
56508,Functions,NewInputFixedUpdate
56509,Functions,PhysicsUpdate
56510,Functions,Physics2DUpdate
56511,Functions,PhysicsClothUpdate
56515,Functions,AIUpdate
56516,Functions,WindUpdate
56517,Functions,UpdateVideo
56518,Functions,NewInputUpdate
56519,Functions,InputForUIUpdate
56520,Functions,ScriptRunBehaviourUpdate
56521,Functions,DirectorUpdate
56524,Functions,PreLateUpdate
56525,Functions,Physics2DLateUpdate
56526,Functions,PhysicsLateUpdate
56527,Functions,AIUpdatePostScript
56528,Functions,DirectorUpdateAnimationBegin
56529,Functions,LegacyAnimationUpdate
56530,Functions,DirectorUpdateAnimationEnd
56532,Functions,AccessibilityUpdate
56533,Functions,UIElementsUpdatePanels
56534,Functions,UpdateNetworkManager
56535,Functions,UpdateMasterServerInterface
56536,Functions,EndGraphicsJobsAfterScriptUpdate
56537,Functions,ParticleSystemBeginUpdateAll
56538,Functions,ScriptRunBehaviourLateUpdate
56539,Functions,ConstraintManagerUpdate
56540,Functions,PostLateUpdate
56542,Functions,UpdateRectTransform
56543,Functions,PlayerUpdateCanvases
56544,Functions,AccessibilityLateUpdate
56546,Functions,UpdateAudio
56547,Functions,DirectorLateUpdate
56548,Functions,VFXUpdate
56549,Functions,ParticleSystemEndUpdateAll
56550,Functions,EndGraphicsJobsAfterScriptLateUpdate
56551,Functions,UpdateSubstance
56552,Functions,UpdateCustomRenderTextures
56553,Functions,XRPostLateUpdate
56554,Functions,UpdateAllRenderers
56555,Functions,UpdateLightProbeProxyVolumes
56556,Functions,EnlightenRuntimeUpdate
56557,Functions,UpdateAllSkinnedMeshes
56559,Functions,RenderAs2DUpdate
56560,Functions,SortingGroupsUpdate
56561,Functions,UpdateVideoTextures
56562,Heroes,DirectorRenderImage
56566,Functions,BatchModeUpdate
56568,Functions,UpdateCaptureScreenshot
56572,Functions,UpdateResolution
56585,Functions,PhysicsSkinnedClothBeginUpdate
56586,Functions,PhysicsSkinnedClothFinishUpdate
56597,Functions,get_CountAll
56599,Functions,get_CountInactive
56600,Functions,actionOnGet
56605,Functions,m_ActionOnGet
56620,Functions,get_isConnected
56621,Functions,GetConnectionNativeApi
56644,Functions,get_messageTypeSubscribers
56649,Functions,m_MessageTypeSubscribers
56653,Functions,messageTypeSubscribers
56656,Functions,MessageTypeSubscribers
56657,Functions,get_MessageTypeId
56658,Functions,set_MessageTypeId
56659,Functions,m_messageTypeId
56662,Functions,MessageTypeId
56672,CombatStats,m_EffectiveParentSpeed
56673,CombatStats,m_EffectiveSpeed
56694,Functions,GetHandle
56698,Functions,get_duration
56699,Functions,get_outputs
56702,Functions,Internal_GetPlayableAssetDuration
56716,Functions,GetPlayableType
56730,Economy,expectEqual
56731,Functions,GetEqualityMessage
56732,Economy,expectNull
56739,Functions,kAppendBuildTarget
56777,Functions,get_invalidSortingGroupID
56778,Functions,GetSortingGroupByIndex
56779,Functions,GetSortingGroupByIndex_Injected
56783,Functions,MeshUpdateFlags
56787,Functions,DontRecalculateBounds
56788,Heroes;CombatStats,DontValidateLodRanges
56840,Heroes,BeforeImageEffectsOpaque
56841,Heroes,AfterImageEffectsOpaque
56846,Heroes,BeforeImageEffects
56847,Heroes,AfterImageEffects
56871,Bosses,ShadowCastingMode
56873,Bosses,ShadowsOnly
56895,Functions,get_topology
56897,Functions,get_indexStart
56900,Functions,get_baseVertex
56902,Functions,get_firstVertex
56914,Functions,get_attribute
56917,Functions,get_stream
56921,Functions,RenderTargetIdentifier
56922,Functions,renderTargetIdentifier
56927,Functions,m_MipLevel
56930,Functions,RenderTargetFlags
56934,Bosses,ShadowSamplingMode
56959,Functions,Internal_GetSettingsForRenderPipeline
56960,Functions,Internal_GetCurrentRenderPipelineGlobalSettings
56961,Functions,get_lightsUseLinearIntensity
56962,Functions,get_INTERNAL_currentRenderPipeline
56963,Functions,get_currentRenderPipeline
56964,Functions,get_INTERNAL_defaultRenderPipeline
56965,Functions,get_defaultRenderPipeline
56966,Functions,GetDefaultShader
56967,Functions,GetDefaultMaterial
56968,Functions,Internal_GetSettingsForRenderPipeline_Injected
56969,Functions,get_INTERNAL_currentRenderPipeline_Injected
56970,Functions,get_INTERNAL_defaultRenderPipeline_Injected
56990,CombatStats,SpeedTree7
56991,CombatStats,SpeedTree8
56992,CombatStats,SpeedTree9
56995,Functions,get_renderFrameInterval
56997,Functions,GetRenderFrameInterval
57012,Functions,GetTemporaryRTWithDescriptor
57013,Functions,GetTemporaryRT
57015,Functions,ClearRenderTarget
57027,Functions,CheckThrowOnSetRenderTarget
57028,Functions,ClearRenderTargetSingle_Internal
57033,Functions,SetRenderTargetSingle_Internal
57034,Functions,SetRenderTargetColorDepth_Internal
57046,Functions,GetTemporaryRTWithDescriptor_Injected
57056,Functions,ClearRenderTargetSingle_Internal_Injected
57057,Functions,SetRenderTargetSingle_Internal_Injected
57058,Functions,SetRenderTargetColorDepth_Internal_Injected
57059,Functions,ThrowOnSetRenderTarget
57061,Bosses,LightShadowCasterCullingInfo
57062,Heroes;CombatStats,splitRange
57080,Functions,get_autodeskInteractiveShader
57081,Functions,get_autodeskInteractiveTransparentShader
57082,Functions,get_autodeskInteractiveMaskedShader
57083,Functions,get_terrainDetailLitShader
57084,Functions,get_terrainDetailGrassShader
57085,Functions,get_terrainDetailGrassBillboardShader
57086,Functions,get_defaultParticleMaterial
57087,Functions,get_defaultLineMaterial
57088,Functions,get_defaultTerrainMaterial
57089,Functions,get_defaultUIMaterial
57090,Functions,get_defaultUIOverdrawMaterial
57091,Functions,get_defaultUIETC1SupportedMaterial
57092,Functions,get_default2DMaterial
57093,Functions,get_default2DMaskMaterial
57094,Functions,get_defaultShader
57095,CombatStats;Functions,get_defaultSpeedTree7Shader
57096,CombatStats;Functions,get_defaultSpeedTree8Shader
57097,CombatStats;Functions,get_defaultSpeedTree9Shader
57098,Functions,get_renderPipelineShaderTag
57100,Functions,get_pipelineType
57101,Functions,get_pipelineTypeFullName
57103,Functions,get_requiresCompatibleRenderPipelineGlobalSettings
57104,Functions,get_renderPipelineType
57105,Functions,get_renderingLayerMaskNames
57106,Functions,get_prefixedRenderingLayerMaskNames
57123,CombatStats,defaultSpeedTree7Shader
57124,CombatStats,defaultSpeedTree8Shader
57125,CombatStats,defaultSpeedTree9Shader
57133,Functions,get_settingsList
57134,Functions,get_settingsMap
57136,Functions,TryGet
57137,Functions,TryGetFirstSettingsImplementingInterface
57139,Functions,GetSettingsImplementingInterface
57144,Functions,get_currentPipeline
57172,Functions,GetCameras_Internal
57174,Functions,GetCameras
57177,Bosses,CullShadowCastersContext
57184,Bosses,ShadowSplitData
57185,Functions,get_cullingPlaneCount
57186,Functions,GetCullingPlane
57191,Bosses,m_ShadowCascadeBlendCullingFactor
57229,Functions,get_reflectionProbeModes
57230,Functions,get_defaultMixedLightingModes
57231,Functions,get_mixedLightingModes
57232,Functions,get_lightmapBakeTypes
57233,Functions,get_lightmapsModes
57234,Functions,get_enlighten
57235,Functions,get_rendersUIOverlay
57236,Functions,get_ambientProbeBaking
57237,Functions,get_defaultReflectionProbeBaking
57238,Functions,get_overridesLightProbeSystem
57270,Bosses,<receiveShadows>k__BackingField
57281,Functions,<overridesMaximumLODLevel>k__BackingField
57287,Bosses,<overridesShadowmask>k__BackingField
57322,Bosses,CullLightmappedShadowCasters
57329,CombatStats,BatchPackedCullingViewID
57356,Bosses,m_shadowMode
57357,Bosses,m_receiveShadows
57358,Bosses,m_staticShadowCaster
57361,Heroes;CombatStats,BatchDrawRange
57372,Heroes;CombatStats,drawRanges
57432,Functions,GPUDrivenLODGroupDataCallback
57433,Functions,lodGroupData
57434,Functions,GPUDrivenLODGroupDataNativeCallback
57435,Functions,lodGroupDataNative
57442,Functions,InvokeGPUDrivenLODGroupDataNativeCallback
57454,Functions,GPUDrivenRendererGroupDataNative
57483,Functions,GPUDrivenLODGroupDataNative
57498,Functions,levelCount
57503,Functions,GPUDrivenRendererGroupData
57504,Functions,GPUDrivenLODGroupData
57511,Economy,UnityEngine.Experimental.GlobalIllumination
57517,Heroes;CombatStats,InverseSquaredNoRangeAttenuation
57530,Bosses,shadow
57571,Economy,UnityEngine.Experimental.Playables
57576,Economy,UnityEngine.Experimental.Rendering
57578,Functions,BuiltinUpdate
57583,Functions,get_Internal_ScriptableRuntimeReflectionSystemSettings_instance
57588,Functions,get_implementation
57600,Functions,GetPixels
57607,Bosses,Shadow
57748,Bosses,ShadowAuto
57759,Functions,GetGraphicsFormat_Native_TextureFormat
57760,Functions,GetGraphicsFormat_Native_RenderTextureFormat
57762,Functions,GetDepthStencilFormatFromBitsLegacy_Native
57763,Functions,GetDepthStencilFormat
57764,Functions,GetDepthBits
57767,Functions,GetRenderTextureFormat
57770,Heroes,wholeImage
57778,Economy,UnityEngine.Experimental.U2D
57793,Functions,GetInnerUV
57794,Functions,GetOuterUV
57795,Functions,GetMinSize
57829,Functions,get_xCoordinate
57831,Functions,get_yCoordinate
57838,Functions,get_xPositionAdjustment
57840,Functions,get_yPositionAdjustment
57847,Functions,get_baseGlyphID
57849,Functions,get_baseGlyphAnchorPoint
57851,Functions,get_markGlyphID
57853,Functions,get_markPositionAdjustment
57864,Functions,get_baseMarkGlyphID
57866,Functions,get_baseMarkGlyphAnchorPoint
57868,Functions,get_combiningMarkGlyphID
57870,Functions,get_combiningMarkPositionAdjustment
57882,Functions,get_targetGlyphID
57883,Functions,set_targetGlyphID
57884,Functions,get_substituteGlyphIDs
57886,Functions,m_TargetGlyphID
57888,Functions,targetGlyphID
57892,Functions,get_componentGlyphIDs
57894,Functions,get_ligatureGlyphID
57912,Functions,TryGetFontAsset
57913,Functions,TryGetFontAssetInternal
57914,Functions,TryGetSpriteAsset
57915,Functions,TryGetSpriteAssetInternal
57917,Functions,TryGetColorGradientPreset
57918,Functions,TryGetColorGradientPresetInternal
57919,Functions,TryGetMaterial
57920,Functions,TryGetMaterialInternal
57936,Functions,get_instanceID
57937,Functions,get_hashCode
57939,Functions,get_faceInfo
57941,Functions,get_materialHashCode
58001,Functions,get_ignoreTimeScale
58002,Functions,ValidTarget
58005,Functions,get_startColor
58006,Functions,get_targetColor
58007,Functions,set_targetColor
58008,Functions,get_tweenMode
58013,Functions,GetIgnoreTimescale
58014,Functions,GetDuration
58016,Functions,m_TargetColor
58020,Functions,targetColor
58025,Functions,get_targetValue
58026,Functions,set_targetValue
58028,Functions,m_TargetValue
58029,Functions,targetValue
58065,Functions,get_template
58067,Functions,get_captionText
58069,Heroes;Functions,get_captionImage
58070,Heroes,set_captionImage
58071,Functions,get_itemText
58073,Heroes;Functions,get_itemImage
58074,Heroes,set_itemImage
58075,Functions,get_options
58077,Functions,get_onValueChanged
58079,CombatStats;Functions,get_alphaFadeSpeed
58080,CombatStats,set_alphaFadeSpeed
58082,Economy;Functions,get_IsExpanded
58083,Functions,get_MultiSelect
58089,Functions,GetOrAddComponent
58113,Heroes,m_CaptionImage
58116,Heroes,m_ItemImage
58120,CombatStats,m_AlphaFadeSpeed
58128,Heroes,captionImage
58130,Heroes,itemImage
58131,CombatStats,alphaFadeSpeed
58134,Functions,get_rectTransform
58153,Functions,TryGetSystemFontReference
58155,Functions,TryGetSystemFontReferenceInternal
58166,Functions,get_creationSettings
58168,Functions,get_sourceFontFile
58170,Functions,get_atlasPopulationMode
58172,Functions,get_familyNameHashCode
58174,Functions,get_styleNameHashCode
58176,Functions,get_glyphTable
58178,Functions,get_glyphLookupTable
58179,Functions,get_characterTable
58181,Functions,get_characterLookupTable
58182,Functions,get_atlasTexture
58183,Functions,get_atlasTextures
58185,Functions,get_atlasTextureCount
58186,Functions,get_isMultiAtlasTexturesEnabled
58188,Functions,get_getFontFeatures
58189,Functions,set_getFontFeatures
58190,Functions,get_clearDynamicDataOnBuild
58192,Functions,get_atlasWidth
58194,Functions,get_atlasHeight
58196,Functions,get_atlasPadding
58198,Functions,get_atlasRenderMode
58200,Functions,get_usedGlyphRects
58202,Functions,get_freeGlyphRects
58204,Functions,get_fontFeatureTable
58206,Functions,get_fallbackFontAssetTable
58208,Functions,get_fontWeightTable
58210,Functions,get_fontInfo
58222,Functions,InitializeGlyphLookupDictionary
58223,Functions,InitializeCharacterLookupDictionary
58225,Functions,InitializeLigatureSubstitutionLookupDictionary
58226,CombatStats;Functions,InitializeGlyphPaidAdjustmentRecordsLookupDictionary
58227,Functions,InitializeMarkToBaseAdjustmentRecordsLookupDictionary
58228,Functions,InitializeMarkToMarkAdjustmentRecordsLookupDictionary
58247,Functions,GetCharacters
58248,Functions,GetCharactersArray
58249,Functions,GetGlyphIndex
58251,Functions,GetGlyphVariantIndex
58252,Functions,RegisterFontAssetForFontFeatureUpdate
58253,Functions,UpdateFontFeaturesForFontAssetsInQueue
58255,Functions,UpdateAtlasTexturesInQueue
58256,Functions,UpdateFontAssetsInUpdateQueue
58264,Functions,TryGetCharacter_and_QueueRenderToTexture
58268,Functions,UpdateFontFeaturesForNewlyAddedGlyphs
58269,Functions,UpdateGPOSFontFeaturesForNewlyAddedGlyphs
58271,Functions,UpdateGSUBFontFeaturesForNewGlyphIndex
58272,Functions,UpdateLigatureSubstitutionRecords
58274,Functions,UpdateGlyphAdjustmentRecords
58277,CombatStats;Functions,UpdateDiacriticalMarkAdjustmentRecords
58282,Functions,UpdateFontAssetData
58301,Functions,m_GlyphLookupDictionary
58303,Functions,m_CharacterLookupDictionary
58308,Functions,m_GetFontFeatures
58338,Functions,k_UpdateLigatureSubstitutionRecordsMarker
58339,Functions,k_UpdateGlyphAdjustmentRecordsMarker
58340,CombatStats;Functions,k_UpdateDiacriticalMarkAdjustmentRecordsMarker
58342,Functions,k_UpdateFontAssetDataMarker
58345,Functions,k_FontAssets_FontFeaturesUpdateQueue
58346,Functions,k_FontAssets_FontFeaturesUpdateQueueLookup
58347,Functions,k_FontAssets_AtlasTexturesUpdateQueue
58348,Functions,k_FontAssets_AtlasTexturesUpdateQueueLookup
58372,Functions,getFontFeatures
58429,Functions,get_firstGlyph
58431,Functions,get_firstGlyphAdjustments
58432,Functions,get_secondGlyph
58434,Functions,get_secondGlyphAdjustments
58435,Functions,get_ignoreSpacingAdjustments
58451,CombatStats,AddGlyphPairAdjustmentRecord
58458,CombatStats,<AddGlyphPairAdjustmentRecord>b__0
58468,Functions,GetCharacterFromFontAsset
58469,Functions,GetCharacterFromFontAsset_Internal
58472,Functions,GetCharacterFromFontAssets
58474,Functions,GetTextElementFromTextAssets
58475,Progression;Functions,GetSpriteCharacterFromSpriteAsset
58476,Progression;Functions,GetSpriteCharacterFromSpriteAsset_Internal
58477,Functions,GetCodePoint
58481,Functions,get_multipleSubstitutionRecords
58483,Functions,get_ligatureRecords
58485,CombatStats;Functions,get_glyphPairAdjustmentRecords
58486,CombatStats,set_glyphPairAdjustmentRecords
58487,Functions,get_MarkToBaseAdjustmentRecords
58489,Functions,get_MarkToMarkAdjustmentRecords
58491,CombatStats,SortGlyphPairAdjustmentRecords
58496,CombatStats,m_GlyphPairAdjustmentRecords
58500,CombatStats,m_GlyphPairAdjustmentRecordLookup
58505,CombatStats,glyphPairAdjustmentRecords
58508,CombatStats,<SortGlyphPairAdjustmentRecords>b__25_0
58509,CombatStats,<SortGlyphPairAdjustmentRecords>b__25_1
58522,Functions,get_xPlacement
58524,Functions,get_yPlacement
58526,Functions,get_xAdvance
58528,Functions,get_yAdvance
58535,Functions,get_glyphIndex
58537,Functions,get_glyphValueRecord
58543,CombatStats,TMP_GlyphPairAdjustmentRecord
58544,Functions,get_firstAdjustmentRecord
58546,Functions,get_secondAdjustmentRecord
58548,Functions,get_featureLookupFlags
58552,CombatStats,glyphPairAdjustmentRecord
58557,CombatStats,GlyphPairKey
58561,Functions,get_inputSystem
58562,Functions,get_compositionString
58563,Functions,get_compositionLength
58564,Functions,get_mesh
58566,Functions,get_shouldActivateOnSelect
58567,Functions,get_shouldHideMobileInput
58569,Functions,get_shouldHideSoftKeyboard
58574,Functions,get_caretBlinkRate
58576,Functions,get_caretWidth
58578,Functions,get_textViewport
58580,Functions,get_textComponent
58582,Functions,get_verticalScrollbar
58584,Functions,get_scrollSensitivity
58586,Functions,get_caretColor
58588,Functions,get_customCaretColor
58590,Functions,get_onEndEdit
58592,Functions,get_onSubmit
58594,Functions,get_onSelect
58596,Functions,get_onDeselect
58598,Functions,get_onTextSelection
58600,Functions,get_onEndTextSelection
58602,Functions,get_onTouchScreenKeyboardStatusChanged
58604,Functions,get_onValidateInput
58606,Functions,get_characterLimit
58607,Functions,get_pointSize
58609,Functions,get_onFocusSelectAll
58611,Functions,get_resetOnDeActivation
58613,Functions,get_keepTextSelectionVisible
58615,Functions,get_restoreOriginalTextOnEscape
58617,Functions,get_isRichTextEditingAllowed
58619,Functions,get_contentType
58621,Functions,get_lineType
58623,Functions,get_lineLimit
58625,Functions,get_inputType
58627,Functions,get_characterValidation
58629,Functions,get_inputValidator
58631,Functions,get_readOnly
58632,Functions,get_richText
58634,Functions,get_multiLine
58635,Functions,get_asteriskChar
58637,Functions,get_wasCanceled
58641,Functions,get_caretPositionInternal
58643,Functions,get_stringPositionInternal
58645,Functions,get_caretSelectPositionInternal
58647,Functions,get_stringSelectPositionInternal
58649,Functions,get_hasSelection
58650,Functions,get_caretPosition
58652,Functions,get_selectionAnchorPosition
58654,Functions,get_selectionFocusPosition
58656,Functions,get_stringPosition
58658,Functions,get_selectionStringAnchorPosition
58660,Functions,get_selectionStringFocusPosition
58669,Functions,get_clipboard
58674,Functions,UpdateKeyboardStringPosition
58679,Functions,OnUpdateSelected
58680,Functions,GetScrollPositionRelativeToViewport
58681,Functions,GetSelectedString
58695,Functions,UpdateTouchKeyboardFromEditChanges
58696,Functions,SendOnValueChangedAndUpdateLabel
58705,Functions,UpdateScrollbar
58707,Functions,UpdateMaskRegions
58711,Functions,GetCaretPositionFromStringIndex
58712,Functions,GetMinCaretPositionFromStringIndex
58713,Functions,GetMaxCaretPositionFromStringIndex
58715,Functions,GetStringIndexFromCaretPosition
58716,Functions,UpdateStringIndexFromCaretPosition
58717,Functions,UpdateCaretPositionFromStringIndex
58718,Functions,ForceLabelUpdate
58720,Functions,update
58722,Functions,GraphicUpdateComplete
58723,Functions,UpdateGeometry
58750,Functions,CalculateLayoutInputHorizontal
58751,Functions,CalculateLayoutInputVertical
58752,Functions,get_preferredWidth
58753,Functions,get_flexibleWidth
58754,Functions,get_preferredHeight
58755,Functions,get_flexibleHeight
58756,Functions,get_layoutPriority
58806,Functions,m_ShouldActivateNextUpdate
58807,Functions,m_UpdateDrag
58809,CombatStats,kHScrollSpeed
58810,CombatStats,kVScrollSpeed
58820,Functions,m_IsTextComponentUpdateRequired
58829,Functions,m_ShouldUpdateIMEWindowPosition
58948,Functions,GetStencilMaterial
58951,Functions,GetBaseMaterial
58957,Functions,GetStencilID
58959,Functions,GetMaterialForRendering
58963,Functions,GetFallbackMaterial
58981,Functions,<GetBaseMaterial>b__0
58988,Functions,updateMesh
58998,Functions,get_countAll
59000,Functions,get_countActive
59001,Functions,get_countInactive
59007,Functions,GetTextSettings
59010,Functions,TryGetFontAssetByName
59011,Functions,TryGetFontAssetByFamilyName
59123,Heroes;CombatStats,ORANGE
59176,Functions,get_textWrappingMode
59177,Functions,get_enableKerning
59178,Functions,get_fontFeatures
59179,Functions,get_enableExtraPadding
59180,Functions,get_enableTintAllSprites
59181,Functions,get_enableParseEscapeCharacters
59182,Functions,get_enableRaycastTarget
59183,Functions,get_getFontFeaturesAtRuntime
59184,Functions,get_missingGlyphCharacter
59186,Functions,get_warningsDisabled
59187,Functions,get_defaultFontAsset
59189,Functions,get_defaultFontAssetPath
59190,Functions,get_defaultFontSize
59191,Functions,get_defaultTextAutoSizingMinRatio
59192,Functions,get_defaultTextAutoSizingMaxRatio
59193,CombatStats;Functions,get_defaultTextMeshProTextContainerSize
59194,CombatStats;Functions,get_defaultTextMeshProUITextContainerSize
59195,Functions,get_autoSizeTextContainer
59196,Functions,get_isTextObjectScaleStatic
59198,Functions,get_fallbackFontAssets
59200,Functions,get_matchMaterialPreset
59201,Functions,get_hideSubTextObjects
59202,Functions,get_defaultSpriteAsset
59204,Functions,get_defaultSpriteAssetPath
59205,Functions,get_enableEmojiSupport
59207,Functions,get_missingCharacterSpriteUnicode
59209,Functions,get_emojiFallbackTextAssets
59211,Functions,get_defaultColorGradientPresetsPath
59212,Functions,get_defaultStyleSheet
59214,Functions,get_styleSheetsResourcePath
59215,Functions,get_leadingCharacters
59216,Functions,get_followingCharacters
59217,Functions,get_linebreakingRules
59218,Functions,get_useModernHangulLineBreakingRules
59220,Functions,get_isTMPSettingsNull
59222,Functions,GetSettings
59223,Functions,GetSpriteAsset
59224,Functions,GetStyleSheet
59234,Functions,m_EnableRaycastTarget
59235,Functions,m_GetFontFeaturesAtRuntime
59243,CombatStats,m_defaultTextMeshProTextContainerSize
59244,CombatStats,m_defaultTextMeshProUITextContainerSize
59268,Functions,enableRaycastTarget
59269,Functions,getFontFeaturesAtRuntime
59277,CombatStats,defaultTextMeshProTextContainerSize
59278,CombatStats,defaultTextMeshProUITextContainerSize
59298,Functions,get_ShaderRef_MobileSDF
59299,Functions,get_ShaderRef_MobileBitmap
59300,Functions,GetShaderPropertyIDs
59301,Functions,UpdateShaderRatios
59302,Functions,GetFontExtent
59397,Functions,<targetTime>5__9
59399,Progression;Functions,get_spriteCharacterTable
59400,Progression,set_spriteCharacterTable
59401,Progression;Functions,get_spriteCharacterLookupTable
59402,Progression,set_spriteCharacterLookupTable
59403,Functions,get_spriteGlyphTable
59405,Functions,GetDefaultSpriteMaterial
59406,Functions,UpdateLookupTables
59407,Functions,GetSpriteIndexFromHashcode
59408,Functions,GetSpriteIndexFromUnicode
59409,Functions,GetSpriteIndexFromName
59421,Progression,m_SpriteCharacterTable
59422,Progression,m_SpriteCharacterLookup
59428,Progression,spriteCharacterTable
59429,Progression,spriteCharacterLookupTable
59434,Progression,TMP_SpriteCharacter
59439,Functions,get_NormalStyle
59440,Functions,get_styleOpeningDefinition
59441,Functions,get_styleClosingDefinition
59442,Functions,get_styleOpeningTagArray
59443,Functions,get_styleClosingTagArray
59456,Functions,get_styles
59457,Functions,GetStyle
59461,Functions,m_StyleLookupDictionary
59463,Functions,get_spriteAsset
59465,Functions,get_fallbackMaterial
59467,Functions,get_fallbackSourceMaterial
59469,Functions,get_isDefaultMaterial
59471,Functions,get_padding
59473,Functions,get_renderer
59474,Functions,get_meshFilter
59481,Functions,GetPaddingForMaterial
59484,CombatStats;Functions,UpdateMeshPadding
59487,Functions,UpdateMaterial
59502,Functions,get_materialForRendering
59503,Functions,GetModifiedMaterial
59507,Functions,GetRootCanvasTransform
59509,Functions,RecalculateClipping
59576,Functions,get_textPreprocessor
59578,Functions,get_isRightToLeftText
59580,Functions,get_fontSharedMaterial
59582,Functions,get_fontSharedMaterials
59584,Functions,get_fontMaterial
59586,Functions,get_fontMaterials
59588,Functions,get_alpha
59590,Functions,get_enableVertexGradient
59592,Functions,get_colorGradient
59594,Functions,get_colorGradientPreset
59596,Functions,get_tintAllSprites
59598,Functions,get_textStyle
59600,Functions,get_overrideColorTags
59602,Functions,get_faceColor
59604,Functions,get_outlineColor
59606,Functions,get_outlineWidth
59608,Functions,get_fontWeight
59610,Functions,get_enableAutoSizing
59612,Functions,get_fontSizeMin
59614,Functions,get_fontSizeMax
59616,Functions,get_fontStyle
59618,Functions,get_isUsingBold
59619,Functions,get_horizontalAlignment
59621,Functions,get_verticalAlignment
59623,Functions,get_alignment
59625,Functions,get_characterSpacing
59627,Functions,get_characterHorizontalScale
59629,Functions,get_lineSpacing
59631,Functions,get_lineSpacingAdjustment
59633,Functions,get_paragraphSpacing
59635,Functions,get_characterWidthAdjustment
59638,Functions,get_enableWordWrapping
59640,Functions,get_wordWrappingRatios
59642,Functions,get_overflowMode
59644,Functions,get_isTextOverflowing
59645,Functions,get_firstOverflowCharacterIndex
59646,Functions,get_linkedTextComponent
59648,Functions,get_isTextTruncated
59651,Functions,get_extraPadding
59653,Functions,get_parseCtrlCharacters
59655,Functions,get_isOverlay
59657,Functions,get_isOrthographic
59659,Functions,get_enableCulling
59661,Functions,get_ignoreVisibility
59663,Functions,get_horizontalMapping
59665,Functions,get_verticalMapping
59667,Functions,get_mappingUvLineOffset
59669,Functions,get_geometrySortingOrder
59671,Functions,get_vertexBufferAutoSizeReduction
59673,Functions,get_firstVisibleCharacter
59675,Functions,get_maxVisibleCharacters
59677,Functions,get_maxVisibleWords
59679,Functions,get_maxVisibleLines
59681,Functions,get_useMaxVisibleDescender
59683,Functions,get_pageToDisplay
59684,Functions,set_pageToDisplay
59685,Functions,get_margin
59687,Functions,get_havePropertiesChanged
59689,Functions,get_isUsingLegacyAnimationComponent
59692,Functions,get_isVolumetricText
59694,Functions,get_textBounds
59703,Functions,get_spriteAnimator
59704,Functions,get_layoutElement
59705,Functions,get_renderedWidth
59706,Functions,get_renderedHeight
59709,Functions,GetSharedMaterials
59712,Functions,GetMaterials
59721,Functions,UpdateCulling
59722,Functions,GetTextContainerLocalCorners
59725,Functions,ForceMeshUpdate
59726,Functions,UpdateVertexData
59729,Functions,CrossFadeAlpha
59731,Functions,InternalCrossFadeAlpha
59750,Functions,GetMarkupTagHashCode
59752,Functions,GetStyleHashCode
59759,Functions,GetPreferredValues
59760,Functions,GetPreferredWidth
59761,Functions,GetPreferredHeight
59762,Functions,GetRenderedValues
59764,Functions,GetRenderedWidth
59765,Functions,GetRenderedHeight
59769,Functions,CalculatePreferredValues
59770,Functions,GetCompoundBounds
59771,Functions,GetCanvasSpaceClippingRect
59772,Functions,GetTextBounds
59775,Functions,GetTextInfo
59798,Functions,GetSpecialCharacters
59799,Functions,GetEllipsisSpecialCharacter
59800,Functions,GetUnderlineSpecialCharacter
59803,Functions,GetFontAssetForWeight
59805,Functions,GetTextElement
59810,Functions,GetParsedText
59811,Functions,targetTextComponent
59816,Functions,InternalUpdate
59818,Functions,GetUTF16
59820,Functions,GetUTF32
59824,Functions,GetAttributeParameters
59888,Functions,m_textContainerLocalCorners
59920,Functions,isMaskUpdateRequired
59933,Functions,m_pageToDisplay
59967,Functions,m_isCalculatingPreferredValues
60096,Functions,pageToDisplay
60118,Functions,get_elementType
60119,Functions,get_unicode
60121,Functions,get_textAsset
60123,Functions,get_glyph
60153,Functions,GetHashCodeCaseSensitive
60157,CombatStats,IsDiacriticalMark
60175,Functions,get_ValueHashCode
60177,Functions,get_ValueStartIndex
60179,Functions,get_ValueLength
60192,Functions,get_StartIndex
60194,Functions,get_CharacterElement
60195,Functions,get_MarkupElement
60216,Functions,get_rolloverSize
60228,Functions,GetCursorIndexFromPosition
60249,Functions,GetSimpleHashCode
60250,Functions,GetSimpleHashCodeLowercase
60251,Functions,GetHashCodeCaseInSensitive
60259,Functions,TMP_UpdateManager
60261,Functions,RegisterTextObjectForUpdate
60262,Functions,InternalRegisterTextObjectForUpdate
60267,Functions,RegisterTextElementForCullingUpdate
60268,Functions,InternalRegisterTextElementForCullingUpdate
60271,Functions,UnRegisterTextObjectForUpdate
60275,Functions,InternalUnRegisterTextObjectForUpdate
60280,Functions,m_InternalUpdateLookup
60281,Functions,m_InternalUpdateQueue
60282,Functions,m_CullingUpdateLookup
60283,Functions,m_CullingUpdateQueue
60284,Functions,k_RegisterTextObjectForUpdateMarker
60286,Functions,k_RegisterTextElementForCullingUpdateMarker
60287,Functions,k_UnregisterTextObjectForUpdateMarker
60289,Functions,TMP_UpdateRegistry
60294,Functions,PerformUpdateForCanvasRendererObjects
60295,Functions,PerformUpdateForMeshRendererObjects
60305,CombatStats,ON_TEXTMESHPRO_PROPERTY_CHANGED
60312,CombatStats,ON_TEXTMESHPRO_UGUI_PROPERTY_CHANGED
60319,CombatStats,TEXTMESHPRO_PROPERTY_EVENT
60325,CombatStats,TEXTMESHPRO_UGUI_PROPERTY_EVENT
60348,Functions,TMP_VertexDataUpdateFlags
60355,Functions,GetLinkText
60356,Functions,GetLink
60357,Functions,GetLinkID
60363,Functions,GetWord
60424,Functions,get_hasChanged
60425,Functions,get_anchorPosition
60427,Functions,get_isDefaultWidth
60428,Functions,get_isDefaultHeight
60429,Functions,get_isAutoFitting
60431,Functions,get_corners
60432,Functions,get_worldCorners
60433,Functions,get_margins
60435,CombatStats;Functions,get_textMeshPro
60439,Functions,UpdateCorners
60441,Functions,GetPivot
60442,Functions,GetAnchorPosition
60460,CombatStats,textMeshPro
60461,Functions,get_textContainer
60462,Functions,get_maskType
60468,Functions,UpdateFontAsset
60470,Functions,UpdateEnvMapMatrix
60478,Functions,UpdateMask
60486,Functions,UpdateSubMeshSortingLayerID
60487,Functions,UpdateSubMeshSortingOrder
60489,Functions,UpdateSDFScale
60507,Functions,k_CalculateVerticesPositionMarker
60514,Progression,k_ComputeCharacterAdvanceMarker
60522,Economy,materialIndexPairs
60524,Functions,get_canvasRenderer
60527,Functions,UpdateSubObjectPivot
60528,Functions,get_maskOffset
60530,Functions,GetCanvas
60537,Functions,m_ShouldUpdateCulling
60561,Functions,smartupdate
60585,Functions,LogLevel
60592,Functions,ForgetAllCredentials
60600,Functions,AddOrUpdateContactEmail
60603,Economy,AddUserVirtualCurrency
60616,Functions,GetAccountInfo
60617,Functions,GetAdPlacements
60618,Functions,GetAllUsersCharacters
60619,Functions,GetCatalogItems
60620,Functions,GetCharacterData
60621,Functions,GetCharacterInventory
60622,Functions,GetCharacterLeaderboard
60623,Functions,GetCharacterReadOnlyData
60624,Functions,GetCharacterStatistics
60625,Functions,GetContentDownloadUrl
60626,Functions,GetFriendLeaderboard
60627,Functions,GetFriendLeaderboardAroundPlayer
60628,Functions,GetFriendsList
60629,Functions,GetLeaderboard
60630,Functions,GetLeaderboardAroundCharacter
60631,Functions,GetLeaderboardAroundPlayer
60632,Functions,GetLeaderboardForUserCharacters
60633,Functions,GetPaymentToken
60634,Functions,GetPhotonAuthenticationToken
60635,Functions,GetPlayerCombinedInfo
60636,Functions,GetPlayerProfile
60637,Functions,GetPlayerSegments
60638,Functions,GetPlayerStatistics
60639,Functions,GetPlayerStatisticVersions
60640,Functions,GetPlayerTags
60641,Functions,GetPlayerTrades
60642,Functions,GetPlayFabIDsFromFacebookIDs
60643,Functions,GetPlayFabIDsFromFacebookInstantGamesIds
60644,Functions,GetPlayFabIDsFromGameCenterIDs
60645,Functions,GetPlayFabIDsFromGenericIDs
60646,Functions,GetPlayFabIDsFromGoogleIDs
60647,Functions,GetPlayFabIDsFromGooglePlayGamesPlayerIDs
60648,Functions,GetPlayFabIDsFromKongregateIDs
60649,Functions,GetPlayFabIDsFromNintendoServiceAccountIds
60650,Heroes;Functions,GetPlayFabIDsFromNintendoSwitchDeviceIds
60651,Functions,GetPlayFabIDsFromPSNAccountIDs
60652,Functions,GetPlayFabIDsFromPSNOnlineIDs
60653,Functions,GetPlayFabIDsFromSteamIDs
60654,Heroes;Functions,GetPlayFabIDsFromTwitchIDs
60655,Functions,GetPlayFabIDsFromXboxLiveIDs
60656,Functions,GetPublisherData
60657,Functions,GetPurchase
60658,Functions,GetSharedGroupData
60659,Functions,GetStoreItems
60660,Functions,GetTitleData
60661,Functions,GetTitleNews
60662,Functions,GetTitlePublicKey
60663,Functions,GetTradeStatus
60664,Functions,GetUserData
60665,Functions,GetUserInventory
60666,Functions,GetUserPublisherData
60667,Functions,GetUserPublisherReadOnlyData
60668,Functions,GetUserReadOnlyData
60681,Heroes,LinkNintendoSwitchDeviceId
60685,Heroes,LinkTwitch
60699,Heroes,LoginWithNintendoSwitchDeviceId
60701,CombatStats,LoginWithPlayFab
60702,CombatStats,LoginWithPSN
60704,Heroes,LoginWithTwitch
60710,CombatStats,RefreshPSNAuthToken
60721,Economy;Functions,RewardAdActivity
60726,Economy,SubtractUserVirtualCurrency
60738,Heroes,UnlinkNintendoSwitchDeviceId
60742,Heroes,UnlinkTwitch
60746,Functions,UpdateAvatarUrl
60747,Progression;Functions,UpdateCharacterData
60748,Progression;Functions,UpdateCharacterStatistics
60749,Functions,UpdatePlayerStatistics
60750,Functions,UpdateSharedGroupData
60751,Functions,UpdateUserData
60752,Functions,UpdateUserPublisherData
60753,Functions,UpdateUserTitleDisplayName
60758,Progression,WriteCharacterEvent
60822,Economy,InvalidVirtualCurrency
60823,Economy,WrongVirtualCurrency
60824,Economy,WrongPrice
60873,CombatStats,DatabaseThroughputExceeded
60875,Economy,ExpiredGameTicket
60886,Functions,APINotIncludedInTitleUsageTier
60906,Economy,FreeTierCannotHaveVirtualCurrency
60911,Economy,ExpiredAuthToken
60912,Functions,FailedToGetEntitlements
60921,Functions,TradeAlreadyFilled
60923,Economy,TradeInventoryItemExpired
60929,Functions,TradeAllowedUsersInvalid
60937,Economy,InvalidCurrencyCode
60938,Economy,NoRealMoneyPriceForCatalogItem
60947,Economy,ExpiredXboxLiveToken
60982,Functions,InvalidServiceLimitLevel
60983,Functions,ServiceLimitLevelInTransition
60987,Economy,VirtualCurrencyCountLimitExceeded
60988,Economy,VirtualCurrencyCodeExists
60990,Heroes,InvalidTwitchToken
60991,Heroes,TwitchResponseError
60994,Economy,InvalidVirtualCurrencyCode
60995,Economy,VirtualCurrencyCannotBeDeleted
60999,Economy,ExpiredContinuationToken
61026,Economy;Functions,InvalidAdPlacementAndReward
61034,Functions,StatisticUpdateInProgress
61037,Progression;Functions,PrizeTableHasOverlappingRanks
61038,Progression;Functions,PrizeTableHasMissingRanks
61039,Progression;Functions,PrizeTableRankStartsAtZero
61041,Economy,ExpressionParseFailure
61042,Economy,ExpressionInvokeFailure
61043,Economy,ExpressionTooLong
61044,Functions,DataUpdateRateExceeded
61054,Progression;Functions,PrizeTableHasNoRanks
61067,Functions,EmailMessageToAddressIsMissing
61078,Economy,EmailConfirmationTokenExpired
61085,Economy,AuthTokenExpired
61093,Economy,EntityTokenExpired
61122,Functions,RoleIsGroupDefaultMember
61146,Economy,ExplicitContentDetected
61160,Economy,VirtualCurrencyCannotBeSetToOlderVersion
61161,Heroes;Economy;CombatStats,VirtualCurrencyMustBeWithinIntegerRange
61200,Economy,WriteAttemptedDuringExport
61202,Automation,AutomationRuleNotFound
61211,Functions,UpdateInventoryRateLimitExceeded
61230,Economy;Functions,VirtualCurrencyBetaGetError
61231,Economy,VirtualCurrencyBetaCreateError
61232,Economy,VirtualCurrencyBetaInitialDepositSaveError
61233,Economy,VirtualCurrencyBetaSaveError
61234,Economy,VirtualCurrencyBetaDeleteError
61235,Economy,VirtualCurrencyBetaRestoreError
61236,Economy,VirtualCurrencyBetaSaveConflict
61237,Economy;Functions,VirtualCurrencyBetaUpdateError
61238,Economy,InsightsManagementDatabaseNotFound
61239,Economy,InsightsManagementOperationNotFound
61240,Economy,InsightsManagementErrorPendingOperationExists
61241,Economy;Functions,InsightsManagementSetPerformanceLevelInvalidParameter
61242,Economy,InsightsManagementSetStorageRetentionInvalidParameter
61243,Economy;Functions,InsightsManagementGetStorageUsageInvalidParameter
61244,Economy;Functions,InsightsManagementGetOperationStatusInvalidParameter
61247,Functions,GetPlayersInSegmentRateLimitExceeded
61252,Economy,InsightsManagementTitleNotInFlight
61255,Economy,InsightsManagementSetStorageRetentionBelowMinimum
61256,Economy,InsightsManagementSetStorageRetentionAboveMaximum
61258,Economy,InsightsManagementNewActiveEventExportLimitInvalid
61259,Economy,InsightsManagementSetPerformanceRateLimited
61262,Heroes,NintendoSwitchNotEnabledForTitle
61268,Economy,VirtualCurrencyCurrentlyUnavailable
61274,Functions,ResourceNameUpdateNotAllowed
61284,Functions,TitlePublisherUpdateNotAllowed
61295,Automation,AutomationInvalidInput
61296,Automation,AutomationInvalidRuleName
61297,Automation,AutomationRuleAlreadyExists
61298,Automation,AutomationRuleLimitExceeded
61306,Economy,AnalysisSubscriptionManagementInvalidInput
61308,Heroes,InvalidNintendoSwitchAccountId
61336,Heroes,NintendoSwitchDeviceIdNotLinked
61354,Functions,TitleConfigUpdateConflict
61364,CombatStats,CatalogSearchParameterInvalid
61371,Economy;Functions,ExportInvalidStatusUpdate
61372,Economy,ExportInvalidPrefix
61373,Economy,ExportBlobContainerDoesNotExist
61374,Economy,ExportNotFound
61375,Economy;Functions,ExportCouldNotUpdate
61376,Economy;Functions,ExportInvalidStorageType
61377,Economy,ExportAmazonBucketDoesNotExist
61378,Economy,ExportInvalidBlobStorage
61379,Economy,ExportKustoException
61380,Economy,ExportKustoConnectionFailed
61381,Economy,ExportUnknownError
61382,Economy,ExportCantEditPendingExport
61383,Economy,ExportLimitExports
61384,Economy,ExportLimitEvents
61385,Economy,ExportInvalidPartitionStatusModification
61386,Economy,ExportCouldNotCreate
61387,Economy,ExportNoBackingDatabaseFound
61388,Economy,ExportCouldNotDelete
61389,Economy,ExportCannotDetermineEventQuery
61390,Economy,ExportInvalidQuerySchemaModification
61391,Economy,ExportQuerySchemaMissingRequiredColumns
61392,Economy,ExportCannotParseQuery
61393,Economy,ExportControlCommandsNotAllowed
61394,Economy,ExportQueryMissingTableReference
61395,Economy,ExportInsightsV1Deprecated
61396,Economy,ExplorerBasicInvalidQueryName
61397,Economy,ExplorerBasicInvalidQueryDescription
61398,Economy,ExplorerBasicInvalidQueryConditions
61399,Economy,ExplorerBasicInvalidQueryStartDate
61400,Economy,ExplorerBasicInvalidQueryEndDate
61401,Economy,ExplorerBasicInvalidQueryGroupBy
61402,Economy,ExplorerBasicInvalidQueryAggregateType
61403,Economy,ExplorerBasicInvalidQueryAggregateProperty
61404,Economy,ExplorerBasicLoadQueriesError
61405,Economy,ExplorerBasicLoadQueryError
61406,Economy,ExplorerBasicCreateQueryError
61407,Economy,ExplorerBasicDeleteQueryError
61408,Economy;Functions,ExplorerBasicUpdateQueryError
61409,Economy,ExplorerBasicSavedQueriesLimit
61410,Economy,ExplorerBasicSavedQueryNotFound
61418,Economy,ExperimentationExperimentStopped
61419,Economy,ExperimentationExperimentRunning
61420,Economy,ExperimentationExperimentNotFound
61421,Economy,ExperimentationExperimentNeverStarted
61422,Economy,ExperimentationExperimentDeleted
61423,Economy,ExperimentationClientTimeout
61424,Economy,ExperimentationInvalidVariantConfiguration
61425,Economy,ExperimentationInvalidVariableConfiguration
61426,Economy,ExperimentInvalidId
61427,Economy;WavePerks,ExperimentationNoScorecard
61428,Economy,ExperimentationTreatmentAssignmentFailed
61429,Economy,ExperimentationTreatmentAssignmentDisabled
61430,Economy,ExperimentationInvalidDuration
61431,Economy,ExperimentationMaxExperimentsReached
61432,Economy,ExperimentationExperimentSchedulingInProgress
61433,Economy,ExperimentationInvalidEndDate
61434,Economy,ExperimentationInvalidStartDate
61435,Economy,ExperimentationMaxDurationExceeded
61436,Economy,ExperimentationExclusionGroupNotFound
61437,Economy,ExperimentationExclusionGroupInsufficientCapacity
61438,Economy,ExperimentationExclusionGroupCannotDelete
61439,Economy,ExperimentationExclusionGroupInvalidTrafficAllocation
61440,Economy,ExperimentationExclusionGroupInvalidName
61442,Functions,TitleNotOnUpdatedPricingPlan
61443,Economy,SegmentManagementTitleNotInFlight
61444,Economy,SegmentManagementNoExpressionTree
61445,Economy,SegmentManagementTriggerActionCountOverLimit
61446,Economy,SegmentManagementSegmentCountOverLimit
61447,Economy,SegmentManagementInvalidSegmentId
61448,Economy,SegmentManagementInvalidInput
61449,Economy,SegmentManagementInvalidSegmentName
61452,Functions,UpdateSegmentRateLimitExceeded
61453,Functions,GetSegmentsRateLimitExceeded
61454,Economy,AsyncExportNotInFlight
61455,Economy,AsyncExportNotFound
61456,Economy,AsyncExportRateLimitExceeded
61526,CombatStats,TrueSkillUnauthorized
61527,CombatStats,TrueSkillBadRequest
61528,CombatStats,TrueSkillMatchResultAlreadySubmitted
61529,CombatStats,TrueSkillDuplicatePlayerInMatchResult
61530,Progression;CombatStats;Functions,TrueSkillInvalidRanksInMatchResult
61531,CombatStats,TrueSkillNoWinnerInMatchResult
61532,CombatStats,TrueSkillMissingRequiredConditionInMatchResult
61533,CombatStats,TrueSkillMissingRequiredEventInMatchResult
61534,CombatStats,TrueSkillUnknownEventInMatchResult
61535,CombatStats,TrueSkillUnknownConditionName
61536,CombatStats,TrueSkillUnknownConditionValue
61537,CombatStats,TrueSkillUnknownScenarioId
61538,CombatStats,TrueSkillUnknownModelId
61539,CombatStats,TrueSkillNoActiveModelInScenario
61562,Functions,GetDelegateName
61570,Functions,SimpleGetCall
61576,Functions,GetPendingMessages
61578,Functions,get_RequestGetParams
61579,Functions,get_ProductionEnvironmentUrl
61581,Functions,get_TitleId
61583,Functions,get_VerticalName
61585,Functions,get_DisableDeviceInfo
61587,Functions,get_DisableFocusTimeCollection
61589,Functions,get_CompressResponses
61591,Functions,get_DecompressWithDownloadHandler
61594,Functions,getParams
61595,Functions,GetFullUrl
61597,Functions,_requestGetParams
61604,Functions,RequestGetParams
61606,Functions,getSO
61607,Functions,GetSO
61627,Functions,TargetFrameRate
61635,Functions,GraphicsShaderLevel
61645,Functions,get_PlayFabSharedPrivate
61646,Functions,GetSharedSettingsObjectPrivate
61647,Functions,get_DeviceUniqueIdentifier
61648,Functions,get_LogLevel
61649,Functions,set_LogLevel
61650,Functions,get_RequestType
61652,Functions,get_RequestTimeout
61654,Functions,get_RequestKeepAlive
61656,Functions,get_LoggerHost
61658,Functions,get_LoggerPort
61660,Functions,get_EnableRealTimeLogging
61662,Functions,get_LogCapLimit
61664,Functions,get_LocalApiServer
61690,Functions,GetPlugin
61693,Functions,GetPluginInternal
61700,Functions,get_ip
61702,Functions,get_port
61704,Functions,get_url
61749,Functions,GetAtIndex
61755,Functions,GetLastIndexOfNumber
61764,Functions,get_CurrentJsonSerializerStrategy
61766,Functions,get_PocoJsonSerializerStrategy
61790,Functions,GetterValueFactory
61799,Functions,GetGenericListElementType
61800,Functions,GetGenericTypeArguments
61807,Functions,GetConstructorInfo
61809,Functions,GetGetterMethodInfo
61810,Functions,GetSetterMethodInfo
61812,Functions,GetContructor
61813,Functions,GetConstructorByReflection
61815,Functions,GetGetMethodByReflection
61816,Functions,GetSetMethodByReflection
61824,Functions,<GetConstructorByReflection>b__0
61826,Functions,<GetGetMethodByReflection>b__0
61828,Functions,<GetSetMethodByReflection>b__0
61845,Functions,add_OnAddOrUpdateContactEmailRequestEvent
61846,Functions,remove_OnAddOrUpdateContactEmailRequestEvent
61847,Functions,add_OnAddOrUpdateContactEmailResultEvent
61848,Functions,remove_OnAddOrUpdateContactEmailResultEvent
61857,Economy,add_OnAddUserVirtualCurrencyRequestEvent
61858,Economy,remove_OnAddUserVirtualCurrencyRequestEvent
61859,Economy,add_OnAddUserVirtualCurrencyResultEvent
61860,Economy,remove_OnAddUserVirtualCurrencyResultEvent
61905,Functions,add_OnGetAccountInfoRequestEvent
61906,Functions,remove_OnGetAccountInfoRequestEvent
61907,Functions,add_OnGetAccountInfoResultEvent
61908,Functions,remove_OnGetAccountInfoResultEvent
61909,Functions,add_OnGetAdPlacementsRequestEvent
61910,Functions,remove_OnGetAdPlacementsRequestEvent
61911,Functions,add_OnGetAdPlacementsResultEvent
61912,Functions,remove_OnGetAdPlacementsResultEvent
61913,Functions,add_OnGetAllUsersCharactersRequestEvent
61914,Functions,remove_OnGetAllUsersCharactersRequestEvent
61915,Functions,add_OnGetAllUsersCharactersResultEvent
61916,Functions,remove_OnGetAllUsersCharactersResultEvent
61917,Functions,add_OnGetCatalogItemsRequestEvent
61918,Functions,remove_OnGetCatalogItemsRequestEvent
61919,Functions,add_OnGetCatalogItemsResultEvent
61920,Functions,remove_OnGetCatalogItemsResultEvent
61921,Functions,add_OnGetCharacterDataRequestEvent
61922,Functions,remove_OnGetCharacterDataRequestEvent
61923,Functions,add_OnGetCharacterDataResultEvent
61924,Functions,remove_OnGetCharacterDataResultEvent
61925,Functions,add_OnGetCharacterInventoryRequestEvent
61926,Functions,remove_OnGetCharacterInventoryRequestEvent
61927,Functions,add_OnGetCharacterInventoryResultEvent
61928,Functions,remove_OnGetCharacterInventoryResultEvent
61929,Functions,add_OnGetCharacterLeaderboardRequestEvent
61930,Functions,remove_OnGetCharacterLeaderboardRequestEvent
61931,Functions,add_OnGetCharacterLeaderboardResultEvent
61932,Functions,remove_OnGetCharacterLeaderboardResultEvent
61933,Functions,add_OnGetCharacterReadOnlyDataRequestEvent
61934,Functions,remove_OnGetCharacterReadOnlyDataRequestEvent
61935,Functions,add_OnGetCharacterReadOnlyDataResultEvent
61936,Functions,remove_OnGetCharacterReadOnlyDataResultEvent
61937,Functions,add_OnGetCharacterStatisticsRequestEvent
61938,Functions,remove_OnGetCharacterStatisticsRequestEvent
61939,Functions,add_OnGetCharacterStatisticsResultEvent
61940,Functions,remove_OnGetCharacterStatisticsResultEvent
61941,Functions,add_OnGetContentDownloadUrlRequestEvent
61942,Functions,remove_OnGetContentDownloadUrlRequestEvent
61943,Functions,add_OnGetContentDownloadUrlResultEvent
61944,Functions,remove_OnGetContentDownloadUrlResultEvent
61945,Functions,add_OnGetFriendLeaderboardRequestEvent
61946,Functions,remove_OnGetFriendLeaderboardRequestEvent
61947,Functions,add_OnGetFriendLeaderboardResultEvent
61948,Functions,remove_OnGetFriendLeaderboardResultEvent
61949,Functions,add_OnGetFriendLeaderboardAroundPlayerRequestEvent
61950,Functions,remove_OnGetFriendLeaderboardAroundPlayerRequestEvent
61951,Functions,add_OnGetFriendLeaderboardAroundPlayerResultEvent
61952,Functions,remove_OnGetFriendLeaderboardAroundPlayerResultEvent
61953,Functions,add_OnGetFriendsListRequestEvent
61954,Functions,remove_OnGetFriendsListRequestEvent
61955,Functions,add_OnGetFriendsListResultEvent
61956,Functions,remove_OnGetFriendsListResultEvent
61957,Functions,add_OnGetLeaderboardRequestEvent
61958,Functions,remove_OnGetLeaderboardRequestEvent
61959,Functions,add_OnGetLeaderboardResultEvent
61960,Functions,remove_OnGetLeaderboardResultEvent
61961,Functions,add_OnGetLeaderboardAroundCharacterRequestEvent
61962,Functions,remove_OnGetLeaderboardAroundCharacterRequestEvent
61963,Functions,add_OnGetLeaderboardAroundCharacterResultEvent
61964,Functions,remove_OnGetLeaderboardAroundCharacterResultEvent
61965,Functions,add_OnGetLeaderboardAroundPlayerRequestEvent
61966,Functions,remove_OnGetLeaderboardAroundPlayerRequestEvent
61967,Functions,add_OnGetLeaderboardAroundPlayerResultEvent
61968,Functions,remove_OnGetLeaderboardAroundPlayerResultEvent
61969,Functions,add_OnGetLeaderboardForUserCharactersRequestEvent
61970,Functions,remove_OnGetLeaderboardForUserCharactersRequestEvent
61971,Functions,add_OnGetLeaderboardForUserCharactersResultEvent
61972,Functions,remove_OnGetLeaderboardForUserCharactersResultEvent
61973,Functions,add_OnGetPaymentTokenRequestEvent
61974,Functions,remove_OnGetPaymentTokenRequestEvent
61975,Functions,add_OnGetPaymentTokenResultEvent
61976,Functions,remove_OnGetPaymentTokenResultEvent
61977,Functions,add_OnGetPhotonAuthenticationTokenRequestEvent
61978,Functions,remove_OnGetPhotonAuthenticationTokenRequestEvent
61979,Functions,add_OnGetPhotonAuthenticationTokenResultEvent
61980,Functions,remove_OnGetPhotonAuthenticationTokenResultEvent
61981,Functions,add_OnGetPlayerCombinedInfoRequestEvent
61982,Functions,remove_OnGetPlayerCombinedInfoRequestEvent
61983,Functions,add_OnGetPlayerCombinedInfoResultEvent
61984,Functions,remove_OnGetPlayerCombinedInfoResultEvent
61985,Functions,add_OnGetPlayerProfileRequestEvent
61986,Functions,remove_OnGetPlayerProfileRequestEvent
61987,Functions,add_OnGetPlayerProfileResultEvent
61988,Functions,remove_OnGetPlayerProfileResultEvent
61989,Functions,add_OnGetPlayerSegmentsRequestEvent
61990,Functions,remove_OnGetPlayerSegmentsRequestEvent
61991,Functions,add_OnGetPlayerSegmentsResultEvent
61992,Functions,remove_OnGetPlayerSegmentsResultEvent
61993,Functions,add_OnGetPlayerStatisticsRequestEvent
61994,Functions,remove_OnGetPlayerStatisticsRequestEvent
61995,Functions,add_OnGetPlayerStatisticsResultEvent
61996,Functions,remove_OnGetPlayerStatisticsResultEvent
61997,Functions,add_OnGetPlayerStatisticVersionsRequestEvent
61998,Functions,remove_OnGetPlayerStatisticVersionsRequestEvent
61999,Functions,add_OnGetPlayerStatisticVersionsResultEvent
62000,Functions,remove_OnGetPlayerStatisticVersionsResultEvent
62001,Functions,add_OnGetPlayerTagsRequestEvent
62002,Functions,remove_OnGetPlayerTagsRequestEvent
62003,Functions,add_OnGetPlayerTagsResultEvent
62004,Functions,remove_OnGetPlayerTagsResultEvent
62005,Functions,add_OnGetPlayerTradesRequestEvent
62006,Functions,remove_OnGetPlayerTradesRequestEvent
62007,Functions,add_OnGetPlayerTradesResultEvent
62008,Functions,remove_OnGetPlayerTradesResultEvent
62009,Functions,add_OnGetPlayFabIDsFromFacebookIDsRequestEvent
62010,Functions,remove_OnGetPlayFabIDsFromFacebookIDsRequestEvent
62011,Functions,add_OnGetPlayFabIDsFromFacebookIDsResultEvent
62012,Functions,remove_OnGetPlayFabIDsFromFacebookIDsResultEvent
62013,Functions,add_OnGetPlayFabIDsFromFacebookInstantGamesIdsRequestEvent
62014,Functions,remove_OnGetPlayFabIDsFromFacebookInstantGamesIdsRequestEvent
62015,Functions,add_OnGetPlayFabIDsFromFacebookInstantGamesIdsResultEvent
62016,Functions,remove_OnGetPlayFabIDsFromFacebookInstantGamesIdsResultEvent
62017,Functions,add_OnGetPlayFabIDsFromGameCenterIDsRequestEvent
62018,Functions,remove_OnGetPlayFabIDsFromGameCenterIDsRequestEvent
62019,Functions,add_OnGetPlayFabIDsFromGameCenterIDsResultEvent
62020,Functions,remove_OnGetPlayFabIDsFromGameCenterIDsResultEvent
62021,Functions,add_OnGetPlayFabIDsFromGenericIDsRequestEvent
62022,Functions,remove_OnGetPlayFabIDsFromGenericIDsRequestEvent
62023,Functions,add_OnGetPlayFabIDsFromGenericIDsResultEvent
62024,Functions,remove_OnGetPlayFabIDsFromGenericIDsResultEvent
62025,Functions,add_OnGetPlayFabIDsFromGoogleIDsRequestEvent
62026,Functions,remove_OnGetPlayFabIDsFromGoogleIDsRequestEvent
62027,Functions,add_OnGetPlayFabIDsFromGoogleIDsResultEvent
62028,Functions,remove_OnGetPlayFabIDsFromGoogleIDsResultEvent
62029,Functions,add_OnGetPlayFabIDsFromGooglePlayGamesPlayerIDsRequestEvent
62030,Functions,remove_OnGetPlayFabIDsFromGooglePlayGamesPlayerIDsRequestEvent
62031,Functions,add_OnGetPlayFabIDsFromGooglePlayGamesPlayerIDsResultEvent
62032,Functions,remove_OnGetPlayFabIDsFromGooglePlayGamesPlayerIDsResultEvent
62033,Functions,add_OnGetPlayFabIDsFromKongregateIDsRequestEvent
62034,Functions,remove_OnGetPlayFabIDsFromKongregateIDsRequestEvent
62035,Functions,add_OnGetPlayFabIDsFromKongregateIDsResultEvent
62036,Functions,remove_OnGetPlayFabIDsFromKongregateIDsResultEvent
62037,Functions,add_OnGetPlayFabIDsFromNintendoServiceAccountIdsRequestEvent
62038,Functions,remove_OnGetPlayFabIDsFromNintendoServiceAccountIdsRequestEvent
62039,Functions,add_OnGetPlayFabIDsFromNintendoServiceAccountIdsResultEvent
62040,Functions,remove_OnGetPlayFabIDsFromNintendoServiceAccountIdsResultEvent
62041,Heroes;Functions,add_OnGetPlayFabIDsFromNintendoSwitchDeviceIdsRequestEvent
62042,Heroes;Functions,remove_OnGetPlayFabIDsFromNintendoSwitchDeviceIdsRequestEvent
62043,Heroes;Functions,add_OnGetPlayFabIDsFromNintendoSwitchDeviceIdsResultEvent
62044,Heroes;Functions,remove_OnGetPlayFabIDsFromNintendoSwitchDeviceIdsResultEvent
62045,Functions,add_OnGetPlayFabIDsFromPSNAccountIDsRequestEvent
62046,Functions,remove_OnGetPlayFabIDsFromPSNAccountIDsRequestEvent
62047,Functions,add_OnGetPlayFabIDsFromPSNAccountIDsResultEvent
62048,Functions,remove_OnGetPlayFabIDsFromPSNAccountIDsResultEvent
62049,Functions,add_OnGetPlayFabIDsFromPSNOnlineIDsRequestEvent
62050,Functions,remove_OnGetPlayFabIDsFromPSNOnlineIDsRequestEvent
62051,Functions,add_OnGetPlayFabIDsFromPSNOnlineIDsResultEvent
62052,Functions,remove_OnGetPlayFabIDsFromPSNOnlineIDsResultEvent
62053,Functions,add_OnGetPlayFabIDsFromSteamIDsRequestEvent
62054,Functions,remove_OnGetPlayFabIDsFromSteamIDsRequestEvent
62055,Functions,add_OnGetPlayFabIDsFromSteamIDsResultEvent
62056,Functions,remove_OnGetPlayFabIDsFromSteamIDsResultEvent
62057,Heroes;Functions,add_OnGetPlayFabIDsFromTwitchIDsRequestEvent
62058,Heroes;Functions,remove_OnGetPlayFabIDsFromTwitchIDsRequestEvent
62059,Heroes;Functions,add_OnGetPlayFabIDsFromTwitchIDsResultEvent
62060,Heroes;Functions,remove_OnGetPlayFabIDsFromTwitchIDsResultEvent
62061,Functions,add_OnGetPlayFabIDsFromXboxLiveIDsRequestEvent
62062,Functions,remove_OnGetPlayFabIDsFromXboxLiveIDsRequestEvent
62063,Functions,add_OnGetPlayFabIDsFromXboxLiveIDsResultEvent
62064,Functions,remove_OnGetPlayFabIDsFromXboxLiveIDsResultEvent
62065,Functions,add_OnGetPublisherDataRequestEvent
62066,Functions,remove_OnGetPublisherDataRequestEvent
62067,Functions,add_OnGetPublisherDataResultEvent
62068,Functions,remove_OnGetPublisherDataResultEvent
62069,Functions,add_OnGetPurchaseRequestEvent
62070,Functions,remove_OnGetPurchaseRequestEvent
62071,Functions,add_OnGetPurchaseResultEvent
62072,Functions,remove_OnGetPurchaseResultEvent
62073,Functions,add_OnGetSharedGroupDataRequestEvent
62074,Functions,remove_OnGetSharedGroupDataRequestEvent
62075,Functions,add_OnGetSharedGroupDataResultEvent
62076,Functions,remove_OnGetSharedGroupDataResultEvent
62077,Functions,add_OnGetStoreItemsRequestEvent
62078,Functions,remove_OnGetStoreItemsRequestEvent
62079,Functions,add_OnGetStoreItemsResultEvent
62080,Functions,remove_OnGetStoreItemsResultEvent
62081,Functions,add_OnGetTimeRequestEvent
62082,Functions,remove_OnGetTimeRequestEvent
62083,Functions,add_OnGetTimeResultEvent
62084,Functions,remove_OnGetTimeResultEvent
62085,Functions,add_OnGetTitleDataRequestEvent
62086,Functions,remove_OnGetTitleDataRequestEvent
62087,Functions,add_OnGetTitleDataResultEvent
62088,Functions,remove_OnGetTitleDataResultEvent
62089,Functions,add_OnGetTitleNewsRequestEvent
62090,Functions,remove_OnGetTitleNewsRequestEvent
62091,Functions,add_OnGetTitleNewsResultEvent
62092,Functions,remove_OnGetTitleNewsResultEvent
62093,Functions,add_OnGetTitlePublicKeyRequestEvent
62094,Functions,remove_OnGetTitlePublicKeyRequestEvent
62095,Functions,add_OnGetTitlePublicKeyResultEvent
62096,Functions,remove_OnGetTitlePublicKeyResultEvent
62097,Functions,add_OnGetTradeStatusRequestEvent
62098,Functions,remove_OnGetTradeStatusRequestEvent
62099,Functions,add_OnGetTradeStatusResultEvent
62100,Functions,remove_OnGetTradeStatusResultEvent
62101,Functions,add_OnGetUserDataRequestEvent
62102,Functions,remove_OnGetUserDataRequestEvent
62103,Functions,add_OnGetUserDataResultEvent
62104,Functions,remove_OnGetUserDataResultEvent
62105,Functions,add_OnGetUserInventoryRequestEvent
62106,Functions,remove_OnGetUserInventoryRequestEvent
62107,Functions,add_OnGetUserInventoryResultEvent
62108,Functions,remove_OnGetUserInventoryResultEvent
62109,Functions,add_OnGetUserPublisherDataRequestEvent
62110,Functions,remove_OnGetUserPublisherDataRequestEvent
62111,Functions,add_OnGetUserPublisherDataResultEvent
62112,Functions,remove_OnGetUserPublisherDataResultEvent
62113,Functions,add_OnGetUserPublisherReadOnlyDataRequestEvent
62114,Functions,remove_OnGetUserPublisherReadOnlyDataRequestEvent
62115,Functions,add_OnGetUserPublisherReadOnlyDataResultEvent
62116,Functions,remove_OnGetUserPublisherReadOnlyDataResultEvent
62117,Functions,add_OnGetUserReadOnlyDataRequestEvent
62118,Functions,remove_OnGetUserReadOnlyDataRequestEvent
62119,Functions,add_OnGetUserReadOnlyDataResultEvent
62120,Functions,remove_OnGetUserReadOnlyDataResultEvent
62169,Heroes,add_OnLinkNintendoSwitchDeviceIdRequestEvent
62170,Heroes,remove_OnLinkNintendoSwitchDeviceIdRequestEvent
62171,Heroes,add_OnLinkNintendoSwitchDeviceIdResultEvent
62172,Heroes,remove_OnLinkNintendoSwitchDeviceIdResultEvent
62185,Heroes,add_OnLinkTwitchRequestEvent
62186,Heroes,remove_OnLinkTwitchRequestEvent
62187,Heroes,add_OnLinkTwitchResultEvent
62188,Heroes,remove_OnLinkTwitchResultEvent
62217,Heroes,add_OnLoginWithNintendoSwitchDeviceIdRequestEvent
62218,Heroes,remove_OnLoginWithNintendoSwitchDeviceIdRequestEvent
62221,CombatStats,add_OnLoginWithPlayFabRequestEvent
62222,CombatStats,remove_OnLoginWithPlayFabRequestEvent
62223,CombatStats,add_OnLoginWithPSNRequestEvent
62224,CombatStats,remove_OnLoginWithPSNRequestEvent
62227,Heroes,add_OnLoginWithTwitchRequestEvent
62228,Heroes,remove_OnLoginWithTwitchRequestEvent
62247,CombatStats,add_OnRefreshPSNAuthTokenRequestEvent
62248,CombatStats,remove_OnRefreshPSNAuthTokenRequestEvent
62249,CombatStats,add_OnRefreshPSNAuthTokenResultEvent
62250,CombatStats,remove_OnRefreshPSNAuthTokenResultEvent
62291,Economy;Functions,add_OnRewardAdActivityRequestEvent
62292,Economy;Functions,remove_OnRewardAdActivityRequestEvent
62293,Economy;Functions,add_OnRewardAdActivityResultEvent
62294,Economy;Functions,remove_OnRewardAdActivityResultEvent
62311,Economy,add_OnSubtractUserVirtualCurrencyRequestEvent
62312,Economy,remove_OnSubtractUserVirtualCurrencyRequestEvent
62313,Economy,add_OnSubtractUserVirtualCurrencyResultEvent
62314,Economy,remove_OnSubtractUserVirtualCurrencyResultEvent
62359,Heroes,add_OnUnlinkNintendoSwitchDeviceIdRequestEvent
62360,Heroes,remove_OnUnlinkNintendoSwitchDeviceIdRequestEvent
62361,Heroes,add_OnUnlinkNintendoSwitchDeviceIdResultEvent
62362,Heroes,remove_OnUnlinkNintendoSwitchDeviceIdResultEvent
62375,Heroes,add_OnUnlinkTwitchRequestEvent
62376,Heroes,remove_OnUnlinkTwitchRequestEvent
62377,Heroes,add_OnUnlinkTwitchResultEvent
62378,Heroes,remove_OnUnlinkTwitchResultEvent
62391,Functions,add_OnUpdateAvatarUrlRequestEvent
62392,Functions,remove_OnUpdateAvatarUrlRequestEvent
62393,Functions,add_OnUpdateAvatarUrlResultEvent
62394,Functions,remove_OnUpdateAvatarUrlResultEvent
62395,Progression;Functions,add_OnUpdateCharacterDataRequestEvent
62396,Progression;Functions,remove_OnUpdateCharacterDataRequestEvent
62397,Progression;Functions,add_OnUpdateCharacterDataResultEvent
62398,Progression;Functions,remove_OnUpdateCharacterDataResultEvent
62399,Progression;Functions,add_OnUpdateCharacterStatisticsRequestEvent
62400,Progression;Functions,remove_OnUpdateCharacterStatisticsRequestEvent
62401,Progression;Functions,add_OnUpdateCharacterStatisticsResultEvent
62402,Progression;Functions,remove_OnUpdateCharacterStatisticsResultEvent
62403,Functions,add_OnUpdatePlayerStatisticsRequestEvent
62404,Functions,remove_OnUpdatePlayerStatisticsRequestEvent
62405,Functions,add_OnUpdatePlayerStatisticsResultEvent
62406,Functions,remove_OnUpdatePlayerStatisticsResultEvent
62407,Functions,add_OnUpdateSharedGroupDataRequestEvent
62408,Functions,remove_OnUpdateSharedGroupDataRequestEvent
62409,Functions,add_OnUpdateSharedGroupDataResultEvent
62410,Functions,remove_OnUpdateSharedGroupDataResultEvent
62411,Functions,add_OnUpdateUserDataRequestEvent
62412,Functions,remove_OnUpdateUserDataRequestEvent
62413,Functions,add_OnUpdateUserDataResultEvent
62414,Functions,remove_OnUpdateUserDataResultEvent
62415,Functions,add_OnUpdateUserPublisherDataRequestEvent
62416,Functions,remove_OnUpdateUserPublisherDataRequestEvent
62417,Functions,add_OnUpdateUserPublisherDataResultEvent
62418,Functions,remove_OnUpdateUserPublisherDataResultEvent
62419,Functions,add_OnUpdateUserTitleDisplayNameRequestEvent
62420,Functions,remove_OnUpdateUserTitleDisplayNameRequestEvent
62421,Functions,add_OnUpdateUserTitleDisplayNameResultEvent
62422,Functions,remove_OnUpdateUserTitleDisplayNameResultEvent
62439,Progression,add_OnWriteCharacterEventRequestEvent
62440,Progression,remove_OnWriteCharacterEventRequestEvent
62441,Progression,add_OnWriteCharacterEventResultEvent
62442,Progression,remove_OnWriteCharacterEventResultEvent
62463,Functions,OnAddOrUpdateContactEmailRequestEvent
62464,Functions,OnAddOrUpdateContactEmailResultEvent
62469,Economy,OnAddUserVirtualCurrencyRequestEvent
62470,Economy,OnAddUserVirtualCurrencyResultEvent
62493,Functions,OnGetAccountInfoRequestEvent
62494,Functions,OnGetAccountInfoResultEvent
62495,Functions,OnGetAdPlacementsRequestEvent
62496,Functions,OnGetAdPlacementsResultEvent
62497,Functions,OnGetAllUsersCharactersRequestEvent
62498,Functions,OnGetAllUsersCharactersResultEvent
62499,Functions,OnGetCatalogItemsRequestEvent
62500,Functions,OnGetCatalogItemsResultEvent
62501,Functions,OnGetCharacterDataRequestEvent
62502,Functions,OnGetCharacterDataResultEvent
62503,Functions,OnGetCharacterInventoryRequestEvent
62504,Functions,OnGetCharacterInventoryResultEvent
62505,Functions,OnGetCharacterLeaderboardRequestEvent
62506,Functions,OnGetCharacterLeaderboardResultEvent
62507,Functions,OnGetCharacterReadOnlyDataRequestEvent
62508,Functions,OnGetCharacterReadOnlyDataResultEvent
62509,Functions,OnGetCharacterStatisticsRequestEvent
62510,Functions,OnGetCharacterStatisticsResultEvent
62511,Functions,OnGetContentDownloadUrlRequestEvent
62512,Functions,OnGetContentDownloadUrlResultEvent
62513,Functions,OnGetFriendLeaderboardRequestEvent
62514,Functions,OnGetFriendLeaderboardResultEvent
62515,Functions,OnGetFriendLeaderboardAroundPlayerRequestEvent
62516,Functions,OnGetFriendLeaderboardAroundPlayerResultEvent
62517,Functions,OnGetFriendsListRequestEvent
62518,Functions,OnGetFriendsListResultEvent
62519,Functions,OnGetLeaderboardRequestEvent
62520,Functions,OnGetLeaderboardResultEvent
62521,Functions,OnGetLeaderboardAroundCharacterRequestEvent
62522,Functions,OnGetLeaderboardAroundCharacterResultEvent
62523,Functions,OnGetLeaderboardAroundPlayerRequestEvent
62524,Functions,OnGetLeaderboardAroundPlayerResultEvent
62525,Functions,OnGetLeaderboardForUserCharactersRequestEvent
62526,Functions,OnGetLeaderboardForUserCharactersResultEvent
62527,Functions,OnGetPaymentTokenRequestEvent
62528,Functions,OnGetPaymentTokenResultEvent
62529,Functions,OnGetPhotonAuthenticationTokenRequestEvent
62530,Functions,OnGetPhotonAuthenticationTokenResultEvent
62531,Functions,OnGetPlayerCombinedInfoRequestEvent
62532,Functions,OnGetPlayerCombinedInfoResultEvent
62533,Functions,OnGetPlayerProfileRequestEvent
62534,Functions,OnGetPlayerProfileResultEvent
62535,Functions,OnGetPlayerSegmentsRequestEvent
62536,Functions,OnGetPlayerSegmentsResultEvent
62537,Functions,OnGetPlayerStatisticsRequestEvent
62538,Functions,OnGetPlayerStatisticsResultEvent
62539,Functions,OnGetPlayerStatisticVersionsRequestEvent
62540,Functions,OnGetPlayerStatisticVersionsResultEvent
62541,Functions,OnGetPlayerTagsRequestEvent
62542,Functions,OnGetPlayerTagsResultEvent
62543,Functions,OnGetPlayerTradesRequestEvent
62544,Functions,OnGetPlayerTradesResultEvent
62545,Functions,OnGetPlayFabIDsFromFacebookIDsRequestEvent
62546,Functions,OnGetPlayFabIDsFromFacebookIDsResultEvent
62547,Functions,OnGetPlayFabIDsFromFacebookInstantGamesIdsRequestEvent
62548,Functions,OnGetPlayFabIDsFromFacebookInstantGamesIdsResultEvent
62549,Functions,OnGetPlayFabIDsFromGameCenterIDsRequestEvent
62550,Functions,OnGetPlayFabIDsFromGameCenterIDsResultEvent
62551,Functions,OnGetPlayFabIDsFromGenericIDsRequestEvent
62552,Functions,OnGetPlayFabIDsFromGenericIDsResultEvent
62553,Functions,OnGetPlayFabIDsFromGoogleIDsRequestEvent
62554,Functions,OnGetPlayFabIDsFromGoogleIDsResultEvent
62555,Functions,OnGetPlayFabIDsFromGooglePlayGamesPlayerIDsRequestEvent
62556,Functions,OnGetPlayFabIDsFromGooglePlayGamesPlayerIDsResultEvent
62557,Functions,OnGetPlayFabIDsFromKongregateIDsRequestEvent
62558,Functions,OnGetPlayFabIDsFromKongregateIDsResultEvent
62559,Functions,OnGetPlayFabIDsFromNintendoServiceAccountIdsRequestEvent
62560,Functions,OnGetPlayFabIDsFromNintendoServiceAccountIdsResultEvent
62561,Heroes;Functions,OnGetPlayFabIDsFromNintendoSwitchDeviceIdsRequestEvent
62562,Heroes;Functions,OnGetPlayFabIDsFromNintendoSwitchDeviceIdsResultEvent
62563,Functions,OnGetPlayFabIDsFromPSNAccountIDsRequestEvent
62564,Functions,OnGetPlayFabIDsFromPSNAccountIDsResultEvent
62565,Functions,OnGetPlayFabIDsFromPSNOnlineIDsRequestEvent
62566,Functions,OnGetPlayFabIDsFromPSNOnlineIDsResultEvent
62567,Functions,OnGetPlayFabIDsFromSteamIDsRequestEvent
62568,Functions,OnGetPlayFabIDsFromSteamIDsResultEvent
62569,Heroes;Functions,OnGetPlayFabIDsFromTwitchIDsRequestEvent
62570,Heroes;Functions,OnGetPlayFabIDsFromTwitchIDsResultEvent
62571,Functions,OnGetPlayFabIDsFromXboxLiveIDsRequestEvent
62572,Functions,OnGetPlayFabIDsFromXboxLiveIDsResultEvent
62573,Functions,OnGetPublisherDataRequestEvent
62574,Functions,OnGetPublisherDataResultEvent
62575,Functions,OnGetPurchaseRequestEvent
62576,Functions,OnGetPurchaseResultEvent
62577,Functions,OnGetSharedGroupDataRequestEvent
62578,Functions,OnGetSharedGroupDataResultEvent
62579,Functions,OnGetStoreItemsRequestEvent
62580,Functions,OnGetStoreItemsResultEvent
62581,Functions,OnGetTimeRequestEvent
62582,Functions,OnGetTimeResultEvent
62583,Functions,OnGetTitleDataRequestEvent
62584,Functions,OnGetTitleDataResultEvent
62585,Functions,OnGetTitleNewsRequestEvent
62586,Functions,OnGetTitleNewsResultEvent
62587,Functions,OnGetTitlePublicKeyRequestEvent
62588,Functions,OnGetTitlePublicKeyResultEvent
62589,Functions,OnGetTradeStatusRequestEvent
62590,Functions,OnGetTradeStatusResultEvent
62591,Functions,OnGetUserDataRequestEvent
62592,Functions,OnGetUserDataResultEvent
62593,Functions,OnGetUserInventoryRequestEvent
62594,Functions,OnGetUserInventoryResultEvent
62595,Functions,OnGetUserPublisherDataRequestEvent
62596,Functions,OnGetUserPublisherDataResultEvent
62597,Functions,OnGetUserPublisherReadOnlyDataRequestEvent
62598,Functions,OnGetUserPublisherReadOnlyDataResultEvent
62599,Functions,OnGetUserReadOnlyDataRequestEvent
62600,Functions,OnGetUserReadOnlyDataResultEvent
62625,Heroes,OnLinkNintendoSwitchDeviceIdRequestEvent
62626,Heroes,OnLinkNintendoSwitchDeviceIdResultEvent
62633,Heroes,OnLinkTwitchRequestEvent
62634,Heroes,OnLinkTwitchResultEvent
62649,Heroes,OnLoginWithNintendoSwitchDeviceIdRequestEvent
62651,CombatStats,OnLoginWithPlayFabRequestEvent
62652,CombatStats,OnLoginWithPSNRequestEvent
62654,Heroes,OnLoginWithTwitchRequestEvent
62664,CombatStats,OnRefreshPSNAuthTokenRequestEvent
62665,CombatStats,OnRefreshPSNAuthTokenResultEvent
62686,Economy;Functions,OnRewardAdActivityRequestEvent
62687,Economy;Functions,OnRewardAdActivityResultEvent
62696,Economy,OnSubtractUserVirtualCurrencyRequestEvent
62697,Economy,OnSubtractUserVirtualCurrencyResultEvent
62720,Heroes,OnUnlinkNintendoSwitchDeviceIdRequestEvent
62721,Heroes,OnUnlinkNintendoSwitchDeviceIdResultEvent
62728,Heroes,OnUnlinkTwitchRequestEvent
62729,Heroes,OnUnlinkTwitchResultEvent
62736,Functions,OnUpdateAvatarUrlRequestEvent
62737,Functions,OnUpdateAvatarUrlResultEvent
62738,Progression;Functions,OnUpdateCharacterDataRequestEvent
62739,Progression;Functions,OnUpdateCharacterDataResultEvent
62740,Progression;Functions,OnUpdateCharacterStatisticsRequestEvent
62741,Progression;Functions,OnUpdateCharacterStatisticsResultEvent
62742,Functions,OnUpdatePlayerStatisticsRequestEvent
62743,Functions,OnUpdatePlayerStatisticsResultEvent
62744,Functions,OnUpdateSharedGroupDataRequestEvent
62745,Functions,OnUpdateSharedGroupDataResultEvent
62746,Functions,OnUpdateUserDataRequestEvent
62747,Functions,OnUpdateUserDataResultEvent
62748,Functions,OnUpdateUserPublisherDataRequestEvent
62749,Functions,OnUpdateUserPublisherDataResultEvent
62750,Functions,OnUpdateUserTitleDisplayNameRequestEvent
62751,Functions,OnUpdateUserTitleDisplayNameResultEvent
62760,Progression,OnWriteCharacterEventRequestEvent
62761,Progression,OnWriteCharacterEventResultEvent
62802,Functions,CalledGetResponse
62836,Functions,GetRequest
62868,Functions,<SimpleGetCall>b__0
62877,Functions,get_timeStamp
62878,Functions,get_utcTimeStamp
62881,Functions,GetLocalSettingsFileProperty
62909,Functions,AddOrUpdateContactEmailRequest
62911,Functions,AddOrUpdateContactEmailResult
62918,Economy,AddUserVirtualCurrencyRequest
62920,Economy,VirtualCurrency
62926,Economy;Functions,RewardAssetUrl
62927,Economy;Functions,RewardDescription
62928,Economy;Functions,RewardId
62929,Economy;Functions,RewardName
62930,Economy;Functions,AdRewardItemGranted
62934,Economy;Functions,AdRewardResults
62952,Economy,RealCurrencyPrices
62954,Economy,VirtualCurrencyPrices
62964,Heroes,ItemImageUrl
62978,Economy,VirtualCurrencyContents
63025,Economy,TokenExpiration
63062,Functions,GetAccountInfoRequest
63063,Functions,GetAccountInfoResult
63065,Functions,GetAdPlacementsRequest
63068,Functions,GetAdPlacementsResult
63070,Functions,GetCatalogItemsRequest
63071,Functions,GetCatalogItemsResult
63073,Functions,GetCharacterDataRequest
63075,Functions,GetCharacterDataResult
63077,Functions,GetCharacterInventoryRequest
63078,Functions,GetCharacterInventoryResult
63079,Economy;Functions,VirtualCurrencyRechargeTimes
63080,Functions,GetCharacterLeaderboardRequest
63084,Functions,GetCharacterLeaderboardResult
63086,Functions,GetCharacterStatisticsRequest
63087,Functions,GetCharacterStatisticsResult
63089,Functions,GetContentDownloadUrlRequest
63091,Functions,GetContentDownloadUrlResult
63092,Functions,GetFriendLeaderboardAroundPlayerRequest
63095,Functions,GetFriendLeaderboardAroundPlayerResult
63097,Functions,GetFriendLeaderboardRequest
63098,Functions,GetFriendsListRequest
63099,Functions,GetFriendsListResult
63101,Functions,GetLeaderboardAroundCharacterRequest
63102,Functions,GetLeaderboardAroundCharacterResult
63103,Functions,GetLeaderboardAroundPlayerRequest
63104,Functions,GetLeaderboardAroundPlayerResult
63105,Functions,GetLeaderboardForUsersCharactersRequest
63106,Functions,GetLeaderboardForUsersCharactersResult
63107,Functions,GetLeaderboardRequest
63108,Functions,GetLeaderboardResult
63109,Functions,GetPaymentTokenRequest
63111,Functions,GetPaymentTokenResult
63113,Functions,GetPhotonAuthenticationTokenRequest
63115,Functions,GetPhotonAuthenticationTokenResult
63117,Functions,GetPlayerCombinedInfoRequest
63119,Functions,GetPlayerCombinedInfoRequestParams
63120,Functions,GetCharacterInventories
63121,Functions,GetCharacterList
63122,Functions,GetUserAccountInfo
63123,Economy;Functions,GetUserVirtualCurrency
63128,Functions,GetPlayerCombinedInfoResult
63130,Functions,GetPlayerCombinedInfoResultPayload
63141,Economy,UserVirtualCurrency
63142,Economy;Functions,UserVirtualCurrencyRechargeTimes
63143,Functions,GetPlayerProfileRequest
63144,Functions,GetPlayerProfileResult
63145,Functions,GetPlayerSegmentsRequest
63146,Functions,GetPlayerSegmentsResult
63147,Functions,GetPlayerStatisticsRequest
63150,Functions,GetPlayerStatisticsResult
63152,Functions,GetPlayerStatisticVersionsRequest
63153,Functions,GetPlayerStatisticVersionsResult
63155,Functions,GetPlayerTagsRequest
63156,Functions,GetPlayerTagsResult
63157,Functions,GetPlayerTradesRequest
63159,Functions,GetPlayerTradesResponse
63162,Functions,GetPlayFabIDsFromFacebookIDsRequest
63164,Functions,GetPlayFabIDsFromFacebookIDsResult
63165,Functions,GetPlayFabIDsFromFacebookInstantGamesIdsRequest
63167,Functions,GetPlayFabIDsFromFacebookInstantGamesIdsResult
63168,Functions,GetPlayFabIDsFromGameCenterIDsRequest
63170,Functions,GetPlayFabIDsFromGameCenterIDsResult
63171,Functions,GetPlayFabIDsFromGenericIDsRequest
63173,Functions,GetPlayFabIDsFromGenericIDsResult
63174,Functions,GetPlayFabIDsFromGoogleIDsRequest
63176,Functions,GetPlayFabIDsFromGoogleIDsResult
63177,Functions,GetPlayFabIDsFromGooglePlayGamesPlayerIDsRequest
63179,Functions,GetPlayFabIDsFromGooglePlayGamesPlayerIDsResult
63180,Functions,GetPlayFabIDsFromKongregateIDsRequest
63182,Functions,GetPlayFabIDsFromKongregateIDsResult
63183,Functions,GetPlayFabIDsFromNintendoServiceAccountIdsRequest
63185,Functions,GetPlayFabIDsFromNintendoServiceAccountIdsResult
63186,Heroes;Functions,GetPlayFabIDsFromNintendoSwitchDeviceIdsRequest
63187,Heroes,NintendoSwitchDeviceIds
63188,Heroes;Functions,GetPlayFabIDsFromNintendoSwitchDeviceIdsResult
63189,Functions,GetPlayFabIDsFromPSNAccountIDsRequest
63192,Functions,GetPlayFabIDsFromPSNAccountIDsResult
63193,Functions,GetPlayFabIDsFromPSNOnlineIDsRequest
63195,Functions,GetPlayFabIDsFromPSNOnlineIDsResult
63196,Functions,GetPlayFabIDsFromSteamIDsRequest
63198,Functions,GetPlayFabIDsFromSteamIDsResult
63199,Heroes;Functions,GetPlayFabIDsFromTwitchIDsRequest
63200,Heroes,TwitchIds
63201,Heroes;Functions,GetPlayFabIDsFromTwitchIDsResult
63202,Functions,GetPlayFabIDsFromXboxLiveIDsRequest
63205,Functions,GetPlayFabIDsFromXboxLiveIDsResult
63206,Functions,GetPublisherDataRequest
63207,Functions,GetPublisherDataResult
63208,Functions,GetPurchaseRequest
63209,Functions,GetPurchaseResult
63213,Functions,GetSegmentResult
63215,Functions,GetSharedGroupDataRequest
63216,Functions,GetSharedGroupDataResult
63217,Functions,GetStoreItemsRequest
63219,Functions,GetStoreItemsResult
63221,Functions,GetTimeRequest
63222,Functions,GetTimeResult
63223,Functions,GetTitleDataRequest
63225,Functions,GetTitleDataResult
63226,Functions,GetTitleNewsRequest
63227,Functions,GetTitleNewsResult
63228,Functions,GetTitlePublicKeyRequest
63230,Functions,GetTitlePublicKeyResult
63232,Functions,GetTradeStatusRequest
63233,Functions,GetTradeStatusResponse
63234,Functions,GetUserDataRequest
63235,Functions,GetUserDataResult
63236,Functions,GetUserInventoryRequest
63237,Functions,GetUserInventoryResult
63247,Economy,UnitCurrency
63248,Economy,UnitPrice
63289,Heroes,LinkNintendoSwitchDeviceIdRequest
63290,Heroes,NintendoSwitchDeviceId
63291,Heroes,LinkNintendoSwitchDeviceIdResult
63303,Heroes,LinkTwitchAccountRequest
63304,Heroes,LinkTwitchAccountResult
63320,Heroes,Twitch
63324,Heroes,NintendoSwitch
63328,Heroes,NintendoSwitchAccount
63353,Heroes,LoginWithNintendoSwitchDeviceIdRequest
63355,CombatStats,LoginWithPlayFabRequest
63356,CombatStats,LoginWithPSNRequest
63358,Heroes,LoginWithTwitchRequest
63362,Economy,MembershipExpiration
63364,Economy,OverrideExpiration
63368,Economy,ModifyUserVirtualCurrencyResult
63374,Heroes;CombatStats,NintendoSwitchPlayFabIdPair
63385,Economy,PurchaseCurrency
63386,Economy,PurchasePrice
63388,Economy,Price
63396,Economy,ExperimentVariants
63413,Economy,ShowExperimentVariants
63438,Economy,RecordedPriceSource
63439,Economy,RecordedTransactionCurrency
63449,CombatStats,RefreshPSNAuthTokenRequest
63474,Economy;Functions,RewardAdActivityRequest
63475,Economy;Functions,RewardAdActivityResult
63478,Economy;Functions,RewardResults
63487,Functions,SharedGroupDataRecord
63488,Functions,LastUpdated
63489,Functions,LastUpdatedBy
63500,Economy,VirtualCurrencyBalances
63503,Functions,StatisticUpdate
63519,Economy,CustomerDidNotAcceptPriceChange
63522,Economy,SubtractUserVirtualCurrencyRequest
63560,Heroes;CombatStats,TwitchPlayFabIdPair
63561,Heroes,TwitchId
63582,Heroes,UnlinkNintendoSwitchDeviceIdRequest
63583,Heroes,UnlinkNintendoSwitchDeviceIdResult
63589,Heroes,UnlinkTwitchAccountRequest
63590,Heroes,UnlinkTwitchAccountResult
63601,Functions,UpdateAvatarUrlRequest
63603,Progression;Functions,UpdateCharacterDataRequest
63605,Progression;Functions,UpdateCharacterDataResult
63606,Progression;Functions,UpdateCharacterStatisticsRequest
63607,Progression;Functions,UpdateCharacterStatisticsResult
63608,Functions,UpdatePlayerStatisticsRequest
63609,Functions,UpdatePlayerStatisticsResult
63610,Functions,UpdateSharedGroupDataRequest
63611,Functions,UpdateSharedGroupDataResult
63612,Functions,UpdateUserDataRequest
63613,Functions,UpdateUserDataResult
63614,Functions,UpdateUserTitleDisplayNameRequest
63615,Functions,UpdateUserTitleDisplayNameResult
63625,Heroes,NintendoSwitchAccountInfo
63626,Heroes,NintendoSwitchDeviceIdInfo
63632,Heroes,TwitchInfo
63654,Heroes,UserNintendoSwitchAccountIdInfo
63655,Heroes,NintendoSwitchAccountSubjectId
63656,Heroes,UserNintendoSwitchDeviceIdInfo
63678,Economy,SteamCurrency
63685,Heroes,UserTwitchInfo
63686,Heroes,TwitchUserName
63691,Economy,CurrencyCode
63705,Economy;Functions,VirtualCurrencyRechargeTime
63706,Economy,RechargeMax
63707,Functions,RechargeTime
63758,Economy,expandedKey
63763,Functions,GetRSAPublicKey
63798,Heroes;CombatStats,RangeIterator
63834,Heroes;CombatStats,<RangeIterator>d__115
63838,Functions,<get_Instance>b__1_0
63845,Functions,GetGrouping
63865,Functions,<GetEnumerator>d__7
63868,Functions,<GetEnumerator>d__12
63876,Functions,GetEnumerableSorter
63878,Functions,<GetEnumerator>d__1
63889,Economy,System.Linq.Expressions
63890,Functions,get_CallSiteOps_SetNotMatched
63891,Functions,get_CallSiteOps_CreateMatchmaker
63892,Functions,get_CallSiteOps_GetMatch
63893,Functions,get_CallSiteOps_ClearMatch
63894,Functions,get_CallSiteOps_UpdateRules
63895,Functions,get_CallSiteOps_GetRules
63896,Functions,get_CallSiteOps_GetRuleCache
63897,Functions,get_CallSiteOps_GetCachedRules
63898,Functions,get_CallSiteOps_AddRule
63899,Functions,get_CallSiteOps_MoveRule
63900,Functions,get_CallSiteOps_Bind
63901,Functions,get_String_op_Equality_String_String
63902,Functions,get_Math_Pow_Double_Double
63905,Functions,s_CallSiteOps_GetMatch
63907,Functions,s_CallSiteOps_UpdateRules
63908,Functions,s_CallSiteOps_GetRules
63909,Functions,s_CallSiteOps_GetRuleCache
63910,Functions,s_CallSiteOps_GetCachedRules
63918,Functions,CallSiteOps_GetMatch
63920,Functions,CallSiteOps_UpdateRules
63921,Functions,CallSiteOps_GetRules
63922,Functions,CallSiteOps_GetRuleCache
63923,Functions,CallSiteOps_GetCachedRules
63929,Economy,BinaryExpression
63930,Functions,get_CanReduce
63932,Functions,get_Right
63933,Functions,get_Left
63935,Functions,GetBinaryOpFromAssignmentOp
63939,Functions,get_Conversion
63940,Functions,GetConversion
63941,Functions,get_IsLifted
63942,Functions,get_IsLiftedToNull
63944,Functions,get_IsLiftedLogical
63945,Functions,get_IsReferenceComparison
63955,Economy,LogicalBinaryExpression
63957,Economy,AssignBinaryExpression
63958,Economy,CoalesceConversionBinaryExpression
63960,Economy,OpAssignMethodConversionBinaryExpression
63961,Economy,SimpleBinaryExpression
63963,Economy,MethodBinaryExpression
63966,Functions,GetUserDefinedBinaryOperator
63967,Functions,GetMethodBasedBinaryOperator
63968,Functions,GetMethodBasedAssignOperator
63969,Functions,GetUserDefinedBinaryOperatorOrThrow
63970,Functions,GetUserDefinedAssignOperatorOrThrow
63977,Economy,exprType
63991,Functions,GetEqualityComparisonOperator
63994,Functions,GetComparisonOperator
64013,Functions,GetResultTypeOfShift
64022,Economy,expressions
64028,Economy;Functions,GetOptimizedBlockExpression
64039,Functions,targetParameter
64047,Economy,MakeIndexProperty
64051,Functions,GetInvokeMethod
64059,Functions,ValidateMethodAndGetParameters
64065,Functions,GetParametersForValidation
64089,Functions,GetUserDefinedUnaryOperatorOrThrow
64090,Functions,GetUserDefinedUnaryOperator
64091,Functions,GetMethodBasedUnaryOperator
64094,Functions,GetUserDefinedCoercionOrThrow
64095,Functions,GetUserDefinedCoercion
64096,Functions,GetMethodBasedCoercionOperator
64098,Progression,NegateChecked
64111,Economy,BinaryExpressionProxy
64112,Economy,BlockExpressionProxy
64114,Economy,ConditionalExpressionProxy
64115,Economy,ConstantExpressionProxy
64116,Economy,DebugInfoExpressionProxy
64117,Economy,DefaultExpressionProxy
64118,Economy,GotoExpressionProxy
64119,Economy,IndexExpressionProxy
64120,Economy,InvocationExpressionProxy
64121,Economy,LabelExpressionProxy
64122,Economy,LambdaExpressionProxy
64123,Economy,ListInitExpressionProxy
64124,Economy,LoopExpressionProxy
64125,Economy,MemberExpressionProxy
64126,Economy,MemberInitExpressionProxy
64127,Economy,MethodCallExpressionProxy
64128,Economy,NewArrayExpressionProxy
64129,Economy,NewExpressionProxy
64130,Economy,ParameterExpressionProxy
64131,Economy,RuntimeVariablesExpressionProxy
64132,Heroes,SwitchCaseProxy
64133,Heroes;Economy,SwitchExpressionProxy
64134,Economy,TryExpressionProxy
64135,Economy,TypeBinaryExpressionProxy
64136,Economy,UnaryExpressionProxy
64138,Economy,BlockExpression
64139,Economy;Functions,get_Expressions
64140,Functions,get_Variables
64141,Economy;Functions,GetExpression
64142,Economy;Functions,get_ExpressionCount
64143,Economy;Functions,GetOrMakeExpressions
64144,Functions,GetOrMakeVariables
64146,Economy,ReturnReadOnlyExpressions
64147,Economy,Expressions
64148,Economy,ExpressionCount
64156,Economy,ScopeExpression
64157,Functions,get_VariablesList
64164,Functions,get_Body
64166,Economy,BlockExpressionList
64167,Functions,<GetEnumerator>d__18
64168,Economy;Functions,System.Collections.Generic.IEnumerator<System.Linq.Expressions.Expression>.get_Current
64169,Economy,System.Collections.Generic.IEnumerator<System.Linq.Expressions.Expression>.Current
64171,Functions,get_Variable
64172,Functions,get_Test
64187,Economy,ConditionalExpression
64189,Functions,get_IfTrue
64190,Functions,get_IfFalse
64191,Functions,GetFalse
64195,Economy,FullConditionalExpression
64197,Economy,FullConditionalExpressionWithType
64198,Economy,ConstantExpression
64199,Economy,TypedConstantExpression
64200,Economy,DebugInfoExpression
64201,Functions,get_StartLine
64202,Functions,get_EndLine
64203,Functions,get_IsClear
64208,Economy,DefaultExpression
64210,Functions,get_AddMethod
64215,Economy,AmbiguousMatchInExpandoObject
64216,Economy,SameKeyExistsInExpando
64217,Economy,KeyDoesNotExistInExpando
64229,Functions,IndexesOfSetGetMustMatch
64240,Functions,PropertyTypeMustMatchGetter
64248,Economy,ExpressionMustBeWriteable
64251,Economy,LabelMustBeVoidOrHaveExpression
64253,Economy,QuotedExpressionMustBeLambda
64266,CombatStats,OperandTypesDoNotMatchParameters
64275,CombatStats,CannotAutoInitializeValueTypeMemberThroughProperty
64278,Economy,ExpressionTypeCannotInitializeArrayType
64279,Economy,ExpressionTypeDoesNotMatchReturn
64280,Economy,ExpressionTypeDoesNotMatchAssignment
64281,Economy,ExpressionTypeDoesNotMatchLabel
64282,Economy,ExpressionTypeNotInvocable
64292,Economy,ParameterExpressionNotValidAsDelegate
64305,Heroes;CombatStats,OutOfRange
64306,Functions,LabelTargetAlreadyDefined
64307,Functions,LabelTargetUndefined
64312,Economy,ControlCannotEnterExpression
64317,Progression,MustRewriteChildToSameType
64325,Economy,ExpressionTypeDoesNotMatchMethodParameter
64326,Economy;CombatStats,ExpressionTypeDoesNotMatchParameter
64329,Economy,ExpressionTypeDoesNotMatchConstructorParameter
64330,Economy,ExpressionMustBeReadable
64334,Functions,GetParamName
64335,Economy,ExpressionStringBuilder
64336,Functions,GetLabelId
64337,Functions,GetParamId
64338,Economy,ExpressionToString
64341,Economy,VisitExpressions
64372,Economy,ExpressionVisitor
64379,Functions,VisitLabelTarget
64383,Progression,ValidateChildType
64384,Economy,GotoExpressionKind
64385,Economy,GotoExpression
64386,Functions,<Target>k__BackingField
64390,Functions,GetParameter
64391,Functions,get_ParameterCount
64393,Economy,IndexExpression
64394,Functions,get_Indexer
64398,Economy,InvocationExpression
64400,Economy,<Expression>k__BackingField
64401,Economy,InvocationExpressionN
64402,Economy,InvocationExpression0
64403,Economy,InvocationExpression1
64404,Economy,InvocationExpression2
64405,Economy,InvocationExpression3
64406,Economy,InvocationExpression4
64407,Economy,InvocationExpression5
64408,Economy,LabelExpression
64410,Functions,LabelTarget
64411,Economy,LambdaExpression
64412,Functions,get_TypeCore
64413,Functions,get_PublicType
64414,Functions,get_NameCore
64415,Functions,get_TailCall
64416,Functions,get_TailCallCore
64417,Economy;Functions,System.Linq.Expressions.IParameterProvider.GetParameter
64418,Economy;Functions,System.Linq.Expressions.IParameterProvider.get_ParameterCount
64424,Economy,System.Linq.Expressions.IParameterProvider.ParameterCount
64425,Economy,Expression`1
64427,Economy,ExpressionCreator`1
64428,Economy,CreateExpressionFunc
64429,Economy,Expression0`1
64430,Economy,Expression1`1
64433,Economy,Expression2`1
64436,Economy,Expression3`1
64439,Economy,ExpressionN`1
64440,Economy,FullExpression`1
64443,Economy,ListInitExpression
64444,Economy;Functions,get_NewExpression
64445,Functions,get_Initializers
64446,Economy,<NewExpression>k__BackingField
64448,Economy,NewExpression
64450,Economy,LoopExpression
64451,Functions,get_BreakLabel
64452,Functions,get_ContinueLabel
64464,Functions,get_BindingType
64468,Economy,MemberExpression
64469,Economy,FieldExpression
64471,Economy,PropertyExpression
64473,Economy,MemberInitExpression
64474,Functions,get_Bindings
64478,Economy,MethodCallExpression
64479,Economy,InstanceMethodCallExpression
64480,Economy,MethodCallExpressionN
64481,Economy,InstanceMethodCallExpressionN
64482,Economy,MethodCallExpression0
64483,Economy,MethodCallExpression1
64484,Economy,MethodCallExpression2
64485,Economy,MethodCallExpression3
64486,Economy,MethodCallExpression4
64487,Economy,MethodCallExpression5
64488,Economy,InstanceMethodCallExpression0
64489,Economy,InstanceMethodCallExpression1
64490,Economy,InstanceMethodCallExpression2
64491,Economy,InstanceMethodCallExpression3
64492,Economy,NewArrayExpression
64493,Economy,<Expressions>k__BackingField
64494,Economy,NewArrayInitExpression
64495,Economy,NewArrayBoundsExpression
64497,Economy,ParameterExpression
64499,Functions,GetIsByRef
64500,Economy,ByRefParameterExpression
64501,Economy,TypedParameterExpression
64502,Economy,PrimitiveParameterExpression`1
64503,Economy,RuntimeVariablesExpression
64511,Functions,get_ReducibleMustOverrideReduce
64512,Functions,get_MustReduceToDifferent
64513,Functions,get_ReducedNotCompatible
64514,Functions,get_SetterHasNoParams
64515,Functions,get_PropertyCannotHaveRefType
64516,Functions,get_IndexesOfSetGetMustMatch
64517,Functions,get_AccessorsCannotHaveVarArgs
64518,Functions,get_AccessorsCannotHaveByRefArgs
64519,Functions,get_BoundsCannotBeLessThanOne
64520,Functions,get_TypeMustNotBeByRef
64521,Functions,get_TypeMustNotBePointer
64522,Functions,get_SetterMustBeVoid
64523,Functions,get_PropertyTypeMustMatchGetter
64524,Functions,get_PropertyTypeMustMatchSetter
64525,Functions,get_BothAccessorsMustBeStatic
64526,Functions,get_OnlyStaticFieldsHaveNullInstance
64527,Functions,get_OnlyStaticPropertiesHaveNullInstance
64528,Functions,get_OnlyStaticMethodsHaveNullInstance
64529,Functions,get_PropertyTypeCannotBeVoid
64530,Functions,get_InvalidUnboxType
64531,Economy;Functions,get_ExpressionMustBeWriteable
64532,Functions,get_ArgumentMustNotHaveValueType
64533,Functions,get_MustBeReducible
64534,Economy;Functions,get_LabelMustBeVoidOrHaveExpression
64535,Functions,get_LabelTypeMustBeVoid
64536,Economy;Functions,get_QuotedExpressionMustBeLambda
64537,Functions,get_CollectionModifiedWhileEnumerating
64538,Functions,get_CollectionReadOnly
64539,Functions,get_BindingCannotBeNull
64540,Functions,get_NoOrInvalidRuleProduced
64541,Functions,get_TypeMustBeDerivedFromSystemDelegate
64542,Functions,get_FirstArgumentMustBeCallSite
64543,Functions,get_FaultCannotHaveCatchOrFinally
64544,Functions,get_TryMustHaveCatchFinallyOrFault
64545,Functions,get_BodyOfCatchMustHaveSameTypeAsBodyOfTry
64546,Functions,get_ConversionIsNotSupportedForArithmeticTypes
64547,Functions,get_ArgumentMustBeArray
64548,Functions,get_ArgumentMustBeBoolean
64549,Functions,get_ArgumentMustBeInteger
64550,Functions,get_ArgumentMustBeArrayIndexType
64551,Functions,get_ArgumentMustBeSingleDimensionalArrayType
64552,Functions,get_ArgumentTypesMustMatch
64553,Functions,get_CoalesceUsedOnNonNullType
64554,Functions,get_IncorrectNumberOfIndexes
64555,Functions,get_IncorrectNumberOfLambdaDeclarationParameters
64556,Functions,get_LambdaTypeMustBeDerivedFromSystemDelegate
64557,Functions,get_ArgumentCannotBeOfTypeVoid
64558,Functions,get_ControlCannotLeaveFinally
64559,Functions,get_ControlCannotLeaveFilterTest
64560,Functions,get_ControlCannotEnterTry
64561,Economy;Functions,get_ControlCannotEnterExpression
64562,Functions,get_RethrowRequiresCatch
64563,Functions,get_NonAbstractConstructorRequired
64564,Economy;Functions,get_ExpressionMustBeReadable
64565,Functions,get_EnumerationIsDone
64566,Functions,get_InvalidArgumentValue
64568,Functions,get_IncorrectNumberOfLambdaArguments
64569,Functions,get_IncorrectNumberOfConstructorArguments
64570,Heroes,SwitchCase
64571,Functions,get_TestValues
64574,Heroes;Economy,SwitchExpression
64575,Heroes;Functions,get_SwitchValue
64576,Functions,get_Cases
64577,Functions,get_DefaultBody
64578,Functions,get_Comparison
64579,Heroes,<SwitchValue>k__BackingField
64583,Heroes,SwitchValue
64589,Economy,TryExpression
64590,Functions,get_Handlers
64591,Functions,get_Finally
64592,Functions,get_Fault
64597,Economy,TypeBinaryExpression
64599,Functions,get_TypeOperand
64602,Economy,UnaryExpression
64603,Functions,get_Operand
64604,Functions,get_IsPrefix
64630,Economy,System.Linq.Expressions.Interpreter
64631,Functions,get_ConsumedStack
64632,Functions,get_ProducedStack
64633,Functions,get_InstructionName
64677,Functions,GetArrayItemInstruction
64687,Functions,get_LabelIndex
64689,Functions,get_HasRuntimeLabel
64690,Functions,get_TargetIndex
64696,Functions,_targetIndex
64703,Functions,TargetIndex
64705,Functions,GetArrayAccessor
64711,Functions,TryGetLightLambdaTarget
64712,Functions,targetLambda
64732,Functions,GetLabel
64735,Functions,targetIndex
64736,Functions,labelTargetGetsValue
64737,Functions,_labelTargetGetsValue
64741,Functions,get_ProducedContinuations
64750,Functions,get_ConsumedContinuations
64768,Heroes,IntSwitchInstruction`1
64894,Functions,get_StackBalance
64895,Functions,get_ContinuationsBalance
64911,Functions,GetInstructionViews
64912,Functions,<GetInstructionViews>b__4_0
64915,Functions,UpdateStackDepth
64917,Functions,get_CurrentStackDepth
64918,Functions,get_CurrentContinuationsDepth
64919,Functions,GetInstruction
64923,Heroes,SwitchToBoxed
64943,Functions,EmitGetArrayItem
64976,Functions,updaters
64982,Progression,EmitNegateChecked
64988,Functions,GetLoadField
65023,Economy,tryExpressionEndLabel
65025,Heroes,EmitIntSwitch
65026,Heroes,EmitStringSwitch
65057,Functions,GetDebugInfo
65059,Functions,GetStackTraceDebugInfo
65066,CombatStats,PushPendingContinuation
65077,Functions,<GetStackTraceDebugInfo>d__29
65078,Economy;Functions,System.Collections.Generic.IEnumerator<System.Linq.Expressions.Interpreter.InterpretedFrameInfo>.get_Current
65079,Economy;Functions,System.Collections.Generic.IEnumerable<System.Linq.Expressions.Interpreter.InterpretedFrameInfo>.GetEnumerator
65081,Economy,System.Collections.Generic.IEnumerator<System.Linq.Expressions.Interpreter.InterpretedFrameInfo>.Current
65084,Functions,get_LocalCount
65085,Functions,get_ClosureSize
65086,Functions,get_Instructions
65087,Functions,get_ClosureVariables
65090,Functions,<LocalCount>k__BackingField
65092,Functions,LocalCount
65102,Functions,get_HasDefinitions
65105,Functions,get_HasMultipleDefinitions
65118,Functions,get_CanJumpInto
65119,Functions,ContainsTarget
65120,Functions,TryGetLabelInfo
65165,Functions,get_IsFinallyBlockExist
65166,Functions,get_IsCatchBlockExist
65168,Functions,gotoEndTargetIndex
65179,Functions,GotoEndTargetIndex
65184,Functions,GetMatchingDebugInfo
65187,Economy,System.Collections.Generic.IComparer<System.Linq.Expressions.Interpreter.DebugInfo>.Compare
65194,Economy,CompileConstantExpression
65195,Economy,CompileDefaultExpression
65198,Functions,CompileGetVariable
65202,Functions,CompileGetBoxedVariable
65205,Economy,CompileParameterExpression
65207,Economy,CompileBlockExpression
65210,Economy,CompileIndexExpression
65211,Functions,EmitIndexGet
65217,Economy,CompileAssignBinaryExpression
65218,Economy,CompileBinaryExpression
65223,Economy,CompileConvertUnaryExpression
65227,Economy,CompileNotExpression
65228,Economy,CompileUnaryExpression
65231,Economy,CompileAndAlsoBinaryExpression
65232,Economy,CompileOrElseBinaryExpression
65234,Economy,CompileLogicalBinaryExpression
65235,Economy,CompileMethodLogicalBinaryExpression
65236,Economy,CompileLiftedLogicalBinaryExpression
65237,Economy,CompileUnliftedLogicalBinaryExpression
65238,Economy,CompileConditionalExpression
65239,Economy,CompileLoopExpression
65240,Heroes;Economy,CompileSwitchExpression
65241,Heroes;Economy,CompileIntSwitchExpression
65242,Heroes;Economy,CompileStringSwitchExpression
65243,Economy,CompileLabelExpression
65244,Economy,CompileGotoExpression
65252,Economy,CompileThrowUnaryExpression
65253,Economy,CompileTryExpression
65254,Economy,CompileTryFaultExpression
65255,Economy,CompileMethodCallExpression
65262,Economy,CompileNewExpression
65263,Economy,CompileMemberExpression
65265,Economy,CompileNewArrayExpression
65266,Economy,CompileDebugInfoExpression
65267,Economy,CompileRuntimeVariablesExpression
65268,Economy,CompileLambdaExpression
65269,Economy,CompileCoalesceBinaryExpression
65270,Economy,CompileInvocationExpression
65271,Economy,CompileListInitExpression
65273,Economy,CompileMemberInitExpression
65276,Economy,CompileQuoteUnaryExpression
65277,Economy,CompileUnboxUnaryExpression
65278,Economy,CompileTypeEqualExpression
65279,Economy,CompileTypeAsExpression
65280,Economy,CompileTypeIsExpression
65289,CombatStats,PushParameters
65293,Heroes;Economy,<CompileSwitchExpression>b__56_0
65294,Heroes;Economy,<CompileSwitchExpression>b__56_1
65299,Functions,ByRefUpdater
65302,Functions,ParameterByRefUpdater
65304,Functions,ArrayByRefUpdater
65305,Functions,FieldByRefUpdater
65306,Functions,PropertyByRefUpdater
65307,Functions,IndexMethodByRefUpdater
65310,Functions,get_Interpreter
65380,Functions,get_DebugView
65381,Functions,GetRunDelegateCtor
65404,Functions,targetMethod
65426,Functions,get_IsBoxed
65428,Functions,get_InClosure
65437,Functions,TryGetLocalOrClosure
65440,Functions,_localCount
65441,Functions,_maxLocalCount
65475,Progression,NegateCheckedInstruction
65476,Progression,NegateCheckedInt32
65477,Progression,NegateCheckedInt16
65478,Progression,NegateCheckedInt64
65573,Functions,CreateGetValue
65577,Functions,s_getHashCode
65578,Functions,s_getValueOrDefault1
65581,Functions,GetValueOrDefault1
65583,Functions,GetHashCodeClass
65597,Economy,ExpressionQuoter
65598,Functions,GetBox
65600,Bosses,_shadowedVars
65605,Functions,GetPrimitiveDefaultValue
65609,Functions,GetEnumeratorWorker
65611,Functions,<GetEnumeratorWorker>d__7
65613,Economy,expando
65615,Economy;Functions,ExpandoTryGetValue
65616,Economy,ExpandoTrySetValue
65617,Economy,ExpandoTryDeleteValue
65618,Economy,ExpandoCheckVersion
65621,Economy,ExpandoPromoteClass
65623,Functions,get_Binder
65626,Functions,get_Update
65628,Functions,GetUpdateDelegate
65631,Functions,MakeUpdateDelegate
65633,Functions,CreateCustomUpdateDelegate
65636,Functions,s_cachedUpdate
65638,Functions,<CreateCustomUpdateDelegate>b__20_0
65639,Functions,<CreateCustomUpdateDelegate>b__20_1
65643,Functions,get_UpdateLabel
65647,Functions,CacheTarget
65649,Functions,GetRuleCache
65650,Functions,<UpdateLabel>k__BackingField
65658,Functions,UpdateRules
65659,Functions,GetRules
65660,Functions,GetCachedRules
65680,Functions,GetTypeRestriction
65681,Functions,GetInstanceRestriction
65682,Economy,ToExpression
65701,Functions,get_Restrictions
65702,Functions,get_RuntimeType
65703,Functions,get_LimitType
65705,Functions,BindGetMember
65708,Functions,BindGetIndex
65716,Functions,GetDynamicMemberNames
65724,Economy;Functions,GetUpdateExpression
65725,Functions,get_IsStandardBinder
65727,Economy,ExpandoClass
65729,Functions,GetTransitionList
65730,Functions,GetValueIndex
65731,Functions,GetValueIndexCaseSensitive
65732,Functions,GetValueIndexCaseInsensitive
65734,Economy,ExpandoObject
65738,Functions,get_Class
65743,Functions,TryGetValueForKey
65744,Economy,ExpandoContainsKey
65761,Economy;Functions,GetExpandoEnumerator
65762,Economy;Functions,s_expandoTryGetValue
65763,Economy,s_expandoTrySetValue
65764,Economy,s_expandoTryDeleteValue
65765,Economy,s_expandoPromoteClass
65766,Economy,s_expandoCheckVersion
65776,Economy,_expando
65777,Economy,_expandoVersion
65778,Economy,_expandoCount
65779,Economy,_expandoData
65780,Functions,<GetEnumerator>d__15
65784,Economy,MetaExpando
65786,Functions,BindGetOrInvokeMember
65790,Functions,GetClassEnsureIndex
65791,Functions,GetLimitedSelf
65792,Functions,GetRestrictions
65794,Functions,<GetDynamicMemberNames>d__6
65795,Economy,<expandoData>5__2
65797,Economy,ExpandoData
65798,Functions,UpdateClass
65799,Functions,GetAlignedSize
65801,Economy;Functions,<GetExpandoEnumerator>d__51
65804,Functions,GetIndexBinder
65805,Functions,FallbackGetIndex
65806,Functions,GetMemberBinder
65807,Functions,FallbackGetMember
65809,Functions,GetMetaObject
65824,Functions,get_Unreachable
65832,Heroes;CombatStats,RequiresArrayRange
65835,Economy,ExpressionUtils
65841,Economy,ExpressionVisitorUtils
65842,Economy,VisitBlockExpressions
65843,Functions,GetAnyStaticMethodValidated
65845,Functions,GetParametersCached
65848,Functions,GetNonNullableType
65849,Functions,GetNullableType
65866,Economy,IsLegalExplicitVariantDelegateConversion
65872,Functions,GetUserDefinedCoercionMethod
65879,Functions,GetBooleanOperator
65880,Functions,GetNonRefType
65935,Functions,GetThreadRWCount
65960,Functions,GetNumReaders
65964,Functions,get_IsReadLockHeld
65965,Functions,get_IsUpgradeableReadLockHeld
65966,Functions,get_IsWriteLockHeld
65967,Functions,get_RecursiveReadCount
65968,Functions,get_RecursiveUpgradeCount
65969,Functions,get_RecursiveWriteCount
65970,Functions,get_WaitingReadCount
65971,Functions,get_WaitingUpgradeCount
65972,Functions,get_WaitingWriteCount
66001,Functions,get_RemainingMilliseconds
66002,Economy;Functions,get_IsExpired
66005,Economy,IsExpired
66041,Functions,get_ItemConverterType
66042,Functions,get_ItemConverterParameters
66043,Functions,get_NamingStrategyType
66044,Functions,get_NamingStrategyParameters
66045,Functions,get_NamingStrategyInstance
66062,Functions,get_DefaultSettings
66076,Functions,get_ConverterType
66077,Functions,get_ConverterParameters
66087,Functions,get_WriteData
66088,Functions,get_ReadData
66095,Functions,get_MemberSerialization
66105,Functions,CalculateLength
66123,Functions,get_SupportMultipleContent
66125,Functions,get_DateTimeZoneHandling
66127,Functions,get_DateParseHandling
66129,Functions,get_FloatParseHandling
66131,Functions,get_DateFormatString
66133,Functions,get_MaxDepth
66135,Functions,get_TokenType
66153,Economy,CreateUnexpectedEndException
66156,Functions,updateIndex
66158,Functions,UpdateScopeWithFinishedValue
66162,Functions,GetTypeForCloseToken
66168,Functions,GetContentToken
66170,Progression,_quoteChar
66197,Functions,get_TraceWriter
66205,Functions,get_NullValueHandling
66210,Functions,get_MetadataPropertyHandling
66212,Functions,get_Converters
66213,Functions,get_ContractResolver
66215,Functions,get_Formatting
66216,Functions,get_CheckAdditionalContent
66232,Functions,GetReferenceResolver
66233,Functions,GetMatchingConverter
66264,Functions,get_ReferenceLoopHandling
66265,Functions,get_MissingMemberHandling
66266,Functions,get_ObjectCreationHandling
66267,Functions,get_DefaultValueHandling
66269,Functions,get_PreserveReferencesHandling
66270,Functions,get_TypeNameHandling
66271,Functions,get_TypeNameAssemblyFormatHandling
66272,Functions,get_ConstructorHandling
66273,Functions,get_EqualityComparer
66274,Functions,get_ReferenceResolverProvider
66275,Functions,get_SerializationBinder
66285,Functions,get_PropertyNameTable
66299,Economy,CreateUnexpectedCharacterException
66311,Progression,writeChar
66313,Progression,WriteCharToBuffer
66355,Functions,get_Base64Encoder
66362,Progression;Functions,UpdateCharEscapeFlags
66393,Functions,get_AutoCompleteOnClose
66395,Functions,get_Top
66396,Functions,get_ContainerPath
66397,Functions,get_DateFormatHandling
66399,Functions,get_StringEscapeHandling
66401,Functions,get_FloatFormatHandling
66407,Progression,writeChildren
66412,Functions,CalculateWriteTokenInitialDepth
66413,Functions,CalculateWriteTokenFinalDepth
66415,Functions,GetCloseTokenForType
66417,Functions,CalculateLevelsToComplete
66418,Functions,UpdateCurrentState
66464,Functions,TryGetByFirst
66465,Functions,TryGetBySecond
66507,Functions,GetDimensions
66510,Functions,JaggedArrayGetValue
66515,Functions,get_UnderlyingCollection
66603,Functions,GetDateValues
66606,Functions,get_UnderlyingDictionary
66609,Functions,get_GenericDictionary
66616,Functions,<GetEnumerator>b__29_0
66622,Functions,TryGetIndex
66623,Functions,TryGetMember
66631,Functions,get_NoArgs
66632,Functions,GetArgArray
66638,Functions,GetBinderAdapter
66639,Functions,<GetArgs>b__18_0
66643,Functions,<BindGetIndex>b__0
66646,Functions,<BindGetMember>b__0
66659,Functions,_getCSharpArgumentInfoArray
66661,Functions,_getMemberCall
66664,Functions,NoThrowGetBinderMember
66668,Economy,NoThrowExpressionVisitor
66690,Functions,get_IsUnion
66692,Functions,get_GetUnionCases
66693,Functions,set_GetUnionCases
66694,Functions,get_PreComputeUnionTagReader
66696,Functions,get_PreComputeUnionReader
66698,Functions,get_PreComputeUnionConstructor
66700,Functions,get_GetUnionCaseInfoDeclaringType
66701,Functions,set_GetUnionCaseInfoDeclaringType
66702,Functions,get_GetUnionCaseInfoName
66703,Functions,set_GetUnionCaseInfoName
66704,Functions,get_GetUnionCaseInfoTag
66705,Functions,set_GetUnionCaseInfoTag
66706,Functions,get_GetUnionCaseInfoFields
66707,Functions,set_GetUnionCaseInfoFields
66708,Functions,GetMethodWithNonPublicFallback
66717,Functions,<GetUnionCases>k__BackingField
66721,Functions,<GetUnionCaseInfoDeclaringType>k__BackingField
66722,Functions,<GetUnionCaseInfoName>k__BackingField
66723,Functions,<GetUnionCaseInfoTag>k__BackingField
66724,Functions,<GetUnionCaseInfoFields>k__BackingField
66727,Functions,GetUnionCases
66731,Functions,GetUnionCaseInfoDeclaringType
66732,Functions,GetUnionCaseInfoName
66733,Functions,GetUnionCaseInfoTag
66734,Functions,GetUnionCaseInfoFields
66756,Functions,get_ContractTypeName
66758,Functions,get_CreatedTypeName
66760,Functions,get_BuilderTypeName
66781,Functions,GetCharEscapeFlags
66788,Functions,TryGetDateFromConstructorJson
66789,Functions,TryGetDateConstructorValue
66801,Functions,CreateGet
66811,Functions,<CreateGet>b__0
66822,Functions,GetLocalName
66823,Functions,GetQualifiedNameParts
66825,Functions,GetRegexOptions
66828,Functions,get_Getter
66829,Functions,set_Getter
66830,Functions,get_Setter
66833,Functions,<Getter>k__BackingField
66835,Functions,Getter
66845,Functions,GetObjectType
66847,Functions,GetFullyQualifiedTypeName
66860,Functions,GetCollectionItemType
66862,Functions,GetDictionaryKeyValueTypes
66863,Functions,GetMemberUnderlyingType
66869,Functions,GetFieldsAndProperties
66873,Functions,GetAssemblyDelimiterIndex
66874,Functions,GetMemberInfoFromType
66876,Functions,GetChildPrivateFields
66879,Functions,GetChildPrivateProperties
66883,Functions,<GetDefaultConstructor>b__11_0
66884,Functions,<GetFieldsAndProperties>b__31_0
66885,Functions,<GetMemberInfoFromType>b__39_0
66886,Functions,<GetChildPrivateFields>b__41_0
66888,Functions,<GetFieldsAndProperties>b__1
66890,Functions,<GetChildPrivateProperties>b__0
66891,Functions,<GetChildPrivateProperties>b__1
66894,Functions,<GetChildPrivateProperties>b__2
66901,Functions,get_InternalBuffer
66928,Functions,CachedAttributeGetter`1
66938,Functions,GetNameTable
66942,Functions,get_DefaultMembersSearchFlags
66944,Functions,get_SerializeCompilerGeneratedMembers
66945,Functions,get_IgnoreSerializableInterface
66946,Functions,get_IgnoreSerializableAttribute
66948,Functions,get_IgnoreIsSpecifiedMembers
66949,Functions,get_IgnoreShouldSerializeMembers
66950,Functions,get_NamingStrategy
66955,Functions,GetExtensionDataMemberForType
66957,Functions,GetAttributeConstructor
66959,Functions,GetImmutableConstructor
66960,Functions,GetParameterizedConstructor
66962,CombatStats,MatchProperty
66967,Functions,GetDefaultCreator
66974,Functions,GetCallbackMethodsForType
66978,Functions,GetClassHierarchyForType
67004,Functions,GetResolvedPropertyName
67023,Functions,<GetEnumerator>d__2
67026,Functions,<GetSerializableMembers>b__40_0
67027,Functions,<GetSerializableMembers>b__40_1
67028,Functions,<GetExtensionDataMemberForType>b__44_0
67029,Functions,<GetExtensionDataMemberForType>b__44_1
67030,Functions,<GetAttributeConstructor>b__47_0
67038,Functions,getExtensionDataDictionary
67055,Functions,specifiedPropertyGet
67058,Functions,GetMappings
67065,Functions,GetTypeFromTypeNameKey
67066,Functions,GetGenericTypeFromTypeName
67070,Functions,get_Traced
67085,Functions,get_LevelFilter
67086,Functions,LevelFilter
67089,Functions,get_CollectionItemType
67090,Functions,get_IsMultidimensionalArray
67091,Functions,get_ShouldCreateWrapper
67092,Functions,get_CanDeserialize
67094,Functions,get_ParameterizedCreator
67095,Functions,get_OverrideCreator
67097,Functions,get_HasParameterizedCreator
67099,Functions,get_HasParameterizedCreatorInternal
67125,Functions,get_ItemContract
67127,Functions,get_FinalItemContract
67128,Functions,get_ItemConverter
67130,Functions,get_ItemIsReference
67132,Functions,get_ItemReferenceLoopHandling
67134,Functions,get_ItemTypeNameHandling
67153,Functions,ExtensionDataGetter
67155,Functions,get_CreatedType
67157,Functions,get_IsReference
67160,Functions,get_InternalConverter
67162,Functions,get_OnDeserializedCallbacks
67163,Functions,get_OnDeserializingCallbacks
67164,Functions,get_OnSerializedCallbacks
67165,Functions,get_OnSerializingCallbacks
67166,Functions,get_OnErrorCallbacks
67167,Functions,get_DefaultCreator
67169,Functions,get_DefaultCreatorNonPublic
67209,Functions,get_DictionaryKeyResolver
67211,Functions,get_DictionaryKeyType
67212,Functions,get_DictionaryValueType
67213,Functions,get_KeyContract
67226,Functions,get_PropertyNameResolver
67228,Functions,CreateCallSiteGetter
67232,Functions,_callSiteGetters
67236,Functions,GetTokenValue
67239,Functions,get_ISerializableCreator
67246,Functions,get_ItemRequired
67248,Functions,get_ItemNullValueHandling
67249,Functions,get_CreatorParameters
67251,Functions,get_ExtensionDataSetter
67253,Functions,get_ExtensionDataGetter
67254,Functions,set_ExtensionDataGetter
67256,Functions,get_ExtensionDataNameResolver
67258,Functions,get_HasRequiredOrDefaultValueProperties
67264,Functions,<ExtensionDataGetter>k__BackingField
67278,Functions,get_PropertyContract
67281,Functions,get_UnderlyingName
67283,Functions,get_ValueProvider
67286,Functions,get_Ignored
67288,Functions,get_Readable
67290,Functions,get_Writable
67292,Functions,get_HasMemberAttribute
67294,Functions,GetResolvedDefaultValue
67295,Functions,get_Required
67296,Functions,get_ShouldSerialize
67298,Functions,get_ShouldDeserialize
67299,Functions,get_GetIsSpecified
67300,Functions,set_GetIsSpecified
67301,Functions,get_SetIsSpecified
67303,Economy,_hasExplicitDefaultValue
67324,Functions,<GetIsSpecified>k__BackingField
67335,Functions,GetIsSpecified
67338,CombatStats;Functions,GetClosestMatchProperty
67340,Functions,get_DefaultReferenceMappings
67343,Functions,GetErrorContext
67353,Functions,GetContractSafe
67354,Functions,GetContract
67356,Functions,GetInternalSerializer
67362,Economy;Functions,GetExpectedDescription
67377,Functions,CalculatePropertyDetails
67384,Economy,ThrowUnexpectedEndException
67389,CombatStats,CreateObjectUsingCreatorWithParameters
67408,CombatStats,<CreateObjectUsingCreatorWithParameters>b__38_0
67409,CombatStats,<CreateObjectUsingCreatorWithParameters>b__38_2
67416,CombatStats,<CreateObjectUsingCreatorWithParameters>b__1
67428,Functions,CalculatePropertyValues
67442,Functions,GetPropertyName
67445,Functions,_rootLevel
67455,Functions,GetCachedAttribute
67458,Functions,GetDataContractAttribute
67459,Functions,GetDataMemberAttribute
67461,Functions,GetObjectMemberSerialization
67462,Functions,GetJsonConverter
67467,Functions,GetContainerNamingStrategy
67468,Functions,GetCreator
67469,Functions,GetAssociatedMetadataType
67470,Functions,GetAssociateMetadataTypeFromAttribute
67472,Functions,get_FullyTrusted
67473,Functions,get_ReflectionDelegateFactory
67480,Functions,<GetCreator>b__22_1
67481,Functions,<GetCreator>b__0
67484,Functions,get_ProcessDictionaryKeys
67486,Functions,get_ProcessExtensionDataNames
67488,Functions,get_OverrideSpecifiedNames
67491,Functions,GetExtensionDataName
67492,Functions,GetDictionaryKey
67508,Functions,GetDeserializedJsonMessage
67519,Functions,GetSerializedJsonMessage
67525,Functions,get_ChildrenTokens
67531,Functions,get_HasValues
67537,Functions,GetItem
67584,Functions,<GetDynamicMemberNames>b__2_0
67585,Functions,<GetEnumerator>d__64
67598,Functions,get_CopyAnnotations
67604,Functions,get_CommentHandling
67605,Functions,get_LineInfoHandling
67606,Functions,get_DuplicatePropertyNameHandling
67612,Functions,get_Root
67613,Functions,get_Previous
67632,Functions,get_CurrentToken
67634,Functions,GetEndToken
67651,Functions,GetStringValueType
67657,Functions,GetByteArray
67668,Functions,GetColumnDataType
67691,Economy,ExpandoObjectConverter
67693,Functions,get_DateTimeStyles
67712,Functions,get_CamelCaseText
67714,Functions,get_AllowIntegerValues
67723,Functions,get_AllowPreEpoch
67741,Functions,get_WrappedNode
67757,Functions,get_ProcessingInstruction
67764,Functions,get_Attribute
67768,Functions,get_DeserializeRootElementName
67770,Functions,get_WriteArrayAttribute
67772,Functions,get_OmitRootObject
67774,Functions,get_EncodeSpecialCharacters
67777,CombatStats,PushParentNamespaces
67865,Functions,Sirenix.Serialization.ISupportsPrefabSerialization.get_SerializationData
67875,Functions,get_CurrentNodeId
67876,Functions,get_CurrentNodeDepth
67877,Functions,get_CurrentNodeName
67878,Functions,get_Stream
67891,Functions,GetDataDump
67898,Functions,get_IsInArrayNode
67899,Functions,get_NodeDepth
67900,Functions,get_NodesArray
67903,Economy,ExpandNodes
67983,Functions,PrimitiveGetBytesMethods
68118,Functions,get_IndexIsValid
68119,Functions,get_Nodes
68145,Functions,TryGetFormatter
68150,Functions,GetFormatter
68152,Functions,GetAllPossibleMissingAOTTypes
68153,Functions,GetAllCompatiblePredefinedFormatters
68155,Functions,GetFormatterInstance
68170,Functions,<GetAllPossibleMissingAOTTypes>d__17
68189,Functions,GetCallbacks
68191,Functions,get_SerializedType
68203,Functions,Sirenix.Serialization.IFormatter.get_SerializedType
68232,Functions,WeakDoubleLookupDictionaryFormatter
68239,Functions,GetEmittedFormatter
68271,Progression;Functions,RANKS_NAME
68272,Progression;Functions,RANKS_SEPARATOR
68273,Progression;Functions,ArrayRank
68305,Functions,get_OverridePolicy
68334,Functions,get_IsFree
68341,Functions,get_MemoryStream
68353,Functions,get_AllowNonSerializableTypes
68373,Progression;Functions,arrayRank
68387,Functions,get_StringReferenceResolver
68389,Functions,get_GuidReferenceResolver
68391,Functions,get_IndexReferenceResolver
68393,Functions,get_StreamingContext
68394,Functions,get_FormatterConverter
68396,Functions,GetInternalReference
68397,Functions,GetExternalObject
68419,Functions,GetSerializableMembersMap
68425,Functions,GetContainedType
68430,Functions,GetPrivateMemberAlias
68444,Functions,get_NextResolver
68464,Functions,GetInstanceFromPath
68465,Functions,GetInstanceOfStep
68476,Functions,<GetInstanceOfStep>b__13_0
68510,Functions,get_FormatterType
68512,Functions,get_WeakFallback
68514,Functions,get_Priority
68523,Functions,get_FormatterLocatorType
68530,Functions,get_SerializationPolicy
68532,Functions,get_DebugContext
68539,Functions,get_Logger
68541,Functions,get_LoggingPolicy
68543,Functions,get_ErrorHandlingPolicy
68551,Functions,TryGetInternalReferenceId
68557,Functions,TryGetByID
68558,Functions,get_Everything
68559,Functions,get_Unity
68560,Functions,get_Strict
68565,Functions,<get_Everything>b__6_0
68566,Functions,<get_Strict>b__10_0
68567,Functions,<get_Unity>b__0
68570,Functions,GetCachedWriter
68571,Functions,GetCachedReader
68580,Functions,GetBaseFormatter
68610,Functions,GetForValue
68622,CombatStats,BaseDictionaryKeyPathProvider`1
68623,Functions,get_ProviderID
68625,Functions,GetKeyFromPathString
68626,Functions,GetPathStringFromKey
68627,CombatStats,Sirenix.Serialization.IDictionaryKeyPathProvider.Compare
68628,CombatStats;Functions,Sirenix.Serialization.IDictionaryKeyPathProvider.GetKeyFromPathString
68629,CombatStats;Functions,Sirenix.Serialization.IDictionaryKeyPathProvider.GetPathStringFromKey
68632,CombatStats,LogInvalidKeyPathProvider
68633,Functions,GetPersistentPathKeyTypes
68636,Functions,GetDictionaryKeyString
68638,Functions,GetDictionaryKeyValue
68640,Functions,GetSupportedDictionaryKeyTypesResults
68643,CombatStats,TypeToKeyPathProviders
68644,CombatStats,IDToKeyPathProviders
68656,Functions,<GetPersistentPathKeyTypes>d__14
68660,CombatStats,IDictionaryKeyPathProvider
68661,CombatStats,IDictionaryKeyPathProvider`1
68662,CombatStats,RegisterDictionaryKeyPathProviderAttribute
68708,Functions,GetFormatToSerializeAs
68710,Functions,get_OdinSerializesUnityFields
68713,Functions,get_SerializationData
68716,Functions,get_HasEditorData
68717,Functions,get_ContainsData
68732,Functions,GetReferencedUnityObjects
68736,Functions,get_CurrentPlatform
68744,Functions,CalculateOdinWillSerialize
68754,Functions,GetStringFromStreamAndReset
68759,Functions,GetCachedUnityMemberGetter
68760,Functions,GetCachedUnityMemberSetter
68761,Functions,GetCachedUnityWriter
68762,Functions,GetCachedUnityReader
68778,Functions,HasCalculatedSerializeUnityFieldsTrueResult
68779,Functions,HasCalculatedSerializeUnityFieldsFalseResult
68784,Functions,<GetCachedUnityMemberGetter>b__0
68786,Functions,<GetCachedUnityMemberSetter>b__0
68791,Functions,DeAliasField
68805,Functions,GetNiceName
68807,Functions,DeAlias
68810,Functions,GetFullName
68811,Functions,GetParamsNames
68814,Functions,DeAliasMethod
68834,Functions,DeAliasProperty
68838,Functions,GetCachedNiceName
68846,Functions,GetCastMethodDelegate
68847,Functions,GetCastMethod
68851,Functions,GetEqualityComparerDelegate
68859,Functions,GetArgumentsOfInheritedOpenGenericType
68860,Functions,GetArgumentsOfInheritedOpenGenericClass
68861,Functions,GetArgumentsOfInheritedOpenGenericInterface
68864,Functions,GetOperatorMethod
68865,Functions,GetOperatorMethods
68866,Functions,GetAllMembers
68867,Functions,GetGenericBaseType
68870,Functions,GetBaseTypes
68871,Functions,GetBaseClasses
68873,Functions,GetNiceFullName
68874,Functions,GetCompilableNiceName
68875,Functions,GetCompilableNiceFullName
68877,Functions,GetInheritanceDistance
68890,Functions,GetGenericConstraintsString
68891,Functions,GetGenericParameterConstraintsString
68894,Functions,GetEnumBitmask
68895,Functions,SafeGetTypes
68897,Functions,SafeGetCustomAttributes
68921,Economy,ExplicitCastIntegrals
68922,Functions,<GetEqualityComparerDelegate>b__37_0
68923,Functions,<GetEqualityComparerDelegate>b__37_1
68925,Functions,<GetCastMethodDelegate>b__0
68927,Functions,<GetOperatorMethod>b__0
68929,Functions,<GetOperatorMethods>b__0
68930,Functions,<GetAllMembers>d__49
68936,Functions,<GetAllMembers>d__50
68937,Functions,<GetAllMembers>d__51`1
68938,Functions,<GetBaseClasses>d__55
68941,Functions,<GetCustomAttributes>d__64`1
68949,Functions,get_MaxCacheSize
68951,Functions,Sirenix.Serialization.Utilities.ICache.get_Value
68966,Functions,TryGetInnerValue
68971,Functions,WeakValueGetter
68973,Functions,WeakValueGetter`1
68975,Functions,ValueGetter`2
68979,Functions,get_CanEmit
68981,Functions,CreateStaticFieldGetter
68982,Functions,CreateWeakStaticFieldGetter
68985,Functions,CreateInstanceFieldGetter
68986,Functions,CreateWeakInstanceFieldGetter
68989,Functions,CreateWeakInstancePropertyGetter
68993,Functions,CreateStaticPropertyGetter
68995,Functions,CreateInstancePropertyGetter
69008,Functions,<CreateWeakInstanceFieldGetter>b__0
69013,Functions,<CreateWeakInstancePropertyGetter>b__0
69018,Functions,<CreateStaticPropertyGetter>b__0
69022,Functions,<CreateInstancePropertyGetter>b__0
69031,Functions,<CreateStaticFieldGetter>b__0
69033,Functions,<CreateStaticFieldGetter>b__1
69034,Functions,<CreateWeakStaticFieldGetter>b__0
69038,Functions,<CreateInstanceFieldGetter>b__0
69067,Functions,<System-Collections-Generic-IEnumerable<System-Object>-GetEnumerator>d__25
69071,Functions,get_AliasedField
69077,Functions,get_AliasedMethod
69081,Functions,get_AliasedProperty
69101,Functions,get_hasLink
69106,Economy,vertexPadding
69113,Functions,<get_hasLink>b__24_0
69133,Functions,subscriptNestingLevel
69134,Functions,superscriptNestingLevel
69153,Functions,TryGetSimpleHref
69165,Functions,GetAttributeSpan
69219,Functions,get_EqualityContract
69226,Functions,get_NumericalValue
69227,Functions,get_ColorValue
69228,Functions,get_Vector4Value
69229,Functions,get_GlyphMetricsValue
69230,Functions,get_BoolValue
69245,Functions,get_textElementInfos
69254,CombatStats,<SortGlyphPairAdjustmentRecords>b__24_0
69255,CombatStats,<SortGlyphPairAdjustmentRecords>b__24_1
69262,Functions,GetLinkId
69277,Functions,get_meshInfos
69287,Functions,get_fontAssetCreationEditorSettings
69292,Functions,get_regularStyleWeight
69294,Functions,get_regularStyleSpacing
69296,Functions,get_boldStyleWeight
69298,Functions,get_boldStyleSpacing
69300,Functions,get_italicStyleSlant
69302,Functions,get_tabMultiple
69310,CombatStats;Functions,InitializeGlyphPairAdjustmentRecordsLookupDictionary
69311,Functions,GetCharacterInLookupCache
69316,Functions,GetGlyphInCache
69317,Functions,RegisterFontAssetForKerningUpdate
69323,Functions,TryGetGlyphVariantIndexInternal
69327,Progression,CreateCharacterAndAddToCache
69328,Functions,UpdateGlyphAdjustmentRecordsForNewGlyphs
69329,Functions,get_nativeFontAsset
69331,Functions,UpdateFallbacks
69332,Functions,UpdateWeightFallbacks
69333,Functions,UpdateFaceInfo
69334,Functions,UpdateRenderMode
69335,Functions,UpdateItalicAngle
69336,Functions,UpdateBoldWeight
69337,Functions,UpdateBoldSpacing
69338,Functions,GetFallbacks
69341,Functions,GetWeightFallbacks
69355,Functions,UpdateFallbacks_Injected
69356,Functions,UpdateWeightFallbacks_Injected
69357,Functions,UpdateFaceInfo_Injected
69369,Functions,k_FontAssets_KerningUpdateQueue
69370,Functions,k_FontAssets_KerningUpdateQueueLookup
69393,Functions,GetCharacterFromFontAssetsInternal
69395,Functions,get_spriteSheet
69406,Functions,get_nativeInstance
69412,Functions,UpdateNative_Injected
69416,Functions,get_fallbackOSFontAssets
69417,Functions,get_isFallbackOSFontAssetsInitialized
69418,Functions,GetDefaultFont
69421,Functions,GetFallbackFontAssets
69423,Functions,get_missingCharacterUnicode
69426,Functions,get_fallbackSpriteAssets
69429,Functions,get_s_GlobalSpriteAsset
69430,Progression;Functions,get_missingSpriteCharacterUnicode
69431,Progression,set_missingSpriteCharacterUnicode
69434,Functions,get_lineBreakingRules
69436,Functions,get_displayWarnings
69439,Functions,GetCachedFontAsset
69440,Functions,GetOSFontAssetList
69443,Functions,get_nativeTextSettings
69444,Functions,GetGlobalFallbacks
69446,Functions,UpdateNativeTextSettings
69460,Progression,m_MissingSpriteCharacterUnicode
69472,Progression,missingSpriteCharacterUnicode
69478,Functions,<GetGlobalFallbacks>b__0
69479,Functions,<GetGlobalFallbacks>b__1
69480,Functions,<GetGlobalFallbacks>b__2
69481,Functions,<GetGlobalFallbacks>b__3
69499,Functions,get_m_BaselineOffset
69501,Functions,get_m_LineOffset
69503,Functions,get_m_LineHeight
69505,Functions,get_m_XAdvance
69515,Functions,get_NeedToRound
69518,Functions,GetPreferredValuesInternal
69649,Functions,m_IsCalculatingPreferredValues
69685,Functions,get_CharacterCount
69705,Functions,GetHorizontalAlignment
69706,Functions,GetVerticalAlignment
69716,Functions,GetCharacterCount
69718,Functions,GetInstance_Injected
69724,Functions,GetICUAssetEditorDelegate
69726,Functions,get_CurrentGenerationIteration
69737,Functions,GetCursorLogicalIndexFromPosition
69739,Functions,GetCursorPositionFromLogicalIndex
69740,Functions,GetHighlightRectangles
69741,Functions,GetCharacterHeightFromIndex
69742,Functions,GetStartOfNextWord
69743,Functions,GetEndOfPreviousWord
69744,Functions,GetFirstCharacterIndexOnLine
69745,Functions,GetLastCharacterIndexOnLine
69746,Functions,GetLineHeight
69747,Functions,GetLineNumber
69754,Functions,GetCursorLogicalIndexFromPosition_Injected
69755,Functions,GetCursorPositionFromLogicalIndex_Injected
69756,Functions,GetHighlightRectangles_Injected
69759,Functions,get_settingsArray
69760,Functions,get_generators
69761,Functions,get_textInfosCommon
69764,Functions,get_textInfoCommon
69765,Functions,get_generator
69766,Functions,get_preferredSize
69769,Functions,get_textGenerationInfo
69771,Functions,get_TextInfoNode
69773,Functions,get_IsCachedPermanent
69774,Functions,get_IsCachedPermanentATG
69776,Functions,get_IsCachedPermanentTextCore
69778,Functions,get_IsCachedTemporary
69780,Functions,get_useAdvancedText
69781,Functions,get_characterCount
69786,Functions,UpdateCurrentFrame
69787,Functions,UpdatePreferredValues
69788,Functions,UpdateWithHash
69789,Functions,UpdatePreferredSize
69791,Functions,GetLineHeightDefault
69793,Functions,GetCursorPositionFromStringIndexUsingCharacterHeight
69795,Functions,GetCursorPositionFromStringIndexUsingLineHeight
69797,Functions,GetCorrespondingStringIndex
69798,Functions,GetLineInfoFromCharacterIndex
69799,Functions,GetLineHeightFromCharacterIndex
69833,Functions,<get_settingsArray>b__6_0
69834,Functions,<get_generators>b__9_0
69835,Functions,<get_textInfosCommon>b__12_0
69872,Heroes,MAGENTA
69879,Functions,get_ShaderRef_Sprite
69885,Functions,GetTextFontWeightIndex
69887,Functions,get_leadingCharactersLookup
69888,Functions,get_followingCharactersLookup
69904,Functions,get_normalTrigger
69906,Functions,get_highlightedTrigger
69908,Functions,get_pressedTrigger
69910,Functions,get_selectedTrigger
69912,Functions,get_disabledTrigger
69929,Functions,get_onClick
69944,Functions,MaxUpdateValue
69951,Functions,PerformUpdate
69961,Functions,m_PerformingLayoutUpdate
69962,Functions,m_PerformingGraphicUpdate
69963,Functions,m_CanvasUpdateProfilerStrings
69964,Functions,m_CullingUpdateProfilerString
69967,Functions,get_normalColor
69969,Functions,get_highlightedColor
69971,Functions,get_pressedColor
69973,Functions,get_selectedColor
69975,Functions,get_disabledColor
69977,Functions,get_colorMultiplier
69979,Functions,get_fadeDuration
70003,Functions,GetCanvasRect
70007,Functions,get_factory
70009,Heroes,CreateImage
70010,Heroes,CreateRawImage
70015,Heroes,s_ImageElementSize
70025,Functions,get_defaultFontData
70026,Functions,get_bestFit
70028,Functions,get_alignByGeometry
70030,Functions,get_horizontalOverflow
70032,Functions,get_verticalOverflow
70045,Functions,FontUpdateTracker
70051,Functions,get_defaultGraphicMaterial
70052,Functions,get_raycastTarget
70053,Functions,set_raycastTarget
70054,Functions,get_raycastPadding
70056,Functions,get_useLegacyMeshGeneration
70060,Functions,get_canvas
70065,Functions,get_workerMesh
70070,Functions,GetPixelAdjustedRect
70081,Functions,m_SkipLayoutUpdate
70082,Functions,m_SkipMaterialUpdate
70083,Functions,m_RaycastTarget
70084,Functions,m_RaycastTargetCache
70099,Functions,raycastTarget
70104,Functions,get_sortOrderPriority
70105,Functions,get_renderOrderPriority
70106,Functions,get_ignoreReversedGraphics
70108,Functions,get_blockingObjects
70110,Functions,get_blockingMask
70113,Functions,get_eventCamera
70137,Functions,GetGraphicsForCanvas
70138,Functions,GetRaycastableGraphicsForCanvas
70145,Functions,RecalculateMasking
70147,Functions,get_overrideSprite
70149,Functions,get_activeSprite
70150,Functions,get_preserveAspect
70152,Functions,get_fillCenter
70154,Functions,get_fillMethod
70156,Functions,get_fillAmount
70158,Functions,get_fillClockwise
70160,Functions,get_fillOrigin
70162,Functions,get_eventAlphaThreshold
70164,Functions,get_alphaHitTestMinimumThreshold
70166,Functions,get_useSpriteMesh
70168,Functions,get_defaultETC1GraphicMaterial
70169,Functions,get_hasBorder
70170,Functions,get_pixelsPerUnitMultiplier
70172,Functions,get_multipliedPixelsPerUnit
70176,Functions,GetDrawingDimensions
70179,Functions,get_secondaryTextures
70198,Functions,GetAdjustedBorders
70205,Heroes,RebuildImage
70206,Heroes,TrackImage
70207,Heroes,UnTrackImage
70229,Heroes,m_TrackedTexturelessImages
70255,Functions,get_cachedInputTextGenerator
70256,Functions,get_onValueChange
70259,Functions,UpdateCaretMaterial
70260,Functions,GetInternalSelection
70261,Functions,UpdateKeyboardCaret
70262,Functions,UpdateCaretFromKeyboard
70264,Functions,GetUnclampedCharacterLineFromPosition
70265,Functions,GetCharacterIndexFromPosition
70271,Functions,GetLineStartPosition
70272,Functions,GetLineEndPosition
70274,Heroes;CombatStats;Functions,SetDrawRangeToContainCaretPosition
70289,Functions,get_aspectMode
70291,Functions,UpdateRect
70292,Functions,GetSizeDeltaToProduceSize
70311,Functions,get_uiScaleMode
70313,Functions,get_referencePixelsPerUnit
70315,Functions,get_scaleFactor
70317,Functions,get_matchWidthOrHeight
70319,Functions,get_physicalUnit
70321,Functions,get_fallbackScreenDPI
70323,Functions,get_defaultSpriteDPI
70325,Functions,get_dynamicPixelsPerUnit
70360,Functions,get_horizontalFit
70362,Functions,get_verticalFit
70373,Functions,get_startCorner
70375,Functions,get_startAxis
70377,Functions,get_cellSize
70379,Functions,get_spacing
70381,Functions,get_constraint
70383,Functions,get_constraintCount
70407,Economy;Functions,get_childForceExpandWidth
70408,Economy,set_childForceExpandWidth
70409,Economy;Functions,get_childForceExpandHeight
70410,Economy,set_childForceExpandHeight
70411,Functions,get_childControlWidth
70413,Functions,get_childControlHeight
70415,Functions,get_childScaleWidth
70417,Functions,get_childScaleHeight
70419,Heroes;Economy;CombatStats;Functions,get_reverseArrangement
70420,Heroes;Economy;CombatStats,set_reverseArrangement
70421,Functions,CalcAlongAxis
70424,Economy,childForceExpand
70427,Functions,GetChildSizes
70428,Economy,m_ChildForceExpandWidth
70429,Economy,m_ChildForceExpandHeight
70434,Heroes;Economy;CombatStats,m_ReverseArrangement
70435,Economy,childForceExpandWidth
70436,Economy,childForceExpandHeight
70441,Heroes;Economy;CombatStats,reverseArrangement
70447,Functions,get_ignoreLayout
70462,Functions,get_childAlignment
70464,Functions,get_rectChildren
70465,Functions,GetTotalMinSize
70466,Functions,GetTotalPreferredSize
70467,Functions,GetTotalFlexibleSize
70469,Functions,GetStartOffset
70470,Functions,GetAlignmentOnAxis
70477,Functions,get_isRootLayoutGroup
70494,Functions,PerformLayoutCalculation
70508,Functions,GetPreferredSize
70509,Functions,GetFlexibleSize
70510,Functions,GetFlexibleWidth
70511,Functions,GetMinHeight
70512,Functions,GetFlexibleHeight
70513,Functions,GetLayoutProperty
70514,Functions,<GetMinWidth>b__3_0
70515,Functions,<GetPreferredWidth>b__4_0
70516,Functions,<GetPreferredWidth>b__4_1
70517,Functions,<GetFlexibleWidth>b__5_0
70518,Functions,<GetMinHeight>b__6_0
70519,Functions,<GetPreferredHeight>b__7_0
70520,Functions,<GetPreferredHeight>b__7_1
70521,Functions,<GetFlexibleHeight>b__8_0
70524,Functions,get_showMaskGraphic
70526,Functions,get_graphic
70534,Progression,Notify2DMaskStateChanged
70535,Progression,NotifyStencilStateChanged
70537,Functions,GetStencilDepth
70540,Functions,GetRectMaskForClippable
70543,Functions,GetRectMasksForClip
70545,Progression;Functions,get_onCullStateChanged
70546,Progression,set_onCullStateChanged
70547,Functions,get_maskable
70549,Functions,get_isMaskingGraphic
70552,Functions,UpdateCull
70553,Progression,ParentMaskStateChanged
70554,Functions,get_rootCanvasRect
70555,Functions,UpdateClipParent
70557,Functions,m_ShouldRecalculateStencil
70562,Progression,m_OnCullStateChanged
70563,Functions,m_ShouldRecalculate
70566,Progression,onCullStateChanged
70570,Progression,CullStateChangedEvent
70574,Functions,GetRelativeMousePositionForDrag
70575,Functions,GetRelativeMousePositionForRaycast
70577,Functions,get_wrapAround
70579,Functions,get_selectOnUp
70581,Functions,get_selectOnDown
70583,Functions,get_selectOnLeft
70585,Functions,get_selectOnRight
70587,Functions,get_defaultNavigation
70600,Economy,Explicit
70601,Heroes,RawImage
70602,Functions,get_uvRect
70606,Functions,get_softness
70608,Functions,get_Canvas
70609,Functions,get_canvasRect
70610,Functions,UpdateClipSoftness
70614,Functions,m_MaskableTargets
70615,Functions,m_ClipTargets
70616,Functions,m_ShouldRecalculateClipRects
70622,Functions,get_movementType
70624,Functions,get_inertia
70626,Functions,get_decelerationRate
70628,Functions,get_viewport
70630,Functions,get_horizontalScrollbar
70632,Functions,get_horizontalScrollbarVisibility
70634,Functions,get_verticalScrollbarVisibility
70636,Functions,get_horizontalScrollbarSpacing
70638,Functions,get_verticalScrollbarSpacing
70640,Functions,get_viewRect
70641,Functions,get_velocity
70643,Functions,UpdateCachedData
70648,Functions,UpdatePrevData
70649,Functions,UpdateScrollbars
70650,Functions,get_normalizedPosition
70652,Functions,get_horizontalNormalizedPosition
70654,Functions,get_verticalNormalizedPosition
70662,Functions,get_hScrollingNeeded
70663,Functions,get_vScrollingNeeded
70664,Functions,UpdateScrollbarVisibility
70669,Functions,UpdateOneScrollbarVisibility
70670,Functions,UpdateScrollbarLayout
70671,Functions,UpdateBounds
70675,Functions,GetBounds
70677,Functions,InternalGetBounds
70678,Functions,CalculateOffset
70681,Functions,InternalCalculateOffset
70693,Functions,m_PointerStartLocalCursor
70704,Economy,m_HSliderExpand
70705,Economy,m_VSliderExpand
70729,Economy,AutoHideAndExpandViewport
70732,Functions,get_handleRect
70734,Functions,get_numberOfSteps
70736,Functions,get_stepSize
70737,Functions,UpdateCachedReferences
70738,Functions,get_reverseValue
70739,Functions,UpdateVisuals
70742,Functions,DoUpdateDrag
70755,Functions,m_DelayedUpdateVisuals
70766,Functions,get_allSelectablesArray
70767,Functions,get_allSelectableCount
70768,Functions,get_allSelectables
70771,Functions,get_navigation
70773,Functions,get_transition
70775,Functions,get_colors
70777,Functions,get_spriteState
70779,Functions,get_animationTriggers
70781,Functions,get_targetGraphic
70782,Functions,set_targetGraphic
70783,Functions,get_interactable
70785,Functions,get_isPointerInside
70793,Functions,get_currentSelectionState
70796,Functions,GetPointOnRectEdge
70814,Functions,m_TargetGraphic
70827,Functions,targetGraphic
70837,Functions,get_fillRect
70839,Functions,get_wholeNumbers
70841,Functions,get_normalizedValue
70845,Heroes,m_FillImage
70854,Functions,get_highlightedSprite
70856,Functions,get_pressedSprite
70858,Functions,get_selectedSprite
70860,Functions,get_disabledSprite
70882,Functions,get_cachedTextGenerator
70883,Functions,get_cachedTextGeneratorForLayout
70885,Functions,get_supportRichText
70887,Functions,get_resizeTextForBestFit
70889,Functions,get_resizeTextMinSize
70891,Functions,get_resizeTextMaxSize
70895,Functions,GetGenerationSettings
70896,Functions,GetTextAnchorPivot
70912,Functions,get_isOn
70923,Heroes;Functions,get_allowSwitchOff
70924,Heroes,set_allowSwitchOff
70932,Functions,GetFirstActiveToggle
70934,Heroes,m_AllowSwitchOff
70936,Heroes,allowSwitchOff
70940,Functions,get_Singleton
70943,Functions,getRaycastNonAlloc
70945,Functions,getRayIntersectionAll
70946,Functions,getRayIntersectionAllNonAlloc
70950,Functions,GetRaycastNonAllocCallback
70952,Functions,GetRayIntersectionAllCallback
70953,Functions,GetRayIntersectionAllNonAllocCallback
70956,Functions,get_currentVertCount
70957,Functions,get_currentIndexCount
70968,Functions,GetUIVertexStream
70987,Functions,get_effectColor
70989,Functions,get_effectDistance
70991,Functions,get_useGraphicAlpha
70993,Bosses,ApplyShadowZeroAlloc
70994,Bosses,ApplyShadow
71012,Functions,get_eventSystem
71013,Functions,get_isCurrentFocusedPanel
71014,Functions,get_currentFocusedElement
71025,Functions,UpdatePointerEventTarget
71035,Functions,get_screenPosition
71037,Functions,get_screenDelta
71040,Functions,get_document
71042,Functions,get_elementUnderPointer
71044,Functions,ComputeTarget
71045,Heroes;CombatStats,<Read>g__InRange|114_0
71058,Functions,get_overrideUIToolkitEvents
71060,Functions,get_handlerTypes
71062,Functions,get_worldPickingLayers
71064,Functions,get_worldPickingMaxDistance
71066,Functions,get_createDefaultPanelComponents
71068,Functions,get_shouldTrackPanels
71072,Functions,UpdatePanelGameObject
71080,Functions,UpdatePanelTracking
71081,Functions,UpdatePanelGameObjects
71110,Functions,get_camera
71112,Functions,GetWorldRay
71117,Functions,get_moveVector
71119,Functions,get_moveDir
71125,Functions,get_used
71128,Functions,get_currentInputModule
71129,Functions,get_selectedObject
71134,Functions,get_pointerEnter
71136,Functions,get_lastPress
71138,Functions,get_rawPointerPress
71140,Functions,get_pointerDrag
71142,Functions,get_pointerClick
71144,Functions,get_pointerCurrentRaycast
71146,Functions,get_pointerPressRaycast
71148,Functions,get_eligibleForClick
71150,Functions,get_pressPosition
71152,Functions,get_worldPosition
71154,Functions,get_worldNormal
71156,Functions,get_clickTime
71158,Functions,get_scrollDelta
71160,Functions,get_useDragThreshold
71162,Functions,get_fullyExited
71164,Functions,get_reentered
71168,Functions,get_enterEventCamera
71169,Functions,get_pressEventCamera
71170,Functions,get_pointerPress
71226,Functions,IUpdateSelectedHandler
71233,Functions,get_sendNavigationEvents
71235,Functions,get_pixelDragThreshold
71237,Functions,get_firstSelectedGameObject
71239,Functions,get_currentSelectedGameObject
71240,Functions,get_lastSelectedGameObject
71241,Functions,UpdateModules
71242,Functions,get_alreadySelecting
71244,Functions,get_baseEventDataCache
71249,Functions,get_uiToolkitInterop
71250,Functions,get_isOverridingUIToolkitEvents
71268,Economy,s_UIToolkitOverrideConfigOld
71278,Economy,UIToolkitOverrideConfigOld
71280,Functions,get_delegates
71282,Functions,get_triggers
71295,Functions,UpdateSelected
71301,Functions,get_pointerMoveHandler
71302,Functions,get_pointerEnterHandler
71303,Functions,get_pointerExitHandler
71304,Functions,get_pointerDownHandler
71305,Functions,get_pointerUpHandler
71306,Functions,get_pointerClickHandler
71307,Functions,get_initializePotentialDrag
71308,Functions,get_beginDragHandler
71309,Functions,get_dragHandler
71310,Functions,get_endDragHandler
71311,Functions,get_dropHandler
71312,Functions,get_scrollHandler
71313,Functions,get_updateSelectedHandler
71314,Functions,get_selectHandler
71315,Functions,get_deselectHandler
71316,Functions,get_moveHandler
71317,Functions,get_submitHandler
71318,Functions,get_cancelHandler
71320,Functions,GetEventChain
71325,Functions,GetEventList
71339,Functions,s_UpdateSelectedHandler
71357,Functions,updateSelectedHandler
71364,Functions,get_imeCompositionMode
71366,Functions,get_compositionCursorPos
71368,Functions,GetMouseButton
71369,Functions,get_mouseScrollDelta
71370,Functions,get_mouseScrollDeltaPerTick
71371,Functions,get_touchSupported
71380,Functions,get_sendPointerHoverToParent
71382,Functions,get_inputOverride
71388,Functions,newEnterTarget
71391,Functions,GetAxisEventData
71392,Functions,GetBaseEventData
71396,Functions,UpdateModule
71401,Functions,GetNavigationEventDeviceType
71411,Functions,GetPointerData
71415,CombatStats;Functions,GetTouchPointerEventData
71418,Functions,GetMousePointerEventData
71419,Functions,GetLastPointerEventData
71434,Functions,get_eventData
71441,Functions,GetButtonState
71451,Functions,get_inputMode
71452,Functions,get_allowActivationOnMobileDevice
71454,Functions,get_forceModuleActive
71456,Functions,get_inputActionsPerSecond
71458,Functions,get_repeatDelay
71460,Functions,get_horizontalAxis
71462,Functions,get_verticalAxis
71464,Functions,get_submitButton
71466,Functions,get_cancelButton
71471,CombatStats,ProcessTouchPress
71476,Functions,SendUpdateEventToSelectedObject
71478,Functions,GetCurrentFocusedGameObject
71499,Functions,get_allowActivationOnStandalone
71513,Functions,GetRaycasters
71517,Functions,get_priority
71518,Functions,get_rootRaycaster
71524,Functions,get_finalEventMask
71526,Functions,get_maxRayIntersections
71546,Functions,GetSystemNanoTime
71547,Functions,GetPackageInstallerName
71591,Progression,GenerateCharKey
71599,Progression,GenerateCharArrayKey
71611,Functions,GetReliableTicks
71612,Functions,GetEnvironmentTicks
71613,Functions,GetRealtimeTicks
71614,Functions,GetDspTicks
71617,Functions,CalculateHash
71623,CombatStats,SpeedHackProofTime
71626,Functions,UpdateTimeValuesFromUnityTime
71627,Functions,UpdateReliableTimeValues
71628,CombatStats,OnSpeedHackDetected
71630,CombatStats,speedHackDetected
71636,Functions,reliableTimeSinceLevelLoad
71646,Functions,GetPrefsDataFromValue
71648,Functions,GetValueFromPrefsData
71649,Functions,GetValueFromData
71650,Functions,GetBytesFromValue
71651,Functions,GetValueFromBytes
71655,Functions,GetStorageDataType
71674,Heroes;CombatStats,RangeIntType
71680,Functions,get_DeviceId
71683,Functions,GetDeviceId
71685,Functions,get_MigratingFromACTkV1
71687,Functions,get_DeviceIdHash
71691,Progression;Functions,CalculateChecksum
71699,Functions,DeviceLockLevel
71701,Functions,get_Sensitivity
71714,Functions,get_CurrentSettings
71715,Functions,get_FileExists
71716,Functions,get_FilePath
71723,Functions,deviceLockLevel
71737,Functions,CalculateHashInternal
71742,Functions,get_Byte1
71744,Functions,get_Byte2
71746,Functions,get_Byte3
71748,Functions,get_Byte4
71750,Functions,get_ObscurationMode
71765,Heroes;CombatStats,FileDamaged
71772,Functions,get_CheatingDetected
71773,Functions,get_DataIsNotGenuine
71774,Functions,get_DataFromAnotherDevice
71786,Functions,get_IsInited
71788,Functions,get_IsLoaded
71789,Functions,get_IsExists
71790,Functions,get_IsSaved
71793,Functions,get_LastFileReadResult
71795,Functions,get_LastFileWriteResult
71797,Functions,get_SerializationSettings
71799,Functions,get_PrefsFile
71841,Functions,GetSerializer
71843,Functions,get_SerializationKind
71852,Functions,get_LocationKind
71853,Functions,get_EncryptionSettings
71854,Functions,get_DeviceLockSettings
71855,Functions,get_ValidateDataIntegrity
71856,Functions,get_AutoSave
71881,Functions,GetDecimal
71883,Functions,GetLong
71885,Functions,GetULong
71887,Functions,GetBool
71891,Functions,GetVector2
71893,Functions,GetVector3
71895,Functions,GetQuaternion
71896,Functions,GetRect
71899,Functions,GetCryptoKey
71901,Functions,GetRawValueType
71907,Functions,GetEncryptedPrefsString
71912,Functions,get_CryptoKey
71913,Functions,get_DeviceIdHolder
71918,Functions,get_lockToDevice
71920,Functions,get_readForeignSaves
71922,Functions,get_emergencyMode
71926,Functions,GetRawValue
71958,Functions,GetEncrypted
71960,Functions,GetDecrypted
72017,Functions,GetDecryptedToChars
72019,Functions,GetStringObsolete
72020,Functions,GetBytesObsolete
72039,Functions,get_BuildPath
72040,Functions,get_FileHashes
72041,Functions,get_SummaryHash
72042,Functions,get_DurationSeconds
72049,Functions,CalculateSummaryCodeHash
72061,Functions,get_LastResult
72063,Functions,IsTargetPlatformCompatible
72064,Functions,AddToSceneOrGetExisting
72071,Functions,CalculationAwaiter
72078,Functions,<CalculationAwaiter>d__22
72097,Functions,get_Ignores
72109,Functions,get_DefaultGroup
72113,Bosses,FiltersProducer
72116,Functions,GetFileFiltersAndroid
72117,Functions,GetFileFiltersStandaloneWindows
72118,Functions,GetCodeFiltersForAndroid
72119,Functions,GetContentFiltersForAndroid
72120,Functions,GetAllFiltersForAndroid
72121,Functions,GetCodeFiltersForWindows
72122,Functions,GetContentFiltersForWindows
72123,Functions,GetAllFiltersForWindows
72125,Functions,get_CodeHash
72145,Functions,GetBuildHashes
72149,Functions,<GetBuildHashes>b__1_0
72151,Functions,<GetBuildHashes>b__1
72163,Functions,get_PackageName
72164,Functions,get_DetectedSource
72166,Functions,GetStoreName
72172,Functions,GetAppInstallationSource
72179,Functions,get_IsCheatDetected
72181,Functions,get_IsStarted
72209,Functions,get_SourceType
72210,Functions,get_ObscuredValue
72211,Functions,get_FakeValue
72220,Functions,get_LastDetectionInfo
72222,Functions,get_ExistsAndIsRunning
72233,CombatStats,SpeedHackDetector
72234,Functions,get_UseDsp
72237,CombatStats,coolDown
72240,CombatStats,shotsTillCooldown
72247,CombatStats,currentCooldownShots
72255,Functions,get_CachedCertificateHandler
72258,Functions,get_RequestUrl
72260,Functions,get_LastError
72262,Functions,get_LastOnlineTimeResult
72264,Functions,get_IsCheckingForCheat
72268,Functions,GetOnlineTimeCoroutine
72269,Functions,GetOnlineTimeTask
72273,Functions,TryGetDate
72281,Functions,GetAndroidSDKLevel
72284,Functions,GetOnlineTime
72291,Functions,gettingOnlineTime
72292,Functions,sdkLevel
72307,Functions,updateAfterPause
72319,Functions,get_ErrorResponseCode
72320,Functions,get_OnlineSecondsUtc
72321,Functions,get_OnlineDateTimeUtc
72341,Functions,<GetOnlineTimeCoroutine>d__57
72342,Functions,<GetOnlineTimeCoroutine>d__58
72345,Functions,<GetOnlineTimeTask>d__62
72348,Functions,get_CheckRigidbody
72350,Functions,get_CheckController
72352,Functions,get_CheckWireframe
72354,Functions,get_CheckRaycast
72358,Functions,UpdateServiceContainer
72423,Functions,GetUnityInfo
72435,Functions,get_AccessedApi
72447,Functions,get_GetOrCreateInstance
72454,Functions,GetOrCreateInstance
72456,Functions,warmUpDeviceIdentifier
72458,Functions,GetPersistentDataPath
72460,Functions,<GetDeviceUniqueIdentifier>g__GetDeviceID|4_0
72483,Functions,GetPointOnSegment
72485,Functions,GetSegmentPointCloud
72487,Functions,get_logBehaviour
72489,Functions,get_debugStoreTargetId
72490,Functions,set_debugStoreTargetId
72491,Functions,get_isQuitting
72503,Functions,ManualUpdate
72522,Functions,targetOrId
72524,Functions,excludeTargetsOrIds
72531,Functions,idsOrTargetsToExclude
72560,Functions,TweensByTarget
72573,Functions,_fooDebugStoreTargetId
72574,Functions,defaultUpdateType
72589,Functions,debugStoreTargetId
72593,Functions,onVirtualUpdate
72622,Economy,InExpo
72623,Economy,OutExpo
72624,Economy,InOutExpo
72688,CombatStats,pathPercentage
72689,Functions,PathGetPoint
72691,Functions,PathGetDrawPoints
72702,Functions,UpdateDelay
72707,Functions,updateNotice
72734,Bosses,DOShadowStrength
72766,CombatStats,DOPunchPosition
72808,Bosses,<DOShadowStrength>b__0
72809,Bosses,<DOShadowStrength>b__1
72873,CombatStats,<DOPunchPosition>b__0
72874,CombatStats,<DOPunchPosition>b__1
72952,Functions,isIndependentUpdate
72953,Functions,SetUpdate
72954,Functions,updateType
72965,CombatStats,isSpeedBased
72966,CombatStats,SetSpeedBased
72971,Functions,onUpdate
73023,Functions,get_isRelative
73025,Functions,get_fullPosition
73027,Functions,get_hasLoops
73028,Functions,get_playedOnce
73039,Functions,debugTargetId
73048,Functions,startupDone
73068,Functions,DoUpdateDelay
73073,Functions,DOStartupDurationBased
73077,Functions,UpdateType
73088,CombatStats;Functions,GetSpeedBasedDuration
73092,Functions,GetPositionOnCircle
73098,CombatStats,PathPlugin
73099,CombatStats,pathPerc
73110,Functions,GetEulerValForCalculations
73173,Functions,GetOptions
73177,Functions,GetDefaultPlugin
73178,Functions,GetCustomPlugin
73200,Functions,get_minInputWaypoints
73216,Functions,currTargetVal
73218,CombatStats,ConvertToConstantPathPerc
73220,Functions,GetWaypointIndexFromPerc
73222,Functions,GetDrawPoints
73252,Functions,DOGetter`1
73255,Functions,get_logPriority
73268,Functions,GetDebugDataMessage
73282,Functions,inspectorUpdater
73316,CombatStats,textMeshProEnabled
73332,Functions,get_totMissingTargetOrFieldErrors
73333,Functions,set_totMissingTargetOrFieldErrors
73334,Functions,get_totCallbackErrors
73336,Functions,get_totStartupErrors
73338,Functions,get_totUnsetErrors
73340,Functions,GetTotErrors
73341,Functions,<totMissingTargetOrFieldErrors>k__BackingField
73345,Functions,totMissingTargetOrFieldErrors
73350,Functions,TargetOrFieldMissing
73356,Functions,GetTweener
73357,Functions,GetSequence
73358,Functions,SetUpdateType
73360,CombatStats;Functions,DespawnAll
73362,CombatStats;Functions,Despawn
73370,Functions,isSingleTweenManualUpdate
73379,Functions,GetActiveTweens
73380,Functions,GetTweensById
73381,Functions,DoGetTweensById
73382,Functions,GetTweensByTarget
73388,CombatStats;Functions,DespawnActiveTweens
73419,Functions,isUpdateLoop
73431,CombatStats;Functions,_despawnAllCalledFromUpdateLoopCallback
73440,Functions,GetPointOnCircle
73442,Functions,GetLooseScriptType
73447,Progression,ValidateChangeValueType
73453,Functions,TargetOrId
73454,Functions,TargetAndId
73455,Functions,AllExceptTargetsOrIds
73456,Functions,DOGetter
73462,Functions,UpdateNotice
73464,Functions,IgnoreOnUpdate
73562,Heroes,UsecaseSwitcher
73573,Functions,get_LocalTime
73574,Functions,get_DeltaTime
73577,Functions,get_MainThread
73579,Functions,get_CurrentCoroutine
73580,Functions,get_currentCoroutine
73594,Functions,UpdateTimeValues
73595,Functions,GetSegmentTime
73601,Economy,CoindexPeek
73640,Functions,TimeBetweenSlowUpdateCalls
73642,Functions,UpdateCoroutines
73643,Functions,FixedUpdateCoroutines
73644,Functions,LateUpdateCoroutines
73645,Functions,SlowUpdateCoroutines
73654,Functions,_currentUpdateFrame
73655,Functions,_currentLateUpdateFrame
73656,Functions,_currentSlowUpdateFrame
73657,Functions,_nextUpdateProcessSlot
73658,Functions,_nextLateUpdateProcessSlot
73659,Functions,_nextFixedUpdateProcessSlot
73660,Functions,_nextSlowUpdateProcessSlot
73661,Functions,_lastUpdateProcessSlot
73662,Functions,_lastLateUpdateProcessSlot
73663,Functions,_lastFixedUpdateProcessSlot
73664,Functions,_lastSlowUpdateProcessSlot
73665,Functions,_lastUpdateTime
73666,Functions,_lastLateUpdateTime
73667,Functions,_lastFixedUpdateTime
73668,Functions,_lastSlowUpdateTime
73669,Functions,_lastSlowUpdateDeltaTime
73670,Functions,_framesSinceUpdate
73671,Economy,_expansions
73679,Functions,UpdateProcesses
73680,Functions,LateUpdateProcesses
73681,Functions,FixedUpdateProcesses
73682,Functions,SlowUpdateProcesses
73683,Functions,UpdatePaused
73684,Functions,LateUpdatePaused
73685,Functions,FixedUpdatePaused
73686,Functions,SlowUpdatePaused
73687,Functions,UpdateHeld
73688,Functions,LateUpdateHeld
73689,Functions,FixedUpdateHeld
73690,Functions,SlowUpdateHeld
73710,Functions,SlowUpdate
73720,Functions,get_SupportsInstancing
73725,Functions,targetBuffer
73728,Economy,vertexParams
73741,Functions,GetMSAA
73742,Functions,GetRenderPipelineMSAA
73744,Functions,GetBackKeyword
73745,Functions,GetTextureArrayCutoutKeyword
73747,Functions,GetDilateQualityKeyword
73748,Functions,GetEnabledInfoBufferKeyword
73749,Economy;Functions,GetEdgeMaskKeyword
73750,Functions,GetInfoBufferStageKeyword
73751,Functions,GetBlurKeyword
73752,Functions,GetCutoutKeyword
73753,Functions,GetAllBlurKeywords
73754,Functions,GetAllDilateKeywords
73772,Functions,ForceRecalculate
73777,Functions,get_RenderStyle
73779,Functions,get_ComplexMaskingMode
73781,Functions,get_ComplexMaskingEnabled
73782,Functions,get_DrawingMode
73784,Functions,get_OutlineLayer
73786,Functions,get_OutlineTargets
73787,Functions,get_OutlineParameters
73788,Functions,get_BackParameters
73789,Functions,get_NeedFillMask
73790,Functions,get_FrontParameters
73791,Functions,get_IsObstacle
73792,Functions,TryAddTarget
73793,Functions,RemoveTarget
73795,Functions,UpdateVisibility
73796,Functions,ValidateTargets
73798,Functions,GetAllActiveOutlinables
73799,Functions,GetSubmeshCount
73808,Functions,outlineTargets
73813,Functions,shouldValidateTargets
73817,Functions,OutlineTargets
73824,Functions,get_Color
73826,Functions,get_DilateShift
73828,Functions,get_BlurShift
73830,Functions,get_FillPass
73837,Functions,<UpdateVisibility>b__46_0
73838,Functions,<UpdateVisibility>b__46_1
73839,Functions,<ValidateTargets>b__50_0
73852,Functions,GetBlurShift
73853,Functions,GetMaskingValueForMode
73855,Functions,PrepareTargets
73857,Functions,SetupDilateKeyword
73865,Functions,targetSurface
73894,Functions,TargetHash
73895,Functions,InfoTargetHash
73913,Functions,OutlineTargetGroup
73962,CombatStats,MeshPool
73971,Functions,DepthTarget
73977,Functions,TargetWidth
73978,Functions,TargetHeight
73991,Functions,OutlineTarget
73992,Functions,get_Renderer
73993,Functions,get_UsesCutout
73994,Functions,get_CutoutTextureIndex
73996,Functions,get_ShiftedSubmeshIndex
73997,Functions,get_CutoutTextureId
73998,Functions,get_CutoutTextureName
74000,Functions,get_EdgeDilateAmount
74002,Functions,get_FrontEdgeDilateAmount
74004,Functions,get_BackEdgeDilateAmount
74036,Functions,get_InfoRendererScale
74038,Functions,get_PrimarySizeReference
74040,Functions,get_PrimaryBufferSizeMode
74042,Functions,get_Event
74043,Functions,get_RenderingStrategy
74045,Functions,get_RenderStage
74047,Functions,get_DilateQuality
74049,Functions,get_RenderingMode
74051,Functions,get_OutlineLayerMask
74053,Functions,get_PrimaryRendererScale
74055,Functions,get_BlurIterrations
74057,Functions,get_BlurIterations
74059,Functions,get_BlurType
74061,Functions,get_DilateIterration
74063,Functions,get_DilateIterations
74065,Functions,targetCamera
74067,Functions,UpdateBuffer
74071,Functions,UpdateSharedParameters
74072,Functions,UpdateParameters
74090,Functions,get_CurrentAsset
74092,Functions,RenderTargetUtility
74093,Functions,GetDepthSliceForEye
74094,Functions,ComposeTarget
74098,Functions,GetTargetInfo
74099,Functions,GetHDRFormat
74109,Functions,get_Shader
74111,Functions,get_Material
74121,Functions,TargetStateListener
74124,Functions,ForceUpdate
74127,Functions,<ForceUpdate>b__5_0
74146,Progression;Functions,UpdateChicken
74148,Progression;Functions,updateChicken
74151,Progression;Functions,<UpdateChicken>d__11
74209,Heroes,SwitchToRectTransform
74302,Functions,GetTweens
74303,Functions,tweenTarget
74304,Functions,useTweenTargetGameObjectForGroupOperations
74305,Functions,SetAnimationTarget
74323,Functions,TypeToDOTargetType
74325,Functions,GetTweenGO
74326,Functions,GetTweenTarget
74330,Functions,targetIsSelf
74331,Functions,targetGO
74332,Functions,tweenTargetIsTargetGO
74335,Functions,forcedTargetType
74337,Functions,useTargetAsV3
74359,CombatStats,PunchPosition
74410,Progression,ValidateChar
74420,Functions,GetCharColor
74421,Functions,GetCharOffset
74422,Functions,GetCharRotation
74423,Functions,GetCharScale
74440,Progression,DORotateChar
74448,Functions,_targetToAnimator
74460,Functions,GetVertices
74463,Functions,UpdateAlpha
74464,Functions,UpdateColor
74481,Progression,<DORotateChar>b__0
74482,Progression,<DORotateChar>b__1
74512,Functions,get_ASN1
74513,Functions,GetASN1
74515,Functions,get_EncryptedContent
74520,Functions,get_ContentInfo
74521,Functions,get_SignerInfo
74527,Functions,get_AuthenticatedAttributes
74528,Functions,get_Signature
74529,Functions,get_UnauthenticatedAttributes
74547,Functions,get_BagOID
74552,Functions,get_Secrets
74554,Functions,GetSymmetricAlgorithm
74555,Functions,GetExistingParameters
74576,Functions,GetAsymmetricAlgorithm
74577,Functions,GetSecret
74578,Functions,GetCertificate
74580,Functions,get_MaximumPasswordLength
74625,Functions,GetAttributeFromOid
74643,Functions,givenName
74646,Functions,GetOid
74651,Functions,get_Entries
74652,Functions,get_NextUpdate
74653,Functions,get_ThisUpdate
74654,Functions,get_IsCurrent
74656,Functions,GetCrlEntry
74658,Functions,thisUpdate
74659,Functions,nextUpdate
74664,Functions,NextUpdate
74665,Functions,ThisUpdate
74669,Functions,get_RevocationDate
74671,Functions,get_DSA
74674,Functions,get_RSA
74676,Functions,get_SignatureAlgorithmParameters
74677,Functions,get_ValidFrom
74678,Functions,get_ValidUntil
74679,Functions,get_IssuerUniqueIdentifier
74680,Functions,get_SubjectUniqueIdentifier
74682,Functions,get_IsSelfSigned
74683,Functions,GetIssuerName
74684,Functions,GetSubjectName
74716,Functions,get_SubjectPublicKey
74718,Functions,get_IssuerUniqueId
74720,Functions,get_SubjectUniqueId
74726,Functions,get_Chain
74727,Functions,get_TrustAnchors
74742,CombatStats,extnCritical
74745,Functions,get_Crls
74750,Functions,GetUniqueNameWithSerial
74763,Functions,get_CurrentUserPath
74764,Functions,get_LocalMachinePath
74765,Functions,get_NewCurrentUserPath
74766,Functions,get_NewLocalMachinePath
74767,Functions,get_CurrentUser
74768,Functions,get_LocalMachine
74769,Functions,get_NewCurrentUser
74770,Functions,get_NewLocalMachine
74771,Functions,get_IntermediateCACertificates
74772,Functions,get_IntermediateCACrls
74773,Functions,get_TrustedRootCertificates
74774,Functions,get_TrustedRootCACrls
74775,Functions,get_UntrustedCertificates
74795,Functions,get_Personal
74796,Functions,get_OtherPeople
74797,Functions,get_IntermediateCA
74798,Functions,get_TrustedRoot
74799,Functions,get_Untrusted
74822,Functions,GivenName
74825,Functions,get_Identifier
74834,Heroes,encipherOnly
74835,Heroes,decipherOnly
74840,Functions,get_LM
74841,Functions,get_NT
74860,Functions,NtlmAuthLevel
74868,Functions,RequestTarget
74877,Functions,get_DefaultAuthLevel
74878,Functions,defaultAuthLevel
74879,Functions,DefaultAuthLevel
74883,Functions,get_TargetInfo
74885,Functions,_targetInfo
74886,Functions,TargetInfo
74891,Functions,AlertLevel
74896,Economy,UnexpectedMessage
74906,Economy,CertificateExpired
74912,Economy,ExportRestriction
74917,Functions,inferAlertLevel
74923,Functions,get_Trusted
74924,Functions,get_UserDenied
74932,Economy,TLS_RSA_EXPORT_WITH_RC4_40_MD5
74935,Economy,TLS_RSA_EXPORT_WITH_RC2_CBC_40_MD5
74937,Economy,TLS_RSA_EXPORT_WITH_DES40_CBC_SHA
74940,Economy,TLS_DH_DSS_EXPORT_WITH_DES40_CBC_SHA
74943,Economy,TLS_DH_RSA_EXPORT_WITH_DES40_CBC_SHA
74946,Economy,TLS_DHE_DSS_EXPORT_WITH_DES40_CBC_SHA
74949,Economy,TLS_DHE_RSA_EXPORT_WITH_DES40_CBC_SHA
74952,Economy,TLS_DH_anon_EXPORT_WITH_RC4_40_MD5
74954,Economy,TLS_DH_anon_EXPORT_WITH_DES40_CBC_SHA
75196,Functions,get_CipherSuiteCode
75208,Functions,get_RemoteCertificateValidationCallback
75210,Functions,get_ClientCertificateSelectionCallback
75212,Functions,get_UseServicePointManagerCallback
75214,Progression;Functions,get_CallbackNeedsCertificateChain
75215,Functions,get_CertificateValidationTime
75217,Functions,get_UserSettings
75219,CombatStats;Functions,get_CertificateSearchPaths
75220,CombatStats,set_CertificateSearchPaths
75221,Functions,get_SendCloseNotify
75223,Functions,get_ClientCertificateIssuers
75225,Functions,get_DisallowUnauthenticatedCertificateRequest
75227,Functions,get_EnabledProtocols
75229,Functions,get_EnabledCiphers
75232,Functions,get_CertificateValidator
75239,CombatStats,<CertificateSearchPaths>k__BackingField
75253,Progression,CallbackNeedsCertificateChain
75255,CombatStats,CertificateSearchPaths
75287,Functions,get_EncryptedData
75291,Functions,get_PEOffset
75295,Functions,GetSecurityEntry
75306,Functions,get_SigningCertificate
75308,Functions,calculatedMessageDigest
75349,Functions,GetHost
75352,Functions,get_Files
75357,Functions,get_Details
75365,Functions,get_AttemptedWriteLock
75366,Functions,get_ExistingWriteLock
75378,Functions,get_Reason
75390,Functions,get_Field
75391,Functions,get_Messages
75396,Functions,get_WriteLock
75404,Functions,GetAccessToken
75405,Functions,GetPlayerId
75445,Functions,get_Player
75446,Functions,get_Custom
75461,Functions,get_IsRateLimited
75471,Functions,GetReason
75472,Functions,GetGenericMessage
75473,Functions,GetGCSCode
75518,Functions,GetUploadUrlAsync
75519,Functions,GetDownloadUrlAsync
75530,Functions,<GetDownloadUrlAsync>d__10
75531,Functions,<GetUploadUrlAsync>d__9
75553,Functions,get_RateLimited
75554,Functions,get_RetryAfter
75568,Functions,get_Title
75569,Functions,get_Code
75570,Functions,get_Detail
75576,Functions,get_Errors
75587,Functions,get_Attempted
75588,Functions,get_Existing
75597,Functions,GetConcreteType
75610,Functions,get_Op
75611,Functions,get_Asc
75617,Functions,get_ContentMd5
75623,Functions,get_Created
75624,Functions,get_Modified
75628,Functions,get_Results
75634,Functions,FileStorageSetupDetails
75637,Functions,get_OrganizationId
75638,Functions,get_ProjectName
75645,Functions,GetDownloadUrl400OneOf
75646,Functions,GetDownloadUrl400OneOfJsonConverter
75647,Functions,GetFileMetadata400OneOf
75648,Functions,GetFileMetadata400OneOfJsonConverter
75649,Functions,GetItems400Response
75650,Functions,GetItems400ResponseJsonConverter
75651,Functions,GetItemsResponse
75652,Functions,GetItemsResponseLinks
75653,Functions,GetKeys400OneOf
75654,Functions,GetKeys400OneOfJsonConverter
75655,Functions,GetKeysResponse
75656,Functions,GetUploadUrl400OneOf
75657,Functions,GetUploadUrl400OneOfJsonConverter
75660,Functions,get_IsProvisioned
75671,Functions,get_ReturnKeys
75672,Functions,get_Limit
75673,Functions,get_SampleSize
75698,Functions,get_SignedUrl
75699,Functions,get_RequiredHeaders
75726,Functions,get_IsHttpError
75727,Functions,get_IsNetworkError
75738,Functions,GetAs
75743,Functions,GetNewJsonObjectResponse
75744,Functions,<GetNewJsonObjectResponse>b__6_0
75751,Functions,GetDeserializedJson
75759,Functions,<GetAwaiter>b__0
75766,Economy,explode
75768,CombatStats,pathParam
75769,CombatStats;Functions,GetPathParamString
75777,Functions,get_ProjectId
75778,Functions,get_PlayerId
75788,Functions,GetDownloadUrlRequest
75789,Functions,GetFileMetadataRequest
75790,Functions,GetUploadUrlRequest
75791,Functions,get_FileDetails
75795,Functions,get_After
75801,Functions,get_CustomId
75813,Functions,GetCustomItemsRequest
75815,Functions,GetCustomKeysRequest
75816,Functions,GetItemsRequest
75817,Functions,GetKeysRequest
75818,Functions,GetPrivateCustomItemsRequest
75819,Functions,GetPrivateCustomKeysRequest
75820,Functions,GetProtectedItemsRequest
75821,Functions,GetProtectedKeysRequest
75822,Functions,GetPublicItemsRequest
75823,Functions,GetPublicKeysRequest
75825,Functions,get_QueryIndexBody
75833,Functions,get_SetItemBody
75837,Functions,get_SetItemBatchBody
75854,Functions,get_Configuration
75860,Functions,<GetDownloadUrlAsync>d__8
75861,Functions,<GetUploadUrlAsync>d__10
75868,Functions,GetCustomItemsAsync
75869,Functions,GetItemsAsync
75870,Functions,GetProtectedItemsAsync
75871,Functions,GetPublicItemsAsync
75879,Functions,<GetCustomItemsAsync>d__17
75880,Functions,<GetItemsAsync>d__19
75881,Functions,<GetProtectedItemsAsync>d__23
75882,Functions,<GetPublicItemsAsync>d__25
75888,Functions,get_AccessClass
75892,Functions,get_AccessClassOptions
75911,Functions,includeAlpha
75916,Functions,getValue
76024,Economy,ExpandTo
76026,Functions,SplitPascalCase
76029,Functions,CalculateLevenshteinDistance
76030,Functions,GetMaybeSimplifiedTypeName
76034,Functions,FindIdealConstructor
76037,Functions,GetCtorScore
76044,Functions,CreateWeakStaticValueGetter
76045,Functions,CreateWeakInstanceValueGetter
76047,Functions,CreateValueGetter
76048,Functions,TTarget
76049,Functions,CreateWeakAliasForInstanceGetDelegate1
76050,Functions,CreateWeakAliasForInstanceGetDelegate2
76051,Functions,CreateWeakAliasForStaticGetDelegate
76057,Functions,CreateEmittedDeepValueGetterDelegate
76058,Functions,CreateSlowDeepStaticValueGetterDelegate
76059,Functions,CreateSlowDeepInstanceValueGetterDelegate
76061,Functions,SlowGetMemberValue
76063,Functions,GetMemberPath
76064,Economy,expectMethod
76065,Functions,GetStepMember
76066,Functions,WeakListGetItem
76068,Functions,CreateWeakAliasForInstanceGetDelegate1MethodInfo
76069,Functions,CreateWeakAliasForInstanceGetDelegate2MethodInfo
76070,Functions,CreateWeakAliasForStaticGetDelegateMethodInfo
76080,Functions,StrongListGetItemMethod
76082,Functions,<CreateWeakInstanceValueGetter>b__0
76083,Functions,<CreateValueGetter>b__0
76087,Functions,<CreateWeakAliasForInstanceGetDelegate1>b__0
76089,Functions,<CreateWeakAliasForInstanceGetDelegate2>b__0
76090,Functions,<CreateWeakAliasForStaticGetDelegate>b__0
76095,Functions,<CreateSlowDeepStaticValueGetterDelegate>b__0
76096,Functions,<CreateSlowDeepInstanceValueGetterDelegate>b__0
76102,Functions,get_ConfigAttribute
76103,Functions,get_HasInstanceLoaded
76116,Functions,get_AssetPath
76117,Functions,get_AssetPathWithAssetsPrefix
76118,Functions,get_AssetPathWithoutAssetsPrefix
76119,Functions,get_ResourcesPath
76120,Functions,get_UseAsset
76122,Functions,get_IsInResourcesFolder
76131,Economy,ExpandHeight
76132,Economy,ExpandWidth
76139,Functions,GetCachedOptions
76204,Functions,get_BuildName
76226,Functions,get_PeekChar
76227,Functions,get_NextWord
76228,Functions,get_NextToken
76233,Economy,expirationTime
76237,Functions,get_CurrentAccessToken
76239,Functions,get_TokenString
76241,Economy;Functions,get_ExpirationTime
76242,Economy,set_ExpirationTime
76243,Functions,get_Permissions
76245,Functions,get_UserId
76247,Functions,get_LastRefresh
76249,Functions,get_GraphDomain
76253,Economy,<ExpirationTime>k__BackingField
76260,Economy,ExpirationTime
76271,Functions,get_FacebookGameObject
76277,Functions,get_GraphUrl
76278,Functions,get_GraphApiUserAgent
76279,Functions,get_IsEditor
76280,Functions,get_IsWeb
76281,Functions,get_UnitySDKUserAgentSuffixLegacy
76282,Functions,get_UnitySDKUserAgent
76283,Functions,get_DebugMode
76284,Functions,GetCurrentPlatform
76293,Functions,CustomUpdateContent
76297,Heroes,_image
76299,Functions,CustomUpdateLocalizedText
76303,Functions,CustomUpdateMedia
76306,Functions,CustomUpdateMediaInfo
76308,Functions,get_AppId
76310,Functions,get_ClientToken
76312,Functions,get_GraphApiVersion
76314,Functions,get_IsLoggedIn
76315,Functions,get_LimitAppEventUsage
76317,Functions,get_FacebookImpl
76319,Functions,get_FacebookDomain
76321,Functions,get_OnDLLLoadedDelegate
76332,CombatStats,LogInWithPublishPermissions
76353,Functions,GetAppLink
76359,Economy,currency
76362,Functions,GetCatalog
76363,Functions,GetPurchases
76368,Functions,GetSubscribableCatalog
76369,Functions,GetSubscriptions
76377,Economy;Functions,LoadRewardedVideo
76378,Economy;Functions,ShowRewardedVideo
76380,Functions,GetFriendFinderInvitations
76388,Progression,PostTournamentScore
76389,Progression;Functions,GetTournament
76390,Progression,ShareTournament
76392,Heroes,imageBase64DataUrl
76394,Progression,CreateTournament
76396,Heroes,imageUri
76398,Heroes;Functions,UploadImageToMediaLibrary
76402,Functions,GetUserLocale
76421,Functions,get_MobileFacebookImpl
76425,Functions,get_FBGameObject
76432,Functions,PerformCustomUpdate
76436,Functions,GetPayload
76441,Heroes,SwitchGamingContext
76443,Functions,GetCurrentGamingContext
76446,Functions,get_LimitEventUsage
76448,Functions,get_SDKName
76449,Functions,get_SDKVersion
76450,Functions,get_SDKUserAgent
76451,Functions,get_LoggedIn
76453,Functions,get_CallbackManager
76461,Functions,OnGetAppLinkComplete
76467,Functions,GetGraphUrl
76482,Functions,get_Facebook
76516,Economy,CurrencyAmount
76517,Functions,get_Amount
76519,Economy;Functions,get_Currency
76520,Economy,set_Currency
76522,Economy,<Currency>k__BackingField
76524,Heroes,imageURI
76525,Economy,priceAmount
76526,Economy,priceCurrencyCode
76528,Functions,get_ProductID
76530,Heroes;Functions,get_ImageURI
76531,Heroes,set_ImageURI
76532,Economy;Functions,get_Price
76533,Economy,set_Price
76534,Economy;Functions,get_PriceAmount
76535,Economy,set_PriceAmount
76536,Economy;Functions,get_PriceCurrencyCode
76537,Economy,set_PriceCurrencyCode
76539,Heroes,<ImageURI>k__BackingField
76540,Economy,<Price>k__BackingField
76541,Economy,<PriceAmount>k__BackingField
76542,Economy,<PriceCurrencyCode>k__BackingField
76545,Economy,PriceAmount
76546,Economy,PriceCurrencyCode
76551,Economy,purchasePrice
76554,Functions,get_DeveloperPayload
76556,Functions,get_IsConsumed
76557,Functions,get_PaymentActionType
76559,Functions,get_PaymentID
76561,Functions,get_PurchasePlatform
76563,Economy;Functions,get_PurchasePrice
76564,Economy,set_PurchasePrice
76565,Functions,get_PurchaseTime
76567,Functions,get_PurchaseToken
76569,Functions,get_SignedRequest
76576,Economy,<PurchasePrice>k__BackingField
76590,Functions,get_SubscriptionTerm
76599,Functions,get_DeactivationTime
76601,Functions,get_IsEntitlementActive
76603,Functions,get_PeriodStartTime
76605,Functions,get_PeriodEndTime
76615,Functions,get_AccessToken
76619,Functions,get_TargetUrl
76620,Functions,set_TargetUrl
76621,Functions,get_Ref
76623,Functions,get_Extras
76626,Functions,<TargetUrl>k__BackingField
76629,Functions,TargetUrl
76632,Functions,get_RequestID
76634,Functions,get_To
76640,Functions,get_Products
76651,Functions,get_Texture
76675,Functions,get_CallbackId
76686,Functions,get_ResultDictionary
76689,Functions,IReferralsGetDataResult
76690,Economy;Functions,IRewardedVideoResult
76698,Functions,get_AuthenticationToken
76701,Economy,ExpirationTimestampKey
76709,Functions,get_Failed
76715,Functions,get_Payload
76720,Functions,get_Purchase
76724,Functions,get_Purchases
76730,Functions,get_ErrorDictionary
76733,Functions,get_RawResult
76737,Functions,get_CanvasErrorCode
76740,Functions,GetErrorValue
76741,Functions,GetCancelledValue
76742,Functions,GetCallbackId
76754,Functions,GetWebFormattedResponseDictionary
76756,Economy;Functions,RewardedVideoResult
76759,Functions,get_PostId
76761,Functions,get_PostIDKey
76766,Functions,get_SubscribableProducts
76771,Functions,get_Subscription
76775,Functions,get_Subscriptions
76795,Functions,GetUserAgent
76802,Economy,ParseExpirationDateFromResult
76825,Functions,get_AsyncRequestStringWrapper
76851,Functions,updateMainCamera
76852,Functions,getScreenCoordinate
76853,Functions,getClasstypeBitmaskButton
76855,Functions,getVisibility
76859,Functions,get_eventBindingManager
76867,Functions,get_className
76885,Functions,get_eventName
76887,Functions,get_eventType
76889,Functions,get_appVersion
76900,Functions,get_eventBindings
76907,Functions,get_MediaId
76919,Heroes,imageURL
76923,Heroes;CombatStats,ageRange
76926,Functions,get_UserID
76928,Functions,get_FirstName
76930,Functions,get_MiddleName
76932,Functions,get_LastName
76934,Functions,get_Email
76936,Heroes;Functions,get_ImageURL
76937,Heroes,set_ImageURL
76938,Functions,get_LinkURL
76940,Functions,get_FriendIDs
76942,Functions,get_Birthday
76944,Heroes;CombatStats;Functions,get_AgeRange
76945,Heroes;CombatStats,set_AgeRange
76946,Functions,get_Hometown
76949,Functions,get_Gender
76956,Heroes,<ImageURL>k__BackingField
76960,Heroes;CombatStats,<AgeRange>k__BackingField
76971,Heroes;CombatStats,AgeRange
76974,Heroes;CombatStats,UserAgeRange
76977,Heroes;CombatStats,AgeRangeFromDictionary
76984,Progression,ITournamentResult
76985,Progression,TournamentResult
76986,Progression;Functions,get_TournamentId
76987,Progression,set_TournamentId
76988,Functions,get_ContextId
76990,Functions,get_EndTime
76992,Progression;Functions,get_TournamentTitle
76993,Progression,set_TournamentTitle
76994,Progression,<TournamentId>k__BackingField
76997,Progression,<TournamentTitle>k__BackingField
76998,Progression,TournamentId
77001,Progression,TournamentTitle
77002,Progression;Functions,IGetTournamentsResult
77003,Progression;Functions,GetTournamentsResult
77004,Progression,set_Tournaments
77005,Progression,<Tournaments>k__BackingField
77006,Progression,Tournaments
77009,Progression,ITournamentScoreResult
77010,Progression,TournamentScoreResult
77012,Heroes,ISwitchGamingContextResult
77016,Heroes,SwitchGamingContextResult
77017,Functions,IGetCurrentGamingContextResult
77018,Functions,GetCurrentGamingContextResult
77023,Functions,GetWindowsWrapper
77031,Functions,get_WindowsFacebookImpl
77036,Functions,get_EditorGameObject
77041,Heroes;Functions,OnUploadImageToMediaLibraryComplete
77044,Functions,OnGetCatalogComplete
77045,Functions,OnGetPurchasesComplete
77048,Functions,OnGetSubscribableCatalogComplete
77049,Functions,OnGetSubscriptionsComplete
77057,Economy;Functions,OnLoadRewardedVideoComplete
77058,Economy;Functions,OnShowRewardedVideoComplete
77059,Functions,OnGetPayloadComplete
77061,Progression,OnPostTournamentScoreComplete
77062,Progression;Functions,OnGetTournamentComplete
77063,Progression,OnShareTournamentComplete
77064,Progression,OnCreateTournamentComplete
77065,Progression;Functions,OnGetTournamentsComplete
77066,Progression;Functions,OnUpdateTournamentComplete
77067,Progression,OnTournamentDialogSuccess
77068,Progression,OnTournamentDialogCancel
77069,Progression,OnTournamentDialogError
77072,Heroes,OnSwitchGamingContextComplete
77074,Functions,OnGetCurrentGamingContextComplete
77085,Functions,get_CallbackID
77087,Functions,get_DialogTitle
77112,Functions,get_EmptyDialogTitle
77124,Functions,get_SubTitle
77136,Functions,get_MobileFacebook
77153,Functions,FBGetUserID
77158,Functions,GetIOSWrapper
77161,Functions,get_NumEntries
77174,Functions,GetAndroidWrapper
77181,Progression,<CreateTournament>b__73_0
77182,Progression,<CreateTournament>b__73_1
77183,Progression,<ShareTournament>b__74_0
77184,Progression,<ShareTournament>b__74_1
77196,Functions,GetCanvasJSWrapper
77212,Functions,get_CanvasFacebookImpl
77220,Functions,GetSDKVersion
77250,Functions,GetIntroductoryOffer
77251,Functions,GetPromotionalOffers
77266,Functions,GetStoreConnectionState
77280,Economy;Functions,GetIntroductoryPriceDictionary
77282,Functions,get_Apple
77284,CombatStats,FetchProductsWithNoRetries
77286,Functions,GetProducts
77287,Functions,GetProductById
77294,Functions,GetServiceFactory
77299,CombatStats;Functions,get_FailedFetchProducts
77300,Functions,get_FailureReason
77301,CombatStats,<FailedFetchProducts>k__BackingField
77303,CombatStats,FailedFetchProducts
77306,Functions,get_IsRetryable
77313,Functions,get_RequestedProducts
77314,Functions,get_SuccessAction
77315,Functions,get_FailureAction
77325,CombatStats,fetchProductsUseCase
77332,CombatStats,m_FetchProductsUseCase
77346,Functions,GetDefaultProductService
77347,Functions,GetProductService
77348,Functions,GetProductServiceInternal
77351,CombatStats,FetchProductsUseCase
77357,Functions,GetMatchingDefinition
77369,Functions,<GetMatchingDefinition>b__0
77371,CombatStats,IFetchProductsUseCase
77375,CombatStats,fetchPurchasesUseCase
77387,CombatStats,m_FetchPurchasesUseCase
77395,Functions,get_CurrentOrder
77396,Functions,get_NewSubscription
77406,Functions,GetMatchingRequest
77409,Functions,<GetMatchingRequest>b__0
77413,Functions,get_appReceipt
77448,CombatStats,FetchPurchases
77472,CombatStats,IFetchPurchasesUseCase
77488,Functions,get_AppReceipt
77491,Functions,get_StoreName
77494,Functions,get_jwsRepresentation
77520,Functions,get_Product
77521,Functions,get_Quantity
77525,Functions,get_ProductToCheck
77526,Functions,get_OnChecked
77533,Functions,get_OrderToConfirm
77566,Functions,get_PurchasedProductInfo
77568,Functions,get_Receipt
77569,Functions,get_TransactionID
77573,Functions,get_productId
77574,Functions,get_subscriptionInfo
77579,Functions,get_CartOrdered
77581,Functions,get_Info
77587,Functions,GetReceipt
77598,Functions,get_ConfirmedOrders
77599,Functions,get_PendingOrders
77600,Functions,get_DeferredOrders
77627,Economy,hasIntroductoryPriceTrial
77629,Functions,updateMetadata
77631,Economy,isExpired
77634,Economy;Functions,GetExpireDate
77635,Economy;Functions,getExpireDate
77650,Economy,m_IsIntroductoryPricePeriod
77653,Economy,m_SubscriptionExpireDate
77656,Economy,m_IntroductoryPrice
77657,Economy,m_IntroductoryPricePeriod
77658,Economy,m_IntroductoryPriceCycles
77669,Functions,GetSubscriptionInfo
77670,Functions,GetAppleAppStoreSubInfo
77671,Functions,GetAppleAppStoreSubInfoFromReceipt
77673,Functions,GetGooglePlayStoreSubInfo
77677,Functions,<GetGooglePlayStoreSubInfo>b__11_0
77694,CombatStats,TryFetchPurchases
77707,Functions,UpdateEntitlementOrder
77721,CombatStats,<TryFetchPurchases>b__51_0
77731,Functions,GetDefaultPurchaseService
77732,Functions,GetPurchaseService
77733,Functions,GetPurchaseServiceInternal
77750,CombatStats,FetchPurchasesUseCase
77755,Functions,get_m_Store
77763,Functions,get_NumberOfAttempts
77771,Economy,ExponentialBackOffRetryPolicy
77774,Economy,exponentialFactor
77776,Functions,CalculateMaxNumberOfRetriesBeforeCeiling
77782,Economy,m_ExponentialFactor
77830,Functions,get_OfferType
77831,Economy;Functions,get_ExpirationDate
77832,Functions,get_PurchaseDate
77833,Functions,get_ProductType
77834,Functions,get_RenewalProductId
77837,Economy,expirationDate
77842,Economy,<ExpirationDate>k__BackingField
77847,Economy,ExpirationDate
77857,Functions,GetConnectionState
77865,Functions,get_Google
77888,Functions,GetStore
77889,Functions,GetDefaultStore
77899,Functions,GetDefaultStoreService
77900,Functions,GetStoreService
77901,Functions,GetStoreServiceInternal
77921,Functions,get_AppleStoreExtendedService
77922,Functions,get_GooglePlayStoreExtendedService
77923,Functions,get_AppleStoreExtendedProductService
77924,Functions,get_AppleStoreExtendedPurchaseService
77940,Functions,UpdateCurrentEnvironment
77945,Functions,OnUpdatedCoreServicesEnvironment
77960,Functions,GetParameterInstancesForConstructor
77966,Functions,<GetParameterInstancesForConstructor>b__14_0
77979,Functions,UpdateStoreSpecificIDs
78080,Economy,googlePrice
78083,Functions,get_allProducts
78093,Functions,get_androidStore
78098,Functions,get_appStore
78108,Functions,get_definition
78110,Functions,get_metadata
78113,Functions,get_transactionID
78117,Functions,get_hasReceipt
78118,Functions,get_receipt
78132,Functions,get_storeSpecificId
78134,Functions,get_payouts
78141,Economy,currencyCode
78142,Economy,localizedPrice
78144,Economy;Functions,get_localizedPriceString
78145,Economy,set_localizedPriceString
78146,Functions,get_localizedTitle
78148,Functions,get_localizedDescription
78150,Economy;Functions,get_isoCurrencyCode
78151,Economy,set_isoCurrencyCode
78152,Economy;Functions,get_localizedPrice
78153,Economy,set_localizedPrice
78154,Economy,<localizedPriceString>k__BackingField
78157,Economy,<isoCurrencyCode>k__BackingField
78158,Economy,<localizedPrice>k__BackingField
78159,Economy,localizedPriceString
78162,Economy,isoCurrencyCode
78164,Functions,get_item
78166,Functions,get_reason
78187,Functions,GetUnityPlayerClass
78188,Functions,GetCurrentActivity
78190,Functions,GetGoogleProductMetadataExtension
78191,Functions,GetGoogleProductMetadata
78195,Economy,ChargeProratedPrice
78197,Economy,ChargeFullPrice
78203,Functions,get_originalJson
78207,Economy,set_introductoryPrice
78208,Economy,set_introductoryPricePeriod
78209,Economy,set_introductoryPriceCycles
78213,Economy,<introductoryPrice>k__BackingField
78214,Economy,<introductoryPricePeriod>k__BackingField
78215,Economy,<introductoryPriceCycles>k__BackingField
78219,Economy,introductoryPrice
78220,Economy,introductoryPricePeriod
78221,Economy,introductoryPriceCycles
78227,CombatStats,AppleFetchProductsService
78228,Functions,get_LastRequestProductsJson
78233,CombatStats,ExecuteFetchProductsRequest
78239,CombatStats,<FetchProducts>b__0
78240,CombatStats,<ExecuteFetchProductsRequest>d__10
78258,Economy,displayPrice
78265,Economy,<DisplayPrice>k__BackingField
78280,CombatStats,IAppleFetchProductsService
78289,Functions,DeallocateMemory
78307,Functions,GetDefaultStoreName
78308,Functions,GetBuiltInDefaultStoreName
78309,Functions,GetDefaultBuiltInAppStore
78312,Functions,GetSelectedAndroidStoreName
78313,Functions,GetSelectedAndroidStore
78348,Functions,TryGetString
78353,CombatStats,DeserializeProductDescriptionsFromFetchProductsSk2
78354,CombatStats,TryDeserializeProductDescriptionsFromFetchProductsSk2
78410,Functions,get_MetricType
78411,Functions,get_MetricName
78418,Economy,confirmSubscriptionPriceChangeName
78429,CombatStats,fetchProductsName
78461,CombatStats,FetchProductsException
78462,Functions,get_FailureDescription
78492,Functions,get_responseCode
78493,Functions,get_debugMessage
78518,CombatStats,onFetchProductsFailed
78524,Functions,get_purchaseState
78525,Functions,get_skus
78526,Functions,get_obfuscatedAccountId
78527,Functions,get_obfuscatedProfileId
78528,Functions,get_purchaseToken
78529,Functions,get_productDescriptions
78530,Functions,get_sku
78548,Functions,GetOrders
78552,CombatStats,fetchPurchaseCallback
78565,Functions,get_productsById
78566,Functions,get_productsByStoreSpecificId
78575,Functions,get_transactionId
78594,Economy;Functions,GetIntroductoryPriceDictionaryUseCase
78595,CombatStats,fetchProductsService
78596,CombatStats,m_FetchProductsService
78597,Functions,GetProductDetailsUseCase
78618,Economy;Functions,IGetIntroductoryPriceDictionaryUseCase
78619,Functions,IGetProductDetailsUseCase
78636,Economy;Functions,getIntroductoryPriceDictionaryUseCase
78637,Functions,getProductDetailsUseCase
78642,Economy;Functions,m_GetIntroductoryPriceDictionaryUseCase
78643,Functions,m_GetProductDetailsUseCase
78673,Functions,get_rawType
78674,Functions,get_Internal_keyCode
78677,Functions,GetTypeForControl
78681,Functions,GetEventAtIndex
78682,Functions,GetEventCount
78685,Functions,GetDoubleClickTime
78686,Functions,get_shift
78687,Functions,get_alt
78688,Functions,get_command
78689,Functions,get_capsLock
78690,Functions,get_numeric
78691,Functions,get_isKey
78692,Functions,get_isMouse
78693,Functions,get_isScrollWheel
78694,Functions,get_isDirectManipulationDevice
78695,Functions,get_rawType_Injected
78696,Functions,get_mousePosition_Injected
78698,Functions,get_delta_Injected
78700,Functions,get_pointerType_Injected
78701,Functions,get_button_Injected
78702,Functions,get_modifiers_Injected
78703,Functions,get_pressure_Injected
78704,Functions,get_twist_Injected
78705,Functions,get_tilt_Injected
78706,Functions,get_penStatus_Injected
78707,Functions,get_clickCount_Injected
78708,Functions,get_character_Injected
78709,Functions,get_Internal_keyCode_Injected
78710,Functions,get_displayIndex_Injected
78713,Functions,get_commandName_Injected
78716,Functions,GetTypeForControl_Injected
78719,Functions,GetEventAtIndex_Injected
78737,Functions,DragUpdated
78759,Functions,dragUpdated
78766,Functions,get_wantsMouseMove
78768,Functions,get_wantsMouseEnterLeaveWindow
78770,Functions,get_wantsLessLayoutEvents
78779,Functions,get_contentColor
78781,Functions,get_changed
78783,Functions,get_usePageScrollbars
78793,Functions,get_scrollTroughSide
78795,Functions,get_nextScrollStepTime
78798,Functions,get_skin
78801,Functions,get_matrix
78805,Functions,PasswordFieldGetStrToShow
78821,Functions,CalcTotalHorizSpacing
78831,Functions,CalcGridRects
78847,Functions,get_scrollViewStates
78858,Functions,get_contentColor_Injected
78886,Functions,get_visibleRect
78891,Functions,Internal_GetCount
78893,Functions,GetMatrix
78895,CombatStats,Internal_PushParentClip
78900,Functions,get_visibleRect_Injected
78903,Functions,GetMatrix_Injected
78905,CombatStats,Internal_PushParentClip_Injected
78911,Functions,get_textWithWhitespace
78917,Heroes,s_Image
78918,Heroes,s_TextImage
78949,Functions,Internal_GetWindowRect
78951,Functions,get_unbalancedgroupscount
78954,Functions,GetLayoutCache
78961,Functions,toplevel
78971,Functions,DoGetRect
78972,Functions,get_spaceStyle
78973,Functions,Internal_GetWindowRect_Injected
78983,Functions,topLevel
78987,CombatStats;Functions,Internal_GetCursorFlashSpeed
78988,CombatStats;Functions,get_cursorFlashSpeed
78989,CombatStats,m_CursorFlashSpeed
78990,CombatStats,cursorFlashSpeed
78992,Functions,get_box
78994,Functions,get_textField
78996,Functions,get_textArea
78998,Functions,get_window
79000,Functions,get_horizontalSlider
79002,Functions,get_horizontalSliderThumb
79004,Functions,get_horizontalSliderThumbExtent
79006,Functions,get_sliderMixed
79008,Functions,get_verticalSlider
79010,Functions,get_verticalSliderThumb
79012,Functions,get_verticalSliderThumbExtent
79014,Functions,get_horizontalScrollbarThumb
79016,Functions,get_horizontalScrollbarLeftButton
79018,Functions,get_horizontalScrollbarRightButton
79020,Functions,get_verticalScrollbarThumb
79022,Functions,get_verticalScrollbarUpButton
79024,Functions,get_verticalScrollbarDownButton
79027,Functions,get_customStyles
79029,Functions,get_error
79077,Functions,GetStateObject
79082,Functions,GetGUIStyleState
79088,Functions,get_rawName
79090,Heroes;Functions,get_imagePosition
79091,Functions,get_wordWrap
79093,Functions,get_clipping
79095,Functions,get_contentOffset
79097,Functions,get_fixedWidth
79098,Functions,get_fixedHeight
79099,Functions,get_stretchWidth
79101,Functions,get_stretchHeight
79103,Functions,get_Internal_clipOffset
79106,Functions,GetStyleStatePtr
79107,Functions,GetRectOffsetPtr
79119,Functions,Internal_CalcSize
79120,Functions,Internal_CalcSizeWithConstraints
79121,Functions,Internal_CalcHeight
79122,Functions,Internal_CalcMinMaxWidth
79124,Functions,Internal_GetTextRectOffset
79127,Functions,Internal_GetCursorFlashOffset
79131,Functions,get_lineHeight
79138,Functions,GetCursorPixelPosition
79139,Functions,CalcSize
79140,Functions,CalcSizeWithConstraints
79141,Functions,CalcHeight
79142,Functions,get_isHeightDependantOnWidth
79143,Functions,CalcMinMaxWidth
79145,Functions,GetMeshInfo
79147,Functions,get_rawName_Injected
79149,Functions,get_font_Injected
79150,Heroes;Functions,get_imagePosition_Injected
79151,Functions,get_alignment_Injected
79153,Functions,get_wordWrap_Injected
79155,Functions,get_clipping_Injected
79157,Functions,get_contentOffset_Injected
79159,Functions,get_fixedWidth_Injected
79160,Functions,get_fixedHeight_Injected
79161,Functions,get_stretchWidth_Injected
79163,Functions,get_stretchHeight_Injected
79165,Functions,get_fontSize_Injected
79167,Functions,get_fontStyle_Injected
79168,Functions,get_richText_Injected
79170,Functions,get_Internal_clipOffset_Injected
79173,Functions,GetStyleStatePtr_Injected
79174,Functions,GetRectOffsetPtr_Injected
79180,Functions,Internal_CalcSize_Injected
79181,Functions,Internal_CalcSizeWithConstraints_Injected
79182,Functions,Internal_CalcHeight_Injected
79183,Functions,Internal_CalcMinMaxWidth_Injected
79184,Functions,Internal_GetTextRectOffset_Injected
79188,Functions,GetDefaultFont_Injected
79200,Heroes,imagePosition
79212,Functions,GUITargetAttribute
79213,Functions,GetGUITargetAttrValue
79216,Functions,get_pixelsPerPoint
79218,Functions,get_guiDepth
79220,Functions,get_textFieldInput
79222,Functions,get_systemCopyBuffer
79224,Functions,Internal_GetControlID
79225,Functions,GetControlID
79237,Functions,Internal_GetHotControl
79238,Functions,Internal_GetKeyboardControl
79242,Functions,Internal_GetDefaultSkin
79245,Functions,get_guiIsExiting
79247,Functions,get_hotControl
79250,Functions,get_keyboardControl
79254,Functions,GetDefaultSkin
79263,Functions,get_isUITK
79268,Functions,get_systemCopyBuffer_Injected
79270,Functions,Internal_GetControlID_Injected
79275,Functions,get_compositionString_Injected
79300,Functions,GetTextHandle
79319,Functions,get_marginHorizontal
79320,Functions,get_marginVertical
79326,Functions,CalcWidth
79336,Functions,get_rows
79361,Functions,calcMinWidth
79362,Functions,calcMaxWidth
79363,Functions,calcMinHeight
79364,Functions,calcMaxHeight
79373,Functions,get_defaultTextSettings
79389,Economy,SupportsPageMovements
79390,Economy,PageMovementValue
79429,Economy,ExpandSelectGraphicalLineStart
79430,Economy,ExpandSelectGraphicalLineEnd
79441,Functions,get_stringCursorIndex
79442,Functions,get_cursorIndexNoValidation
79445,Functions,get_stringSelectIndex
79447,Functions,UpdateImeState
79448,Functions,ShouldUpdateImeWindowPosition
79466,Functions,m_UpdateImeWindowPosition
79477,Functions,get_key
79481,Functions,get_showCursor
79482,Functions,get_m_HasFocus
79490,Functions,GetLocalCursorPosition
79493,Functions,UpdateScrollOffsetIfNeeded
79494,Functions,UpdateTextHandle
79503,Functions,graphicalCursorPos
79514,Functions,get_revealCursor
79515,Functions,get_m_CharacterCount
79516,Functions,get_m_TextElementInfos
79519,Functions,get_selectedText
79530,Functions,GetGraphicalLineStart
79531,Functions,GetGraphicalLineEnd
79552,Functions,IGooglePurchasesUpdatedHandler
79560,Functions,GetCachedQueriedProducts
79561,Functions,GetCachedQueriedProductDetails
79566,Functions,<GetCachedQueriedProductDetails>b__5_0
79575,Functions,get_LastKnownOldProductId
79577,Functions,get_LastKnownProductId
79579,Functions,get_LastKnownReplacementMode
79607,CombatStats,<FetchProducts>d__10
79608,CombatStats,<FetchPurchases>d__14
79610,CombatStats,<TryFetchPurchases>d__15
79631,Functions,purchasesUpdatedListener
79632,Functions,SubscribeToPurchasesUpdatedEvent
79634,Functions,HandleUpdatedPurchases
79659,Functions,GetPurchaseByToken
79665,Functions,<GetPurchaseByToken>b__0
79666,Functions,<GetPurchaseByToken>d__5
79709,Functions,add_OnPurchaseUpdated
79710,Functions,remove_OnPurchaseUpdated
79712,Functions,onPurchasesUpdated
79713,Functions,HandlePurchasesUpdated
79715,Functions,OnPurchaseUpdated
79716,Functions,<onPurchasesUpdated>b__0
79737,Functions,GetRecoverableBillingResponseCode
79745,Functions,<GetRecoverableBillingResponseCode>b__5_0
79746,Functions,<GetRecoverableBillingResponseCode>b__5_1
79756,Functions,GetCachedProductDetails
79787,CombatStats,playStoreFetchPurchasesService
79791,CombatStats,FetchPurchasesInternal
79794,CombatStats,m_PlayStoreFetchPurchasesService
79800,Functions,GetProductType
79819,CombatStats,OnFetchProductsFailed
79826,Functions,UpdateDeferredProductsByPurchases
79828,Functions,UpdateDeferredProductsByPurchase
79829,Functions,UpdateDeferredProduct
79839,Functions,CallPurchaseSucceededUpdateReceipt
79849,CombatStats,IGooglePlayStoreFetchProductsService
79850,CombatStats,IGooglePlayStoreFetchPurchasesService
79856,Functions,GetNativeStore
79862,Functions,get_simulateAskToBuy
79869,Functions,TryGetSubscriptionInfoFromPayload
79871,Functions,TryGetDateTimeFromSecondsString
79873,Functions,TryGetProductTypeForTransaction
79904,Functions,GetAppleReceiptFromBase64String
79908,Functions,UpdateAppleProductFields
79946,CombatStats,<FetchProducts>d__32
79950,Functions,GetStorekit
80013,Functions,get_unavailableProductId
80015,Functions,GetOrCreateProductMetadata
80032,CombatStats,<StoreFetchProducts>g__handleAllowInitializeOrFetchProducts|0
80043,Functions,GetOrCreateFakeStoreWindow
80054,CombatStats,CreateFetchProductsQuestion
80064,CombatStats,<CreateFetchProductsQuestion>b__20_0
80100,Functions,getSubscriptionInfo
80104,Functions,GetCurrentEnvironment
80127,Functions,GetProductId
80134,Economy;Functions,getWarningMessageMoreThanOneSkuFound
80138,Functions,get_isAcknowledged
80139,Functions,get_signature
80153,Functions,GetPurchaseStateJavaObject
80159,Functions,googlePurchasesUpdatedListener
80161,Functions,GetQueryPurchasesParamsClass
80165,Functions,GetProductParamsClass
80166,Functions,GetProductDetailsParamsClass
80169,Functions,GetBillingFlowParamClass
80170,Functions,GetSubscriptionUpdateParamClass
80171,Functions,BuildSubscriptionUpdateParams
80175,Functions,GetConsumeParamsClass
80176,Functions,GetAcknowledgePurchaseParamsClass
80178,Functions,GetQueryProductDetailsParamsParamsClass
80179,Functions,GetPendingPurchasesParamsClass
80186,Functions,s_SubscriptionUpdateParamsClass
80197,Functions,IGooglePurchasesUpdatedListener
80204,Functions,get_m_BillingClient
80206,Functions,get_m_Util
80207,Functions,get_m_TelemetryDiagnostics
80208,Functions,GetBillingClientClass
80220,Heroes;CombatStats,RangeOptions
80221,Heroes;CombatStats;Functions,get_RangeLimit
80222,Heroes;CombatStats,set_RangeLimit
80223,Functions,get_IncludeMetadata
80224,Heroes;CombatStats,<RangeLimit>k__BackingField
80226,Heroes;CombatStats,RangeLimit
80228,Heroes;CombatStats;Functions,GetPlayerRangeOptions
80229,Heroes;CombatStats;Functions,GetVersionPlayerRangeOptions
80230,Functions,GetVersionPlayerScoreOptions
80235,Functions,GetScoresOptions
80236,Functions,GetScoresByTierOptions
80237,Functions,GetScoresByPlayerIdsOptions
80238,Functions,GetVersionScoresOptions
80239,Functions,GetVersionScoresByTierOptions
80240,Functions,GetVersionScoresByPlayerIdsOptions
80241,Functions,GetVersionsOptions
80244,Heroes;CombatStats;Functions,GetPlayerRangeAsync
80245,Functions,GetScoresAsync
80247,Functions,GetScoresByTierAsync
80249,Functions,GetVersionPlayerScoreAsync
80250,Heroes;CombatStats;Functions,GetVersionPlayerRangeAsync
80252,Functions,GetScoresByPlayerIdsAsync
80253,Functions,GetVersionScoresAsync
80254,Functions,GetVersionScoresByPlayerIdsAsync
80255,Functions,GetVersionScoresByTierAsync
80256,Functions,GetVersionsAsync
80259,Heroes;CombatStats,rangeLimit
80267,Heroes;CombatStats;Functions,<GetVersionPlayerRangeAsync>g__GetVersionPlayerRangeInternal|0
80268,Heroes;CombatStats;Functions,<<GetVersionPlayerRangeAsync>g__GetVersionPlayerRangeInternal|0>d
80269,Functions,<GetVersionScoresAsync>g__GetVersionScoresInternal|0
80270,Functions,<<GetVersionScoresAsync>g__GetVersionScoresInternal|0>d
80271,Functions,<GetVersionScoresByPlayerIdsAsync>g__GetVersionScoresByPlayerIdsInternal|0
80272,Functions,<<GetVersionScoresByPlayerIdsAsync>g__GetVersionScoresByPlayerIdsInternal|0>d
80273,Functions,<GetVersionScoresByTierAsync>g__GetVersionScoresByTierInternal|0
80274,Functions,<<GetVersionScoresByTierAsync>g__GetVersionScoresByTierInternal|0>d
80275,Functions,<GetVersionsAsync>g__GetVersionsInternal|0
80276,Functions,<<GetVersionsAsync>g__GetVersionsInternal|0>d
80277,Heroes;CombatStats;Functions,<GetPlayerRangeAsync>g__GetPlayerRangeInternal|0
80278,Heroes;CombatStats;Functions,<<GetPlayerRangeAsync>g__GetPlayerRangeInternal|0>d
80279,Functions,<GetScoresByPlayerIdsAsync>g__GetScoresByPlayerIdsInternal|0
80280,Functions,<<GetScoresByPlayerIdsAsync>g__GetScoresByPlayerIdsInternal|0>d
80281,Functions,<GetScoresAsync>g__GetScoresInternal|0
80282,Functions,<<GetScoresAsync>g__GetScoresInternal|0>d
80283,Functions,<GetScoresByTierAsync>g__GetScoresByTierInternal|0
80284,Functions,<<GetScoresByTierAsync>g__GetScoresByTierInternal|0>d
80285,Functions,<GetVersionPlayerScoreAsync>g__GetVersionPlayerScoreInternal|0
80286,Functions,<<GetVersionPlayerScoreAsync>g__GetVersionPlayerScoreInternal|0>d
80287,Heroes;CombatStats;Functions,<GetPlayerRangeAsync>d__4
80288,Functions,<GetScoresAsync>d__7
80289,Functions,<GetScoresByPlayerIdsAsync>d__6
80290,Functions,<GetScoresByTierAsync>d__8
80291,Heroes;CombatStats;Functions,<GetVersionPlayerRangeAsync>d__10
80292,Functions,<GetVersionPlayerScoreAsync>d__9
80293,Functions,<GetVersionScoresAsync>d__11
80294,Functions,<GetVersionScoresByPlayerIdsAsync>d__12
80295,Functions,<GetVersionScoresByTierAsync>d__13
80296,Functions,<GetVersionsAsync>d__14
80303,Functions,get_Score
80304,Functions,get_Metadata
80305,Functions,get_VersionId
80311,Heroes;CombatStats;Functions,GetLeaderboardPlayerRange400OneOf
80312,Heroes;CombatStats;Functions,GetLeaderboardPlayerRange400OneOfJsonConverter
80313,Functions,GetLeaderboardPlayerScore400OneOf
80314,Functions,GetLeaderboardPlayerScore400OneOfJsonConverter
80315,Functions,GetLeaderboardScores400OneOf
80316,Functions,GetLeaderboardScores400OneOfJsonConverter
80317,Functions,GetLeaderboardVersionPlayerScore400OneOf
80318,Functions,GetLeaderboardVersionPlayerScore400OneOfJsonConverter
80319,Functions,GetLeaderboardVersionScores400OneOf
80320,Functions,GetLeaderboardVersionScores400OneOfJsonConverter
80321,Functions,GetLeaderboardVersions400OneOf
80322,Functions,GetLeaderboardVersions400OneOfJsonConverter
80324,Functions,updatedTime
80325,Functions,get_PlayerName
80326,Functions,get_Tier
80327,Functions,get_UpdatedTime
80329,Progression;Functions,<Rank>k__BackingField
80331,Functions,<UpdatedTime>k__BackingField
80334,Functions,UpdatedTime
80336,Functions,get_PlayerIds
80342,Functions,get_Total
80346,Functions,get_EntriesNotFoundForPlayerIds
80362,Functions,get_LeaderboardId
80363,Functions,get_NextReset
80364,Functions,get_TotalArchivedVersions
80378,Functions,get_AddLeaderboardScore
80381,Heroes;CombatStats;Functions,GetLeaderboardPlayerRangeRequest
80382,Functions,GetLeaderboardScoresByTierRequest
80383,Functions,get_TierId
80386,Functions,GetLeaderboardPlayerScoreRequest
80387,Functions,GetLeaderboardScoresByPlayerIdsRequest
80388,Functions,get_LeaderboardPlayerIds
80391,Functions,GetLeaderboardScoresRequest
80392,Functions,GetLeaderboardVersionPlayerScoreRequest
80393,Functions,GetLeaderboardVersionScoresRequest
80394,Heroes;CombatStats;Functions,GetLeaderboardVersionPlayerRangeRequest
80395,Functions,GetLeaderboardVersionScoresByPlayerIdsRequest
80396,Functions,GetLeaderboardVersionScoresByTierRequest
80397,Functions,GetLeaderboardVersionsRequest
80400,Heroes;CombatStats;Functions,GetLeaderboardPlayerRangeAsync
80401,Functions,GetLeaderboardScoresByPlayerIdsAsync
80402,Functions,GetLeaderboardScoresByTierAsync
80403,Functions,GetLeaderboardScoresAsync
80404,Heroes;CombatStats;Functions,GetLeaderboardVersionPlayerRangeAsync
80405,Functions,GetLeaderboardVersionPlayerScoreAsync
80406,Functions,GetLeaderboardVersionScoresAsync
80407,Functions,GetLeaderboardVersionScoresByPlayerIdsAsync
80408,Functions,GetLeaderboardVersionScoresByTierAsync
80409,Functions,GetLeaderboardVersionsAsync
80411,Heroes;CombatStats;Functions,<GetLeaderboardPlayerRangeAsync>d__8
80412,Functions,<GetLeaderboardScoresAsync>d__12
80413,Functions,<GetLeaderboardScoresByPlayerIdsAsync>d__10
80414,Functions,<GetLeaderboardScoresByTierAsync>d__11
80415,Heroes;CombatStats;Functions,<GetLeaderboardVersionPlayerRangeAsync>d__15
80416,Functions,<GetLeaderboardVersionPlayerScoreAsync>d__13
80417,Functions,<GetLeaderboardVersionScoresAsync>d__14
80418,Functions,<GetLeaderboardVersionScoresByPlayerIdsAsync>d__17
80419,Functions,<GetLeaderboardVersionScoresByTierAsync>d__16
80420,Functions,<GetLeaderboardVersionsAsync>d__18
80451,Functions,get_Paths
80456,Economy,ExpandAllMenuItems
80473,Functions,get_ButtonHeight
80475,Functions,get_IconAlignment
80477,Functions,get_ButtonAlignment
80479,Functions,get_Stretch
80482,Functions,get_DrawResult
80483,Functions,get_DrawResultIsSet
80484,Functions,get_HasDefinedButtonHeight
80486,Functions,get_HasDefinedIcon
80487,Functions,get_HasDefinedButtonIconAlignment
80489,Functions,get_HasDefinedButtonAlignment
80491,Functions,get_HasDefinedStretch
80532,Functions,infoMessageType
80534,Functions,InfoMessageType
80584,Economy;Functions,get_Expanded
80585,Economy,set_Expanded
80586,Economy;Functions,get_HasDefinedExpanded
80587,Economy,set_HasDefinedExpanded
80588,Economy,<HasDefinedExpanded>k__BackingField
80589,Economy,HasDefinedExpanded
80591,Functions,getColor
80596,Functions,get_Animate
80598,Functions,get_Condition
80617,Functions,IndentLevel
80619,Functions,get_Icon
80627,Functions,get_MemberMethod
80634,Economy;Functions,get_ExpandedHasValue
80635,Economy,set_ExpandedHasValue
80647,Economy,<ExpandedHasValue>k__BackingField
80648,Economy,ExpandedHasValue
80655,Functions,get_ShowPaging
80657,Functions,get_DraggableItems
80659,Functions,get_NumberOfItemsPerPage
80661,Functions,get_ShowItemCount
80663,Economy;Functions,get_DefaultExpandedState
80664,Economy,set_DefaultExpandedState
80665,Functions,get_ShowIndexLabels
80667,Functions,get_OnTitleBarGUI
80669,Functions,get_PagingHasValue
80670,Functions,get_ShowItemCountHasValue
80671,Functions,get_NumberOfItemsPerPageHasValue
80672,Functions,get_DraggableHasValue
80673,Functions,get_IsReadOnlyHasValue
80674,Functions,get_ShowIndexLabelsHasValue
80675,Economy;Functions,get_DefaultExpandedStateHasValue
80699,Economy,defaultExpandedStateHasValue
80700,Economy,defaultExpandedState
80706,Economy,DefaultExpandedState
80715,Economy,DefaultExpandedStateHasValue
80718,Functions,get_MinMember
80720,Functions,get_MaxMember
80722,Functions,get_MinMaxMember
80725,Functions,minValueGetter
80726,Functions,maxValueGetter
80727,Functions,minMaxValueGetter
80728,Functions,MinValueGetter
80729,Functions,MaxValueGetter
80730,Functions,MinMaxValueGetter
80744,Functions,OnStateUpdateAttribute
80751,Functions,ConstructIdeal
80754,Functions,get_ShowBaseType
80756,Functions,get_NonDefaultConstructorPreference
80758,Functions,get_ShowBaseTypeIsSet
80759,Functions,get_NonDefaultConstructorPreferenceIsSet
80769,Functions,get_Alignment
80771,Functions,get_AlignmentHasValue
80772,Functions,get_PreviewGetter
80773,Functions,set_PreviewGetter
80774,Functions,get_PreviewGetterHasValue
80775,Functions,set_PreviewGetterHasValue
80776,Functions,previewGetter
80778,Functions,<PreviewGetterHasValue>k__BackingField
80780,Functions,PreviewGetter
80781,Functions,PreviewGetterHasValue
80783,Functions,get_ColorMember
80785,Functions,get_BackgroundColorMember
80787,Functions,get_CustomValueStringMember
80789,Functions,minGetter
80790,Functions,maxGetter
80791,Functions,get_DrawValueLabel
80793,Functions,get_DrawValueLabelHasValue
80795,Functions,get_ValueLabelAlignment
80797,Functions,get_ValueLabelAlignmentHasValue
80799,Functions,MinGetter
80800,Functions,MaxGetter
80802,Functions,BackgroundColorGetter
80804,Functions,CustomValueStringGetter
80822,Heroes;CombatStats,PropertyRangeAttribute
80830,Functions,MessageType
80835,Functions,get_MinLengthIsSet
80836,Functions,get_MaxLengthIsSet
80837,Functions,get_PrefabKindIsSet
80838,Functions,get_PrefabKind
80841,Functions,maxLengthGetter
80842,Functions,fixedLengthGetter
80843,Functions,minLengthGetter
80847,Functions,MinLengthGetter
80848,Functions,MaxLengthGetter
80873,Functions,Sirenix.OdinInspector.Internal.ISubGroupProviderAttribute.GetSubGroupAttributes
80887,Functions,get_ShowPagingHasValue
80888,Functions,get_ScrollViewHeight
80894,Economy,AlwaysExpanded
80910,Functions,RespectIndentLevel
80925,Economy,CollapseOthersOnExpand
80929,Functions,get_ToggleMemberName
80930,Functions,get_TitleStringMemberName
80938,Functions,filterGetter
80939,Functions,FilterGetter
80956,Functions,get_ShowNoneItem
80958,Functions,get_ShowCategories
80960,Functions,get_PreferNamespaces
80962,Functions,get_ShowNoneItemIsSet
80963,Functions,get_ShowCategoriesIsSet
80964,Functions,get_PreferNamespacesIsSet
81080,CombatStats,SpeedOfLight
81156,CombatStats,InchPerSecondSquared
81192,Functions,get_ContiniousValidationCheck
81199,Functions,valuesGetter
81200,Functions,ValuesGetter
81211,Functions,Sirenix.OdinInspector.IValueDropdownItem.GetText
81212,Functions,Sirenix.OdinInspector.IValueDropdownItem.GetValue
81224,Economy,ExpandedFoldout
81353,Economy,ArrowsAngleExpand
81355,Economy,ArrowsExpand
81378,Functions,BadgeTmFill
81379,Functions,BadgeTm
81489,Functions,CalculatorFill
81490,Functions,Calculator
81506,Heroes;CombatStats,CalendarRangeFill
81507,Heroes;CombatStats,CalendarRange
81527,Heroes;CombatStats,Calendar2RangeFill
81528,Heroes;CombatStats,Calendar2Range
81537,Heroes;CombatStats,Calendar3RangeFill
81538,Heroes;CombatStats,Calendar3Range
81543,Heroes;CombatStats,Calendar4Range
81556,WavePerks,CardChecklist
81557,WavePerks,CardHeading
81558,Heroes;WavePerks,CardImage
81559,WavePerks,CardList
81560,WavePerks,CardText
81634,Economy,ChevronBarExpand
81648,Economy,ChevronExpand
81726,WavePerks,CreditCard2BackFill
81727,WavePerks,CreditCard2Back
81728,WavePerks,CreditCard2FrontFill
81729,WavePerks,CreditCard2Front
81730,WavePerks,CreditCardFill
81731,WavePerks,CreditCard
81787,Economy,EmojiExpressionlessFill
81788,Economy,EmojiExpressionless
81865,Heroes,FileEarmarkImageFill
81866,Heroes,FileEarmarkImage
81911,Heroes,FileImageFill
81912,Heroes,FileImage
82169,CombatStats,PatchPlusFill
82170,CombatStats,PatchPlus
82341,Progression,Soundwave
82344,CombatStats,Speedometer
82345,CombatStats,Speedometer2
82346,CombatStats,Spellcheck
82506,Economy,CurrencyBitcoin
82507,Economy,CurrencyDollar
82508,Economy,CurrencyEuro
82509,Economy,CurrencyExchange
82510,Economy,CurrencyPound
82511,Economy,CurrencyYen
82536,WavePerks,SdCardFill
82537,WavePerks,SdCard
82596,Economy,ExplicitFill
82656,WavePerks,GpuCard
82663,WavePerks,PciCard
82697,Functions,IncludeAll
82700,Functions,GetSubGroupAttributes
82708,Functions,get_debug
82711,Functions,GetConstructorID
82712,Functions,GetMethodID
82713,Functions,GetFieldID
82725,Functions,GetUnboxMethod
82728,Functions,GetJavaVM
82742,Functions,GetSuperclass
82754,Functions,GetQueueGlobalRefsCount
82761,Functions,EnsureLocalCapacity
82764,Functions,GetObjectClass
82766,Functions,GetStaticMethodID
82767,Functions,GetStaticFieldID
82771,Functions,GetStringChars
82772,Functions,GetStringCharsInternal
82773,Functions,GetStringUTFLength
82774,Functions,GetStringUTFChars
82799,Functions,GetStringField
82800,Functions,GetStringFieldInternal
82801,Functions,GetObjectField
82802,Functions,GetBooleanField
82803,Functions,GetByteField
82804,Functions,GetSByteField
82805,Functions,GetCharField
82806,Functions,GetShortField
82807,Functions,GetIntField
82808,Functions,GetLongField
82809,Functions,GetFloatField
82810,Functions,GetDoubleField
82846,Functions,GetStaticStringField
82847,Functions,GetStaticStringFieldInternal
82848,Functions,GetStaticObjectField
82849,Functions,GetStaticBooleanField
82850,Functions,GetStaticByteField
82851,Functions,GetStaticSByteField
82852,Functions,GetStaticCharField
82853,Functions,GetStaticShortField
82854,Functions,GetStaticIntField
82855,Functions,GetStaticLongField
82856,Functions,GetStaticFloatField
82857,Functions,GetStaticDoubleField
82898,Functions,GetBooleanArrayElement
82899,Functions,GetByteArrayElement
82900,Functions,GetSByteArrayElement
82901,Functions,GetCharArrayElement
82902,Functions,GetShortArrayElement
82903,Functions,GetIntArrayElement
82904,Functions,GetLongArrayElement
82905,Functions,GetFloatArrayElement
82906,Functions,GetDoubleArrayElement
82907,Functions,GetObjectArrayElement
82920,Functions,GetDirectBufferAddress
82921,Functions,GetDirectBufferCapacity
82922,Functions,GetDirectBuffer
82923,Functions,GetDirectByteBuffer
82924,Functions,GetDirectSByteBuffer
82935,Functions,GetMethodID_Injected
82936,Functions,GetFieldID_Injected
82937,Functions,GetStaticMethodID_Injected
82938,Functions,GetStaticFieldID_Injected
82942,Functions,GetStringCharsInternal_Injected
82943,Functions,GetStringUTFChars_Injected
82945,Functions,GetStringFieldInternal_Injected
82948,Functions,GetStaticStringFieldInternal_Injected
82978,Functions,GetProxyObject
82979,Functions,GetRawProxy
82985,Functions,GetStatic
82987,Functions,GetRawObject
82988,Functions,GetRawClass
82993,Functions,_Get
82996,Functions,_GetStatic
83002,Functions,_GetRawObject
83003,Functions,_GetRawClass
83009,Functions,GetConstructorMember
83010,Functions,GetMethodMember
83011,Functions,GetFieldMember
83012,Functions,GetFieldClass
83013,Functions,GetFieldSignature
83021,Functions,s_ReflectionHelperGetConstructorID
83022,Functions,s_ReflectionHelperGetMethodID
83023,Functions,s_ReflectionHelperGetFieldID
83024,Functions,s_ReflectionHelperGetFieldSignature
83027,Functions,s_FieldGetDeclaringClass
83033,Functions,GetMethodIDFallback
83037,Functions,get_UnityPlayerRaw
83040,Functions,GetCurrentConfiguration
83045,Functions,GetCurrentInsets
83078,Functions,GetAssetPackManager
83089,Functions,onStatusUpdate
83111,Functions,get_country
83112,Functions,get_language
83119,Functions,get_colorMode
83120,Functions,get_densityDpi
83121,Functions,get_fontScale
83122,Functions,get_fontWeightAdjustment
83123,Functions,get_keyboard
83124,Functions,get_hardKeyboardHidden
83125,Functions,get_keyboardHidden
83126,Functions,get_mobileCountryCode
83127,Functions,get_mobileNetworkCode
83128,Functions,get_navigationHidden
83129,Functions,get_screenHeightDp
83130,Functions,get_screenWidthDp
83131,Functions,get_smallestScreenWidthDp
83132,Functions,get_screenLayout
83133,Functions,get_touchScreen
83134,Functions,get_uiMode
83135,Functions,get_primaryLocaleCountry
83136,Functions,get_primaryLocaleLanguage
83137,Functions,get_locales
83138,Functions,get_colorModeHdr
83139,Functions,get_colorModeWideColorGamut
83140,Functions,get_screenLayoutDirection
83141,Functions,get_screenLayoutLong
83142,Functions,get_screenLayoutRound
83143,Functions,get_screenLayoutSize
83144,Functions,get_uiModeNight
83145,Functions,get_uiModeType
83224,Functions,get_IgnoreExceptions
83229,Functions,GetPropertyVisitor
83230,Functions,GetValueVisitor`1
83244,Functions,GetMessageForType
83247,Functions,PropertyGetter`2
83250,Functions,m_Getter
83254,Functions,get_ObjectKey
83268,CombatStats,PropertyPathPartKind
83269,CombatStats,PropertyPathPart
83270,Functions,get_IsName
83271,Functions,get_IsIndex
83305,Functions,m_GetStructValueAction
83307,Functions,m_GetClassValueAction
83309,Functions,GetStructValueAction
83311,Functions,GetClassValueAction
83314,Functions,get_InstantiationKind
83334,Functions,GetSharedProperty
83335,Functions,GetSharedPropertyState
83357,Functions,GetPropertiesEnumerable
83361,Functions,<GetPropertiesEnumerable>d__4
83368,Functions,GetPropertyBag
83369,Functions,TryGetPropertyBagForValue
83411,Functions,get_ReadonlyVisit
83423,Functions,TryGetConverter
83430,Functions,getConverterDelegate
83446,Functions,GetTypeDisplayName
83448,Functions,GetRootType
83450,Functions,GetTypeConstructor
83452,Economy,SetExplicitInstantiationMethod
83464,Functions,get_CanBeInstantiated
83466,Economy,SetExplicitConstructor
83475,Economy,m_ExplicitConstructor
83518,Functions,TryGetRegistrationDelegate
83522,Functions,get_ReflectedPropertyBagProvider
83541,Functions,GetPropertyMembers
83555,Functions,<GetPropertyMembers>b__22_0
83556,Functions,<GetPropertyMembers>d__22
83595,Functions,GetAbsolutePath
83596,Functions,GetUTF8EncodedBytes
83612,Functions,TryGetUTF8DecodedString
83613,Functions,TryGetUTF8EncodedBytes
83638,Functions,get_HeaderSection
83639,Functions,get_MessageBody
83640,Functions,get_MessageHeader
83641,Functions,getMessageBody
83656,Functions,get_RequestLine
83657,Functions,targetUri
83661,Functions,get_StatusLine
83662,Functions,get_IsProxyAuthenticationRequired
83663,Functions,get_IsRedirect
83664,Functions,get_IsSuccess
83665,Functions,get_IsUnauthorized
83666,Functions,get_IsWebSocketResponse
83689,Functions,get_HasReservedCode
83690,Functions,get_ApplicationData
83693,Functions,<GetEnumerator>d__25
83697,Functions,get_GetNetworkStream
83698,Functions,set_GetNetworkStream
83699,Functions,get_ReadyState
83700,Functions,get_SslConfiguration
83723,Functions,getSslConfiguration
83789,Functions,<GetNetworkStream>k__BackingField
83793,Functions,GetNetworkStream
83820,Functions,get_ExactPayloadLength
83821,Functions,get_ExtendedPayloadLengthWidth
83822,Functions,get_Fin
83823,Functions,get_IsClose
83824,Functions,get_IsCompressed
83825,Functions,get_IsContinuation
83826,Functions,get_IsControl
83827,Functions,get_IsData
83828,Functions,get_IsFinal
83829,Functions,get_IsFragment
83830,Functions,get_IsMasked
83831,Functions,get_IsPing
83832,Functions,get_IsPong
83833,Functions,get_Opcode
83834,Functions,get_PayloadData
83835,Functions,get_PayloadLength
83836,Functions,get_Rsv2
83837,Functions,get_Rsv3
83890,Functions,<GetEnumerator>d__86
83901,Functions,get_NonceCount
83910,Functions,get_CheckCertificateRevocation
83917,Functions,_targetHost
83926,WavePerks,_discard
83928,Economy,_expires
83935,Functions,get_Sorted
83945,Functions,get_IsMultiValueInRequest
83946,Functions,get_IsMultiValueInResponse
83947,Functions,get_IsRequest
83948,Functions,get_IsResponse
83961,Functions,getNumber
83965,Functions,get_Username
83971,Functions,getHeaderInfo
83972,Functions,getHeaderType
83982,Functions,get_HasSupportedCmp
83989,Functions,GetCode
83990,Functions,get_CmpCode
83992,Functions,get_CmpMessage
84006,Functions,UserCompletedLevel
84008,Economy,UserSpentVirtualCurrency
84019,Functions,GetAvailableMediatedNetworks
84023,Functions,GetAdValue
84024,Functions,GetSdkConfiguration
84040,Functions,UpdateBannerPosition
84049,Functions,GetBannerLayout
84056,Functions,UpdateMRecPosition
84063,Functions,GetMRecLayout
84074,Economy;Functions,IsRewardedAdReady
84075,Economy;Functions,SetRewardedAdExtraParameter
84076,Economy;Functions,SetRewardedAdLocalExtraParameter
84088,Functions,GetSafeAreaInsets
84096,Functions,get_InvokeEventsOnUnityMainThread
84098,Functions,get_CmpService
84099,Functions,get_DisableAllLogs
84106,Functions,GetRectFromString
84128,Functions,get_XCoordinate
84130,Functions,get_YCoordinate
84132,Functions,get_IsAdaptive
84134,Functions,get_UseCoordinates
84145,Functions,get_IsSuccessfullyInitialized
84147,Functions,get_CountryCode
84149,Functions,get_IsTestModeEnabled
84151,Functions,get_ConsentFlowUserGeography
84153,Functions,get_ConsentDialogState
84163,Economy;Functions,Reward
84180,Functions,get_AdUnitIdentifier
84182,Functions,get_AdFormat
84184,Functions,get_NetworkName
84186,Functions,get_NetworkPlacement
84188,Functions,get_Placement
84190,Functions,get_CreativeIdentifier
84192,Functions,get_Revenue
84194,Functions,get_RevenuePrecision
84196,Functions,get_WaterfallInfo
84198,Functions,get_LatencyMillis
84200,Functions,get_DspName
84225,Functions,get_TestName
84227,Functions,get_NetworkResponses
84237,Functions,get_AdLoadState
84239,Functions,get_MediatedNetwork
84241,Functions,get_IsBidding
84253,Functions,get_AdapterClassName
84255,Functions,get_AdapterVersion
84257,Functions,get_SdkVersion
84259,Functions,get_InitializationStatus
84269,Functions,get_MediatedNetworkErrorCode
84271,Functions,get_MediatedNetworkErrorMessage
84273,Functions,get_AdLoadFailureInfo
84283,Functions,get_Bottom
84293,Progression,add_OnApplicationStateChangedEvent
84294,Progression,remove_OnApplicationStateChangedEvent
84305,Progression,onApplicationStateChangedEvent
84307,Progression,OnApplicationStateChangedEvent
84321,Economy,add_OnExpiredAdReloadedEvent
84322,Economy,remove_OnExpiredAdReloadedEvent
84333,Economy,onExpiredAdReloadedEvent
84342,Economy,OnExpiredAdReloadedEvent
84346,Economy;Functions,Rewarded
84347,Economy;Functions,add_OnAdReceivedRewardEvent
84348,Economy;Functions,remove_OnAdReceivedRewardEvent
84349,Economy;Functions,onAdReceivedRewardEvent
84350,Economy;Functions,OnAdReceivedRewardEvent
84352,Economy,add_OnAdExpandedEvent
84353,Economy,remove_OnAdExpandedEvent
84356,Economy,onAdExpandedEvent
84358,Economy,OnAdExpandedEvent
84371,Functions,GetAdaptiveBannerHeight
84372,Functions,GetDictionaryFromDictionary
84373,Functions,GetListFromDictionary
84374,Functions,GetStringFromDictionary
84375,Functions,GetBoolFromDictionary
84376,Functions,GetIntFromDictionary
84377,Functions,GetLongFromDictionary
84378,Functions,GetFloatFromDictionary
84379,Functions,GetDoubleFromDictionary
84385,Functions,GetScreenDensity
84387,Functions,GetTcfConsentStatus
84388,Functions,GetPlatformSpecificTcfConsentStatus
84390,Functions,GetAdditionalConsentStatus
84391,Functions,GetPlatformSpecificAdditionalConsentStatus
84393,Functions,GetPurposeConsentStatus
84394,Functions,GetPlatformSpecificPurposeConsentStatus
84396,Functions,GetSpecialFeatureOptInStatus
84397,Functions,GetPlatformSpecificSpecialFeatureOptInStatus
84399,Functions,GetConsentStatusValue
84403,Heroes;CombatStats,IsVersionInRange
84417,Functions,GetSegments
84440,Functions,get_EndPoint
84442,Functions,get_DownloadHandler
84444,Functions,get_QueryParams
84446,Functions,get_JsonString
84448,Functions,get_MaxRequestAttempts
84450,Functions,get_TimeoutSeconds
84464,Functions,get_ResponseMessage
84504,Functions,GetRayIntersection
84505,Functions,GetRayIntersectionArray_Internal
84509,Functions,GetRayIntersectionArray_Internal_Injected
84510,Functions,get_defaultPhysicsScene
84511,Functions,get_queriesHitTriggers
84513,Functions,GetRayIntersectionAll
84514,Functions,GetRayIntersectionAll_Internal
84515,Functions,GetRayIntersectionNonAlloc
84516,Functions,GetRayIntersectionAll_Internal_Injected
84548,Functions,get_point
84549,Functions,get_collider
84553,Functions,PhysicsLowLevelSettings2D
84555,Functions,get_physicsLayerNames
84557,Functions,get_useFullLayers
84559,Functions,get_physicsWorldDefinition
84561,Functions,get_physicsBodyDefinition
84563,Functions,get_physicsShapeDefinition
84565,Functions,get_physicsChainDefinition
84567,Functions,get_concurrentSimulations
84569,Functions,get_lengthUnitsPerMeter
84571,Functions,get_drawInBuild
84573,Functions,get_bypassLowLevel
84574,Functions,set_bypassLowLevel
84575,Functions,GetPhysicsLayerNames
84576,Functions,GetPhysicsWorldDefinition
84577,Functions,GetPhysicsBodyDefinition
84578,Functions,GetPhysicsShapeDefinition
84579,Functions,GetPhysicsChainDefinition
84580,Functions,GetPhysicsDistanceJointDefinition
84581,Functions,GetPhysicsFixedJointDefinition
84582,Functions,GetPhysicsHingeJointDefinition
84583,Functions,GetPhysicsRelativeJointDefinition
84584,Functions,GetPhysicsSliderJointDefinition
84585,Functions,GetPhysicsWheelJointDefinition
84586,Functions,GetConcurrentSimulations
84587,Functions,GetLengthUnitsPerMeter
84588,Functions,GetDrawInBuild
84589,Functions,GetBypassLowLevel
84590,Functions,GetUseFullLayers
84606,Functions,m_BypassLowLevel
84616,Functions,bypassLowLevel
84617,Functions,PhysicsLowLevelScripting2D
84619,Functions,PhysicsBody_GetDefaultDefinition
84621,Functions,PhysicsBody_GetBodyType
84622,Functions,PhysicsBody_GetCallbackTarget
84623,Functions,PhysicsChain_GetDefaultDefinition
84626,Functions,PhysicsJoint_GetJointType
84627,Functions,PhysicsJoint_GetCallbackTarget
84628,Functions,DistanceJoint_GetDefaultDefinition
84629,Functions,RelativeJoint_GetDefaultDefinition
84630,Functions,SliderJoint_GetDefaultDefinition
84631,Functions,HingeJoint_GetDefaultDefinition
84632,Functions,FixedJoint_GetDefaultDefinition
84633,Functions,WheelJoint_GetDefaultDefinition
84636,Functions,PhysicsRotate_GetAngle
84640,Functions,PhysicsGlobal_GetBypassLowLevel
84646,Functions,PhysicsShape_GetDefaultDefinition
84647,Functions,PhysicsShape_GetDefaultSurfaceMaterial
84650,Functions,PhysicsShape_GetShapeType
84651,Functions,PhysicsShape_GetCallbackTarget
84654,Functions,PhysicsWorld_GetDefaultDefinition
84658,Functions,PhysicsWorld_GetBodyUpdateCallbackTargets
84659,Functions,PhysicsWorld_GetTriggerCallbackTargets
84660,Functions,PhysicsWorld_GetContactCallbackTargets
84661,Functions,PhysicsWorld_GetJointThresholdCallbackTargets
84664,Functions,PhysicsWorld_GetRenderMaterial
84667,Functions,PhysicsBody_GetDefaultDefinition_Injected
84669,Functions,PhysicsBody_GetBodyType_Injected
84670,Functions,PhysicsBody_GetCallbackTarget_Injected
84671,Functions,PhysicsChain_GetDefaultDefinition_Injected
84673,Functions,PhysicsJoint_GetJointType_Injected
84674,Functions,PhysicsJoint_GetCallbackTarget_Injected
84675,Functions,DistanceJoint_GetDefaultDefinition_Injected
84676,Functions,RelativeJoint_GetDefaultDefinition_Injected
84677,Functions,SliderJoint_GetDefaultDefinition_Injected
84678,Functions,HingeJoint_GetDefaultDefinition_Injected
84679,Functions,FixedJoint_GetDefaultDefinition_Injected
84680,Functions,WheelJoint_GetDefaultDefinition_Injected
84683,Functions,PhysicsRotate_GetAngle_Injected
84686,Functions,PhysicsShape_GetDefaultDefinition_Injected
84687,Functions,PhysicsShape_GetDefaultSurfaceMaterial_Injected
84689,Functions,PhysicsShape_GetShapeType_Injected
84690,Functions,PhysicsShape_GetCallbackTarget_Injected
84692,Functions,PhysicsWorld_GetDefaultDefinition_Injected
84695,Functions,PhysicsWorld_GetBodyUpdateCallbackTargets_Injected
84696,Functions,PhysicsWorld_GetTriggerCallbackTargets_Injected
84697,Functions,PhysicsWorld_GetContactCallbackTargets_Injected
84698,Functions,PhysicsWorld_GetJointThresholdCallbackTargets_Injected
84699,Functions,PhysicsWorld_GetRenderMaterial_Injected
84706,Functions,get_defaultDefinition
84717,CombatStats,m_MotorSpeed
84736,Functions,m_SpringTargetAngle
84741,Functions,get_jointType
84742,Functions,get_callbackTarget
84745,Functions,callbackTarget
84766,Functions,m_SpringTargetTranslation
84771,Functions,get_lowerBound
84773,Functions,get_upperBound
84778,Functions,get_NameMap
84779,Functions,get_DefaultLayerNames
84789,Functions,get_cos
84790,Functions,get_sin
84796,Functions,GetPositionAndRotation
84809,Functions,get_body
84810,Functions,get_transformWriteMode
84811,Functions,get_physicsTransform
84812,Functions,get_linearVelocity
84813,Functions,get_angularVelocity
84814,Functions,get_positionFrom
84816,Functions,get_rotationFrom
84840,Functions,IBodyUpdateCallback
84841,Functions,bodyUpdateEvent
84842,Functions,OnBodyUpdate2D
84860,Functions,BodyUpdateCallbackTargets
84861,Functions,get_bodyUpdateCallbackTargets
84862,Functions,m_BodyUpdateCallbackTargets
84863,Functions,bodyUpdateCallbackTargets
84864,Functions,BodyUpdateTarget
84865,Functions,get_bodyUpdateEvent
84866,Functions,get_bodyTarget
84867,Functions,m_BodyUpdateEvent
84868,Functions,bodyTarget
84869,Functions,TriggerCallbackTargets
84870,Functions,get_BeginCallbackTargets
84871,Functions,get_EndCallbackTargets
84872,Functions,m_BeginCallbackTargets
84873,Functions,m_EndCallbackTargets
84874,Functions,BeginCallbackTargets
84875,Functions,EndCallbackTargets
84876,Functions,TriggerBeginTarget
84877,Functions,get_beginEvent
84878,Functions,get_triggerShapeTarget
84879,Functions,get_visitorShapeTarget
84881,Functions,triggerShapeTarget
84882,Functions,visitorShapeTarget
84883,Functions,TriggerEndTarget
84884,Functions,get_endEvent
84886,Functions,ContactCallbackTargets
84887,Functions,ContactBeginTarget
84888,Functions,get_shapeTargetA
84889,Functions,get_shapeTargetB
84890,Functions,shapeTargetA
84891,Functions,shapeTargetB
84892,Functions,ContactEndTarget
84893,Functions,JointThresholdCallbackTargets
84894,Functions,get_jointThresholdCallbackTargets
84895,Functions,m_JointThresholdCallbackTargets
84896,Functions,jointThresholdCallbackTargets
84897,Functions,JointThresholdTarget
84898,Functions,get_jointThresholdEvent
84899,Functions,get_jointTarget
84902,Functions,jointTarget
84913,Functions,SendBodyUpdateCallbacks
84919,Functions,BodyUpdateEvent
84920,Functions,get_fellAsleep
84925,Functions,get_triggerShape
84926,Functions,get_visitorShape
84933,Functions,get_shapeA
84934,Functions,get_shapeB
84935,Functions,get_contactId
84943,Functions,get_physicsWorld
84948,Functions,get_joint
84952,Functions,get_isRenderingAllowed
84985,Functions,get_polygonGeometryArray
84986,Functions,get_circleGeometryArray
84987,Functions,get_capsuleGeometryArray
84988,Functions,get_lineArray
84989,Functions,get_pointArray
85018,CombatStats,bodySpeedCapped
85065,Functions,m_AutoBodyUpdateCallbacks
85073,CombatStats,m_ContactSpeed
85075,CombatStats,m_MaximumLinearSpeed
85087,Functions,get_shapeType
85095,CombatStats,m_TangentSpeed
85129,Functions,GetWorldTransformAccessArray
85151,Functions,m_StartMassUpdate
85156,Functions,GetCameraViewAABB
85172,Functions,GetMesh
85196,Heroes,SwitchToOfflineMode
85197,Heroes,SwitchBackToOnlineMode
85200,Functions,GdprForgetMe
85221,Functions,UpdateSkanConversionValue
85222,Functions,GetAppTrackingAuthorizationStatus
85223,Functions,GetAdid
85224,Functions,GetAttribution
85225,Functions,GetIdfa
85226,Functions,GetIdfv
85227,Functions,GetGoogleAdId
85228,Functions,GetAmazonAdId
85229,Functions,GetSdkVersion
85230,Functions,GetLastDeeplink
85248,Economy;Functions,costDataInAttribution
85258,Functions,get_AdImpressionsCount
85260,Functions,get_AdRevenueNetwork
85262,Functions,get_AdRevenueUnit
85264,Functions,get_AdRevenuePlacement
85266,Functions,get_CallbackParameters
85267,Functions,get_PartnerParameters
85352,Functions,get_TransactionId
85354,Functions,get_ProductId
85359,Functions,get_TransactionDate
85361,Functions,get_SalesRegion
85368,Functions,get_TrackerToken
85370,Functions,get_TrackerName
85373,Functions,get_Campaign
85375,Functions,get_Adgroup
85377,Functions,get_Creative
85379,Functions,get_ClickLabel
85381,Economy;Functions,get_CostType
85382,Economy;Functions,set_CostType
85383,Economy;Functions,get_CostAmount
85384,Economy;Functions,set_CostAmount
85385,Economy;Functions,get_CostCurrency
85386,Economy;Functions,set_CostCurrency
85387,Functions,get_FbInstallReferrer
85397,Economy;Functions,<CostType>k__BackingField
85398,Economy;Functions,<CostAmount>k__BackingField
85399,Economy;Functions,<CostCurrency>k__BackingField
85407,Economy;Functions,CostType
85408,Economy;Functions,CostAmount
85409,Economy;Functions,CostCurrency
85412,Functions,get_AppToken
85414,Functions,get_DefaultTracker
85416,Functions,get_ExternalDeviceId
85418,Functions,get_IsCoppaComplianceEnabled
85420,Functions,get_IsSendingInBackgroundEnabled
85422,Economy;Functions,get_IsCostDataInAttributionEnabled
85423,Economy;Functions,set_IsCostDataInAttributionEnabled
85424,Functions,get_IsDeviceIdsReadingOnceEnabled
85426,Functions,get_IsDeferredDeeplinkOpeningEnabled
85428,Functions,get_AllowSuppressLogLevel
85429,Functions,set_AllowSuppressLogLevel
85430,Functions,get_IsDataResidency
85432,Functions,get_ShouldUseSubdomains
85434,Functions,get_EventDeduplicationIdsMaxSize
85436,Functions,get_UrlStrategyDomains
85438,Functions,get_Environment
85440,Functions,get_AttributionChangedDelegate
85442,Functions,get_EventSuccessDelegate
85444,Functions,get_EventFailureDelegate
85446,Functions,get_SessionSuccessDelegate
85448,Functions,get_SessionFailureDelegate
85450,Functions,get_DeferredDeeplinkDelegate
85452,Functions,get_SkanUpdatedDelegate
85453,Functions,set_SkanUpdatedDelegate
85454,Functions,get_IsAdServicesEnabled
85456,Functions,get_IsIdfaReadingEnabled
85458,Functions,get_IsSkanAttributionEnabled
85460,Functions,get_IsLinkMeEnabled
85462,Functions,get_AttConsentWaitingInterval
85464,Functions,get_IsPlayStoreKidsComplianceEnabled
85466,Functions,get_IsPreinstallTrackingEnabled
85468,Functions,get_PreinstallFilePath
85470,Functions,get_FbAppId
85472,Functions,allowSuppressLogLevel
85482,Economy;Functions,<IsCostDataInAttributionEnabled>k__BackingField
85485,Functions,<AllowSuppressLogLevel>k__BackingField
85490,Functions,<LogLevel>k__BackingField
85498,Functions,<SkanUpdatedDelegate>k__BackingField
85513,Economy;Functions,IsCostDataInAttributionEnabled
85516,Functions,AllowSuppressLogLevel
85527,Functions,SkanUpdatedDelegate
85538,Functions,get_Deeplink
85548,Functions,get_EventToken
85550,Functions,get_DeduplicationId
85558,Functions,get_Adid
85560,Functions,get_Timestamp
85562,Functions,get_WillRetry
85564,Functions,get_JsonResponse
85569,Functions,GetJsonResponseAsString
85583,Functions,get_OrderId
85590,Functions,get_VerificationStatus
85599,Functions,get_GranularOptions
85600,Functions,get_PartnerSharingSettings
85610,Functions,ConvertLogLevel
85617,Functions,GetJsonResponseCompact
85618,Functions,GetJsonString
85621,Functions,skanUpdateData
85622,Functions,GetSkanUpdateDataDictionary
85638,Economy;Functions,KeyCostType
85639,Economy;Functions,KeyCostAmount
85640,Economy;Functions,KeyCostCurrency
85674,Functions,get_Childs
85675,Functions,get_DeepChilds
85677,Functions,get_AsInt
85679,Functions,get_AsFloat
85681,Functions,get_AsDouble
85683,Functions,get_AsBool
85685,Functions,get_AsArray
85686,Functions,get_AsObject
85709,Functions,<get_Childs>d__17
85713,Functions,<get_DeepChilds>d__19
85715,Functions,<GetEnumerator>d__14
85716,Functions,<get_Childs>d__13
85720,Functions,<get_Childs>d__14
85730,Heroes,ParticleImage
85731,Heroes,ParticleImage.dll
85732,Heroes,AssetKits.ParticleImage
85733,Functions,get_trailPoints
85734,Functions,get_points
85740,Functions,get_GetSheetId
85745,Functions,get_Velocity
85746,Functions,get_TimeSinceBorn
85747,Functions,get_Lifetime
85767,CombatStats,_speedLerp
85770,Functions,_attractorTargetPoint
85788,Functions,GetSheetId
85796,Functions,get_isMain
85798,Functions,get_space
85800,Functions,get_emitterConstraintEnabled
85802,Functions,get_emitterConstraintTransform
85804,Functions,get_shape
85806,Functions,get_spreadType
85808,Functions,get_spreadLoop
85810,Functions,get_startDelay
85812,Functions,get_circleRadius
85814,Functions,get_rectWidth
85816,Functions,get_rectHeight
85818,Functions,get_directionAngle
85820,Functions,get_lineLength
85822,Functions,get_fitRect
85824,Functions,get_emitOnSurface
85826,Functions,get_emitterThickness
85828,Functions,get_loop
85830,Functions,get_prewarm
85832,Functions,get_PlayMode
85834,Functions,get_startSize
85836,Functions,get_lifetime
85838,CombatStats;Functions,get_startSpeed
85839,CombatStats,set_startSpeed
85840,Functions,get_colorOverLifetime
85842,CombatStats;Functions,get_colorBySpeed
85843,CombatStats,set_colorBySpeed
85844,Heroes;CombatStats;Functions,get_colorSpeedRange
85845,Heroes;CombatStats,set_colorSpeedRange
85846,Functions,get_sizeOverLifetime
85848,CombatStats;Functions,get_sizeBySpeed
85849,CombatStats,set_sizeBySpeed
85850,Heroes;CombatStats;Functions,get_sizeSpeedRange
85851,Heroes;CombatStats,set_sizeSpeedRange
85852,Functions,get_startRotation
85854,Functions,get_rotationOverLifetime
85856,CombatStats;Functions,get_rotationBySpeed
85857,CombatStats,set_rotationBySpeed
85858,Heroes;CombatStats;Functions,get_rotationSpeedRange
85859,Heroes;CombatStats,set_rotationSpeedRange
85860,CombatStats;Functions,get_speedOverLifetime
85861,CombatStats,set_speedOverLifetime
85862,Functions,get_alignToDirection
85864,Functions,get_gravity
85866,Functions,get_attractorEnabled
85868,Functions,get_attractorTarget
85869,Functions,set_attractorTarget
85870,Functions,get_attractorLerp
85872,Functions,get_attractorType
85874,Functions,get_noiseEnabled
85876,Functions,get_gravityEnabled
85878,Functions,get_vortexEnabled
85880,Functions,get_velocityEnabled
85882,Functions,get_velocitySpace
85884,Functions,get_velocityOverLifetime
85886,Functions,get_vortexStrength
85888,Functions,get_textureSheetEnabled
85890,Functions,get_textureTile
85892,Functions,get_textureSheetType
85894,Functions,get_textureSheetFrameOverTime
85896,Functions,get_textureSheetStartFrame
85898,Heroes;CombatStats;Functions,get_textureSheetFrameSpeedRange
85899,Heroes;CombatStats,set_textureSheetFrameSpeedRange
85900,Functions,get_textureSheetFPS
85902,Functions,get_textureSheetCycles
85904,Functions,get_particles
85905,Functions,get_pool
85906,Functions,get_particleCount
85907,Functions,get_rateOverTime
85909,Functions,get_rateOverLifetime
85911,Functions,get_rateOverDistance
85913,Functions,get_particleTrailRenderer
85915,Functions,get_trailsEnabled
85917,Functions,get_trailWidth
85919,Functions,get_trailLifetime
85921,Functions,get_minimumVertexDistance
85923,Functions,get_trailColorOverLifetime
85925,Functions,get_trailColorOverTrail
85927,Functions,get_trailMaterial
85929,Functions,get_inheritParticleColor
85931,CombatStats;Functions,get_dieWithParticle
85932,CombatStats,set_dieWithParticle
85933,Functions,get_trailRatio
85935,Functions,get_playback
85936,Functions,get_noise
85938,Functions,get_noiseOffset
85940,Functions,get_noiseFrequency
85942,Functions,get_noiseStrength
85944,Functions,get_noiseDebug
85946,Functions,get_noiseViewSize
85948,Functions,get_multithreadEnabled
85950,Functions,get_isEmitting
85953,Functions,get_isStopped
85955,Functions,get_isPaused
85957,Functions,get_onParticleStarted
85958,Functions,get_onFirstParticleFinished
85959,Functions,get_onAnyParticleFinished
85960,Functions,get_onLastParticleFinished
85961,Functions,get_onParticleStop
85962,Functions,get_mainCamera
85963,Functions,GetMain
85964,Functions,GetChildren
85970,Functions,UpdateSheets
85976,Functions,get_CanStop
85977,Functions,GetPointOnRect
85987,Functions,<GetChildren>b__401_0
86013,CombatStats,_startSpeed
86015,CombatStats,_colorBySpeed
86016,Heroes;CombatStats,_colorSpeedRange
86018,CombatStats,_sizeBySpeed
86019,Heroes;CombatStats,_sizeSpeedRange
86021,CombatStats,_rotationBySpeed
86022,Heroes;CombatStats,_rotationSpeedRange
86023,CombatStats,_speedOverLifetime
86026,Functions,_targetModule
86027,Functions,_attractorTarget
86028,Functions,_toTarget
86029,Functions,_targetMode
86043,Heroes;CombatStats,_frameSpeedRange
86060,CombatStats,_dieWithParticle
86104,CombatStats,startSpeed
86106,CombatStats,colorBySpeed
86107,Heroes;CombatStats,colorSpeedRange
86109,CombatStats,sizeBySpeed
86110,Heroes;CombatStats,sizeSpeedRange
86112,CombatStats,rotationBySpeed
86113,Heroes;CombatStats,rotationSpeedRange
86114,CombatStats,speedOverLifetime
86118,Functions,attractorTarget
86133,Heroes;CombatStats,textureSheetFrameSpeedRange
86149,CombatStats,dieWithParticle
86169,Heroes;CombatStats,SpeedRange
86184,Functions,get_trailMesh
86185,Functions,get_particle
86189,Functions,UpdateMeshData
86228,Functions,GetNoise
86239,Functions,CalculateFractalBounding
86249,Functions,UpdateTransformType3D
86251,Functions,UpdateWarpTransformType3D
86331,Heroes,AssetKits.ParticleImage.Enumerations
86338,CombatStats,Speed
86360,Functions,GetPlayerNameAsync
86361,Functions,UpdatePlayerNameAsync
86368,Economy,add_Expired
86369,Economy,remove_Expired
86370,Functions,get_IsSignedIn
86371,Functions,get_IsAuthorized
86372,Functions,get_SessionTokenExists
86373,Functions,get_PlayerInfo
86376,Economy;Functions,get_ExpirationActionId
86377,Economy,set_ExpirationActionId
86378,Functions,get_RefreshActionId
86380,Functions,get_AccessTokenComponent
86381,Functions,get_EnvironmentIdComponent
86382,Functions,get_PlayerIdComponent
86383,Functions,get_PlayerNameComponent
86384,Functions,get_SessionTokenComponent
86386,Functions,get_NetworkClient
86388,Functions,get_PlayerNamesApi
86390,Functions,get_ExceptionHandler
86411,Economy,ScheduleExpiration
86413,Economy,ExecuteScheduledExpiration
86415,Economy,CancelScheduledExpiration
86416,Economy,Expire
86419,Progression,HandleStateChanged
86430,Economy,<ExpirationActionId>k__BackingField
86449,Economy,ExpirationActionId
86467,Functions,<GetPlayerNameAsync>d__60
86471,Functions,<UpdatePlayerNameAsync>d__61
86477,Functions,GetProfile
86478,Functions,GetPlayerAuthHost
86479,Functions,GetPlayerNamesHost
86494,Functions,get_Metrics
86512,Economy,SendExpiredSessionMetric
86517,Economy,set_ExpiryTime
86521,Economy,<ExpiryTime>k__BackingField
86523,Economy,ExpiryTime
86530,Functions,GetPlayerIdFromCache
86534,Functions,GetPlayerNameFromCache
86544,Functions,get_SessionToken
86546,Functions,GetSessionTokenFromCache
86552,Functions,get_ForceLink
86556,Functions,get_Identities
86557,Functions,set_LastPasswordUpdate
86560,Functions,lastPasswordUpdate
86564,Functions,m_LastPasswordUpdate
86569,Functions,LastPasswordUpdate
86586,Functions,UpdatePasswordRequest
86594,Functions,GetNotificationsResponse
86604,Functions,PasswordUpdatedAt
86610,Functions,get_AccessTokenRefreshBuffer
86612,Economy;Functions,get_AccessTokenExpiryBuffer
86613,Economy,set_AccessTokenExpiryBuffer
86614,Functions,get_RefreshAttemptFrequency
86618,Economy,<AccessTokenExpiryBuffer>k__BackingField
86622,Economy,AccessTokenExpiryBuffer
86627,Functions,get_Retries
86633,Functions,get_CreateAccount
86636,Functions,GetAsync
86642,Functions,get_CloudProjectIdComponent
86643,Functions,get_EnvironmentComponent
86644,Functions,get_NetworkHandler
86645,Functions,get_EnvironmentName
86652,Functions,GetCommonHeaders
86663,Functions,m_UpdatePasswordUrl
86667,Functions,m_GetCodeIdentifierUrl
86668,Functions,m_GetNotificationsUrl
86696,Functions,get_NetworkError
86700,Functions,get_ResponseCode
86714,Functions,get_CloudProjectId
86715,Functions,get_Profile
86716,Functions,get_OldPrefix
86717,Functions,GetOldKey
86726,Functions,get_DefaultSerializerSettings
86730,Functions,get_BasePath
86732,Functions,get_DefaultHeaders
86751,CombatStats;Functions,get_PathParameters
86752,CombatStats,set_PathParameters
86753,Functions,get_QueryParameters
86755,Functions,get_HeaderParameters
86760,CombatStats,<PathParameters>k__BackingField
86765,CombatStats,PathParameters
86772,CombatStats,AddPathParameters
86774,Functions,GetFullUri
86795,Functions,GetEnumMemberAttrValue
86805,Functions,GetNameAsync
86806,Functions,updateNameRequest
86807,Functions,UpdateNameAsync
86810,Functions,<GetNameAsync>d__9
86811,Functions,<UpdateNameAsync>d__10
86812,Functions,get_ErrorType
86818,Functions,get_AutoGenerated
86822,Functions,UpdateNameRequest
86831,Functions,GetRunScriptResponse
86832,Functions,GetRunModuleScriptResponse
86834,Functions,GetErrorReason
86835,Functions,GetModuleResponseAsync
86840,Functions,<GetModuleResponseAsync>d__21
86841,Functions,<GetResponseAsync>d__20
86842,Functions,<GetRunModuleScriptResponse>d__16
86843,Functions,<GetRunScriptResponse>d__15
86847,Functions,GetServiceHeaders
86848,Functions,UpdateExternalUserId
86860,Functions,m_GivenMessage
86879,Functions,get_RequestId
86891,Functions,get_Params
86894,Functions,get_Output
86903,Functions,get_Channel
86927,Functions,get_CreateOperation
86929,Functions,get_RetryCondition
86937,Functions,CalculateDelay
86947,Functions,get_MaxRetries
86948,Functions,get_JitterMagnitude
86949,Functions,get_DelayScale
86950,Functions,get_MaxDelayTime
86967,Functions,get_ModuleName
86968,Functions,get_FunctionName
86969,Functions,get_RunModuleArguments
86977,Functions,get_ScriptName
86978,Functions,get_RunScriptArguments
86996,Functions,get_SpecVersion
86999,Functions,get_EnvironmentId
87000,Functions,get_CorrelationId
87002,Functions,get_MessageType
87003,Functions,set_MessageType
87009,Functions,<MessageType>k__BackingField
87016,Functions,get_DetectorsExamples
87021,Functions,GetAllObscuredPrefsDataTypes
87094,CombatStats,SpeedHackDetectorExample
87107,Functions,get_BuildHashResult
87109,Functions,get_AppInstallationResult
87111,Functions,get_IsHashingBusy
87112,Functions,get_IsHashingSupported
87116,Functions,GetAndroidInstallationSource
87131,Functions,get_LoadedData
87133,Functions,get_NotGenuine
87135,Functions,get_FromAnotherDevice
87139,Functions,GetBytesPref
87141,Functions,GetBytesPrefAsync
87143,Functions,GetStringPref
87148,Functions,isGettingBytesGUI
87153,Functions,getStringPref
87165,Functions,isGettingBytes
87169,Functions,<GetBytesPrefAsync>d__49
87175,Functions,get_PreservePlayerPrefs
87181,Functions,ApplyDeviceLockLevel
87232,Functions,<Get>b__2_0
87233,Functions,<Get>b__1
87284,Economy,DarkGoldenrod
87287,Heroes;CombatStats,DarkOrange
87305,Economy,Gold
87306,Economy,Goldenrod
87321,Economy,LightGoldenrodYellow
87353,Heroes;CombatStats,Orange
87354,Heroes;CombatStats,OrangeRed
87356,Economy,PaleGoldenrod
87361,CombatStats,PeachPuff
87404,Functions,UpdateSystemColors
87407,Functions,get_R
87408,Functions,get_G
87409,Functions,get_B
87410,Functions,get_A
87411,Functions,get_IsKnownColor
87414,Functions,get_X
87415,Functions,get_Y
87417,Functions,get_Width
87418,Functions,get_Height
87423,Functions,get_One
87424,Functions,get_MinusOne
87425,Functions,get_IsZero
87427,Functions,TryGetBytes
87435,Functions,GetPartsForBitManipulation
87438,Functions,GetDiffLength
87451,Functions,GetBytesMode
87453,Functions,BigIntegerCalculator
87479,Functions,targetSpan
87488,Functions,GetDoubleParts
87489,Functions,GetDoubleFromParts
87514,Economy,ErrorTokenExpired
87515,Economy,ErrorExpired
87523,Functions,get_currentId
87533,Functions,GetPushType
87541,Functions,getRequestFromRepo
87543,Functions,<getRequestFromRepo>d__6
87571,Economy,SubscriptionExpired
87660,Functions,GetSub
87661,Functions,GetAll
87668,Functions,get_SubscriptionState
87696,Functions,get_m_Code
87710,Economy,ExponentialBackoffStrategy
87725,Economy,WebSocketUnexpectedException
87736,Functions,GetConfiguration
87743,Functions,targetUrl
87751,Functions,get_DefaultEncoding
87752,Functions,get_headers
87794,Functions,GetNativeData
87795,Functions,GetTextEncoder
87796,Functions,GetContentType
87799,Functions,GetProgress
87800,Functions,GetCheckedDownloader
87801,Functions,InternalGetByteArray
87802,Functions,InternalGetNativeArray
87805,Functions,GetContentType_Injected
87806,Functions,InternalGetByteArray_Injected
87813,Functions,get_webRequest
87816,Functions,GetWebErrorString
87817,Functions,GetHTTPStatusString
87818,Functions,get_disposeCertificateHandlerOnDispose
87820,Functions,get_disposeDownloadHandlerOnDispose
87822,Functions,get_disposeUploadHandlerOnDispose
87833,Functions,GetError
87837,Functions,GetUrl
87839,Functions,get_isModifiable
87842,Functions,GetResponseHeaderKeys
87843,Functions,GetResponseHeaders
87845,Functions,get_uploadHandler
87848,Functions,get_downloadHandler
87851,Functions,get_certificateHandler
87861,Functions,GetWebErrorString_Injected
87862,Functions,GetHTTPStatusString_Injected
87867,Functions,GetError_Injected
87869,Functions,GetUrl_Injected
87871,Functions,get_responseCode_Injected
87872,Functions,get_isModifiable_Injected
87873,Functions,get_result_Injected
87875,Functions,GetResponseHeader_Injected
87876,Functions,GetResponseHeaderKeys_Injected
87941,Functions,GetPlayerAccountService
87955,Functions,get_IdToken
87956,Functions,get_AccountPortalUrl
87957,Functions,get_IdTokenClaims
87963,Functions,get_IssuedAtTime
87964,Functions,get_NotBeforeTime
87966,Economy,ExpirationTimeUnix
87971,Functions,get_EmailVerified
87973,Functions,get_IsPrivateEmail
87982,Economy,ExpiresIn
87987,Functions,get_RefreshToken
87990,Functions,get_SignInState
87992,Functions,get_RedirectUri
87994,Functions,get_CodeVerifier
87996,Functions,get_ClientId
88007,Economy,k_CodeChallengeMethod
88028,Functions,get_ScopeFlags
88031,Functions,get_Scope
88032,Functions,get_UseCustomUri
88033,Functions,get_DeepLinkUriScheme
88034,Functions,get_DeepLinkUriHostPrefix
88053,Functions,GetRedirectUri
88089,Functions,get_DeserializationError
88090,Functions,get_ServerError
88099,Functions,get_eventSource
88102,Functions,get_eventModifiers
88116,Functions,EyeDropperUpdate
88122,Functions,get_asObject
88123,Functions,get_asKeyEvent
88124,Functions,get_asPointerEvent
88125,Functions,get_asTextInputEvent
88127,Functions,get_asIMECompositionEvent
88128,Functions,get_asCommandEvent
88129,Functions,get_asNavigationEvent
88153,Functions,get_isShiftPressed
88154,Functions,get_isCtrlPressed
88155,Functions,get_isAltPressed
88156,Functions,get_isMetaPressed
88157,Functions,get_isCapsLockEnabled
88158,Functions,get_isFunctionKeyPressed
88159,Functions,get_isNumericPressed
88181,Functions,GetUnchecked
88184,Functions,GetAllPressed
88186,Functions,<GetAllPressed>d__8
88194,Functions,get_isPrimaryPointer
88195,Functions,get_azimuth
88196,Functions,get_altitude
88217,Functions,NotifyUpdate
88230,Functions,UpdateEventModifiers
88241,Functions,get__eventModifiers
88253,Functions,GetEventSourceFromPressedKey
88256,Functions,InputManagerGetAxisRawOrDefault
88257,Functions,InputManagerGetButtonDownOrDefault
88275,Functions,GetDefaultConfiguration
88292,Functions,get_LastPressedButton
88294,Functions,get_ButtonsState
88295,Functions,get_NextPressTime
88297,Functions,get_ClickCount
88299,Functions,get_LastPosition
88301,Functions,get_LastDisplayIndex
88303,Functions,get_LastPositionValid
88324,Functions,BeforeProviderUpdate
88325,Functions,AfterProviderUpdate
88347,Functions,GetNodeTypeName
88348,Functions,GetNodeHashCode
88350,Functions,GetDefaultNodeFlags
88354,Functions,ViewModelPostUpdate
88361,Functions,TryGetStaticNodeType
88364,Functions,InvokeGetNodeTypeName
88365,Functions,InvokeGetNodeHashCode
88366,Functions,InvokeGetDefaultNodeFlags
88368,Progression,InvokeIntegrateChanges
88372,Functions,InvokeViewModelPostUpdate
88375,Progression,IntegrateChanges
88376,Functions,GetNodeTypeName_Injected
88377,Functions,GetNodeHashCode_Injected
88378,Functions,GetDefaultNodeFlags_Injected
88380,Progression,IntegrateChanges_Injected
88401,Functions,get_UpdateNeeded
88405,Progression,EnumerateChildren
88406,Functions,GetChildrenCount
88410,Functions,GetOrCreatePropertyUnmanaged
88411,Functions,GetNodeTypeHandlersBaseCount
88413,Functions,GetNodeTypeHandlersBaseSpan
88415,Progression,EnumerateChildrenPtr
88416,Functions,GetOrCreateProperty
88418,Functions,GetPropertyRaw
88422,Functions,get_UpdateNeeded_Injected
88424,Functions,GetChildren_Injected
88425,Functions,GetChildrenCount_Injected
88428,Functions,Update_Injected
88429,Functions,GetNodeTypeHandlersBaseCount_Injected
88430,Functions,GetNodeTypeHandlersBaseSpan_Injected
88433,Progression,EnumerateChildrenPtr_Injected
88434,Functions,GetOrCreateProperty_Injected
88436,Functions,GetPropertyRaw_Injected
88441,Functions,UpdateNeeded
88451,Functions,UpdateHierarchyFlattened
88455,Functions,get_Node
88456,Functions,get_NextSiblingOffset
88458,Functions,GetNodeByRef
88470,Functions,HierarchyPropertyStorageType
88476,Functions,get_Invalid
88477,Functions,get_NumValue
88484,Functions,get_SystemFilters
88486,Functions,get_Filters
88488,Functions,get_TextValues
88516,Functions,get_FlattenedNodes
88533,Functions,UpdateHierarchyViewModel
88535,Functions,get_Query_Injected
88552,Functions,LEVEL_ACHIEVED
88570,Functions,UPDATE
88575,Functions,LEVEL
88577,Economy,PRICE
88581,Economy,CURRENCY
88618,Functions,get_purchaseType
88622,Economy;Functions,get_price
88623,Economy,set_price
88624,Economy;Functions,get_currency
88625,Economy,set_currency
88627,Economy,<price>k__BackingField
88628,Economy,<currency>k__BackingField
88636,Functions,get_errorData
88647,Functions,getSdkVersion
88660,Economy,setCurrencyCode
88670,Functions,getAppsFlyerId
88677,Functions,updateServerUninstallToken
88691,Functions,getOutOfStore
88694,Functions,getConversionData
88697,Functions,isUpdate
88698,Functions,setIsUpdate
88717,Functions,getAttributionId
88768,Functions,get_isInit
88778,Functions,getHostName
88779,Functions,getHostPrefix
88782,Functions,getEmailType
88788,Functions,get_isUserSubjectToGDPR
88790,Functions,get_hasConsentForDataUsage
88792,Functions,get_hasConsentForAdsPersonalization
88806,Functions,get_statusCode
88807,Functions,get_errorDescription
88812,Functions,getMatchType
88813,Functions,getDeepLinkValue
88814,Functions,getClickHttpReferrer
88815,Functions,getMediaSource
88816,Functions,getCampaign
88817,Functions,getCampaignId
88818,Functions,getAfSub1
88819,Functions,getAfSub2
88820,Functions,getAfSub3
88821,Functions,getAfSub4
88822,Functions,getAfSub5
88824,Functions,getDeepLinkDictionary
88825,Functions,getDeepLinkParameter
88834,Economy,UNEXPECTED
88863,Functions,get_IsNamespaceDeclaration
88894,Functions,GetFirstNode
88905,Functions,GetNamespaceOfPrefixInScope
88910,Functions,<GetAttributes>d__116
88936,Functions,get_NamespaceName
88937,Economy,expandedName
88941,Functions,get_Xml
88952,Functions,GetXmlString
88955,Functions,get_HasBaseUri
88959,Functions,GetSaveOptionsFromAnnotations
88974,Functions,GetTokenAsync
88996,Economy,SendGaugeMetric
89010,Functions,GetOrCreateIdentifier
89013,Functions,GetCloudProjectId
89028,Functions,get_ComponentTypeHashToInstance
89031,Functions,GetServiceComponent
89040,Functions,get_Registry
89054,Functions,get_PackageRegistry
89056,Functions,get_ComponentRegistry
89058,Functions,get_ServiceRegistry
89072,Functions,sortedPackageTypeHashes
89074,Functions,m_SortedPackageTypeHashes
89076,Functions,<InitializeRegistryAsync>g__GetPackageAt|1
89087,Functions,packageToInstance
89089,Functions,packageToComponentDependencies
89091,Functions,PackageTypeHashToInstance
89093,Functions,PackageTypeHashToComponentTypeHashDependencies
89098,Functions,GetPackageJObject
89100,Functions,GetComponentJObject
89101,Functions,GetComponentIdentifier
89103,Functions,SortRegisteredPackagesIntoTarget
89107,Functions,packageTypeHash
89110,Functions,GetPackageTypeHashes
89111,Functions,GetPackageTypeHashFor
89112,Functions,GetDependencyTypeHashesFor
89113,Economy;Functions,m_PackageTypeHashExplorationHistory
89114,Economy,ExplorationMark
89123,Functions,get_IntendedType
89128,Functions,PackageType
89131,Functions,get_Tree
89140,Functions,get_ServiceTypeHashToInstance
89150,Economy,<AllPackageMetrics>k__BackingField
89188,Functions,GetTextAsync
89190,Functions,<GetTextAsync>g__CompleteFetchTaskOnRequestCompleted|0
89205,Economy;Functions,GetHexPrintingStr
89208,Functions,get_IsIndefiniteLength
89209,Functions,get_MaskedTag
89212,Functions,GetLastChild
89213,Functions,get_ChildNodeCount
89214,Functions,GetChildNode
89215,Functions,get_TagName
89217,Functions,GetDataStr
89218,Functions,get_DataLength
89219,Functions,get_Deepness
89220,Functions,set_RequireRecalculatePar
89221,Functions,RecalculateTreePar
89227,Functions,GetListStr
89228,Functions,GetIndentStr
89245,Functions,CalculateListEncodeFieldBytesAndOffset
89263,Functions,requireRecalculatePar
89279,Functions,RequireRecalculatePar
89281,Functions,GetNodeTextHeader
89282,Functions,GetNodeText
89294,Functions,GetTagName
89297,Functions,GetOidName
89309,Functions,GetSetNode
89319,Functions,get_Country
89321,Functions,get_Organization
89323,Functions,get_OrganizationalUnit
89325,Functions,get_Dnq
89327,Functions,get_CommonName
89339,Functions,get_ValidAfter
89341,Functions,get_ValidBefore
89343,Functions,get_PubKey
89386,Functions,get_sinfos
89388,Functions,get_certChain
89402,Functions,get_IssuerSerialNumber
89404,Functions,get_EncryptedDigest
89413,Functions,get_rsa
89437,Functions,get_center_Injected
89439,Functions,get_size_Injected
89457,Functions,get_attachedRigidbody
89459,Functions,get_attachedRigidbody_Injected
89466,Functions,get_invokeCollisionCallbacks
89473,Functions,get_reuseCollisionCallbacks
89474,Functions,GetColliderByInstanceID
89475,Functions,GetBodyByInstanceID
89482,Functions,GetCollisionToReport
89483,Functions,get_gravity_Injected
89485,Functions,GetColliderByInstanceID_Injected
89486,Functions,GetBodyByInstanceID_Injected
89511,Functions,get_otherBody
89512,Functions,get_hasRemovedBody
89513,Functions,GetContactPair
89514,Functions,GetContactPair_Internal
89522,Functions,get_otherCollider
89523,Functions,get_isCollisionEnter
89524,Functions,get_isCollisionExit
89525,Functions,get_isCollisionStay
89526,Functions,get_hasRemovedCollider
89529,Functions,GetContactPoint
89530,Functions,GetContactPoint_Internal
89542,Functions,get_separation
89543,Functions,get_impulse
89562,CombatStats,NotifyTouchPersists
89578,Functions,GetDefaultScene
89589,Functions,get_rigidbody
89604,Functions,get_useGravity
89607,Functions,get_constraints
89610,Functions,get_linearVelocity_Injected
89613,Functions,get_useGravity_Injected
89615,Functions,get_constraints_Injected
89621,Functions,get_radius_Injected
89629,Functions,OnStateUpdate
89663,Functions,get_clip
89668,Functions,get_normalizedTime
89671,CombatStats,m_Speed
89672,CombatStats,m_SpeedMultiplier
89684,Functions,GetAnimatorStateInfo
89685,Functions,GetCurrentAnimatorStateInfo
89686,Functions,GetCurrentAnimatorClipInfo
89687,CombatStats,set_speed
89693,Functions,get_runtimeAnimatorController
89695,Functions,get_hasBoundPlayables
89701,Functions,GetAnimatorStateInfo_Injected
89702,Functions,GetCurrentAnimatorClipInfo_Injected
89703,CombatStats,set_speed_Injected
89706,Functions,get_runtimeAnimatorController_Injected
89708,Functions,get_hasBoundPlayables_Injected
89740,Functions,get_animationClips
89741,Functions,get_animationClips_Injected
89767,Functions,get_faceIndex
89768,Functions,get_familyName
89769,Functions,get_styleName
89770,Functions,get_unitsPerEM
89772,Functions,get_ascentLine
89773,Functions,get_capLine
89775,Functions,get_meanLine
89777,Functions,get_baseline
89778,Functions,get_descentLine
89779,Functions,get_superscriptOffset
89780,Functions,get_superscriptSize
89781,Functions,get_subscriptOffset
89782,Functions,get_subscriptSize
89783,Functions,get_underlineOffset
89784,Functions,get_underlineThickness
89785,Functions,get_strikethroughOffset
89787,Functions,get_tabWidth
89824,Functions,get_horizontalBearingX
89825,Functions,get_horizontalBearingY
89826,Functions,get_horizontalAdvance
89837,Functions,get_metrics
89839,Functions,get_glyphRect
89841,Functions,get_atlasIndex
89901,CombatStats,GlyphPackingMode
89915,Functions,TryGetSystemFontReference_Internal
89916,Functions,GetFaceInfo
89917,Functions,GetFaceInfo_Internal
89918,Functions,GetFontFaces
89919,Functions,GetFontFaces_Internal
89920,Functions,GetVariantGlyphIndex
89921,Functions,TryGetGlyphWithUnicodeValue
89923,Functions,TryGetGlyphWithUnicodeValue_Internal
89924,Functions,TryGetGlyphWithIndexValue
89925,Functions,TryGetGlyphWithIndexValue_Internal
89935,Functions,GetAllLigatureSubstitutionRecords
89936,Functions,GetLigatureSubstitutionRecords
89939,Functions,GetLigatureSubstitutionRecordsFromMarshallingArray
89940,CombatStats;Functions,GetGlyphPairAdjustmentTable
89942,Functions,GetAllPairAdjustmentRecords
89943,Functions,GetPairAdjustmentRecords
89945,Functions,GetPairAdjustmentRecordsFromMarshallingArray
89946,Functions,GetAllMarkToBaseAdjustmentRecords
89947,Functions,GetMarkToBaseAdjustmentRecords
89950,Functions,GetMarkToBaseAdjustmentRecordsFromMarshallingArray
89951,Functions,GetAllMarkToMarkAdjustmentRecords
89952,Functions,GetMarkToMarkAdjustmentRecords
89954,Functions,GetMarkToMarkAdjustmentRecordsFromMarshallingArray
89964,Functions,TryGetSystemFontReference_Internal_Injected
89969,Functions,GetAllPairAdjustmentRecords_Injected
89971,Functions,GetPairAdjustmentRecordsFromMarshallingArray_Injected
89972,Functions,GetAllMarkToBaseAdjustmentRecords_Injected
89974,Functions,GetMarkToBaseAdjustmentRecordsFromMarshallingArray_Injected
89975,Functions,GetAllMarkToMarkAdjustmentRecords_Injected
89977,Functions,GetMarkToMarkAdjustmentRecordsFromMarshallingArray_Injected
89989,Functions,s_GlyphLookupDictionary
89995,CombatStats,GlyphPairAdjustmentRecord
89999,Functions,get_blocksRaycasts
90000,Functions,get_ignoreParentGroups
90002,Functions,get_alpha_Injected
90004,Functions,get_interactable_Injected
90005,Functions,get_blocksRaycasts_Injected
90006,Functions,get_ignoreParentGroups_Injected
90012,Functions,get_materialCount
90015,Functions,get_absoluteDepth
90016,Functions,get_hasMoved
90017,Functions,get_cullTransparentMesh
90019,Functions,get_cull
90039,Functions,get_materialCount_Injected
90042,Functions,get_absoluteDepth_Injected
90043,Functions,get_hasMoved_Injected
90044,Functions,get_cullTransparentMesh_Injected
90046,Functions,get_cull_Injected
90049,Functions,GetColor_Injected
90076,Functions,GetTransposed
90088,Functions,get_isRootCanvas
90089,Functions,get_pixelPerfect
90090,Functions,get_renderOrder
90091,Functions,get_overrideSorting
90093,Functions,get_additionalShaderChannels
90095,Functions,get_rootCanvas
90096,Functions,get_renderingDisplaySize
90097,Functions,get_externBeginRenderOverlays
90099,Functions,get_externRenderOverlaysBefore
90101,Functions,get_externEndRenderOverlays
90104,Functions,get_worldCamera
90106,Functions,GetDefaultCanvasMaterial
90107,Functions,GetETC1SupportedCanvasMaterial
90108,Functions,ForceUpdateCanvases
90114,Functions,get_renderMode_Injected
90115,Functions,get_isRootCanvas_Injected
90116,Functions,get_scaleFactor_Injected
90118,Functions,get_referencePixelsPerUnit_Injected
90120,Functions,get_pixelPerfect_Injected
90121,Functions,get_renderOrder_Injected
90122,Functions,get_overrideSorting_Injected
90124,Functions,get_additionalShaderChannels_Injected
90126,Functions,get_rootCanvas_Injected
90127,Functions,get_renderingDisplaySize_Injected
90128,Functions,get_worldCamera_Injected
90130,Functions,GetDefaultCanvasMaterial_Injected
90131,Functions,GetETC1SupportedCanvasMaterial_Injected
90167,Functions,get_dspTime
90179,Functions,get_muteState
90181,Functions,get_stopAudioOutputOnMute
90183,Progression,InvokeOnMuteStateChanged
90187,Progression,OnMuteStateChanged
90207,Functions,get_pause
90209,Functions,GetPitch
90216,Functions,get_volume
90218,Functions,get_pitch
90226,Functions,GetPitch_Injected
90231,Functions,get_volume_Injected
90238,Economy,UnityEngine.Experimental.Audio
90262,Functions,get_isFinite
90263,Functions,get_isRealtime
90274,Functions,<controlUpdateSetting>k__BackingField
90275,Functions,<realtimeUpdateSetting>k__BackingField
90276,Functions,UpdateSetting
90277,Functions,NeverUpdate
90278,Functions,UpdateIfDataIsAvailable
90279,Functions,UpdateAlways
90306,Functions,get_AtomicNode
90308,Functions,get_ValidAndNotDisposed
90360,Functions,ConnectionChangeType
90363,Functions,get_internalType
90367,Functions,get_deviceId
90370,Functions,get_featureIndex
90385,Functions,renderTarget
90386,Functions,renderTargetDesc
90387,Functions,renderTargetScaledWidth
90388,Functions,renderTargetScaledHeight
90390,Functions,motionVectorRenderTarget
90391,Functions,motionVectorRenderTargetDesc
90410,Functions,InvokeTrackingOriginUpdatedEvent
90412,Functions,trackingOriginUpdated
90430,Functions,get_MeshId
90431,Functions,get_Mesh
90432,Functions,get_MeshCollider
90433,Functions,get_Rotation
90452,Functions,GetParticleCurrentSize
90453,Functions,GetParticleCurrentColor
90454,Functions,GetParticles
90462,Functions,get_textureSheetAnimation
90463,Functions,get_isPlaying_Injected
90464,Functions,GetParticleCurrentSize_Injected
90465,Functions,GetParticleCurrentColor_Injected
90466,Functions,GetParticles_Injected
90473,Functions,get_simulationSpace
90474,Functions,get_scalingMode
90476,Functions,get_playOnAwake
90477,Functions,get_maxParticles
90485,Functions,get_numTilesX
90486,Functions,get_numTilesY
90487,Functions,get_frameOverTime
90488,Functions,get_frameOverTimeBlittable
90489,Functions,get_cycleCount
90490,Functions,get_rowIndex
90491,Functions,get_frameOverTimeBlittable_Injected
90497,Functions,get_remainingLifetime
90499,Functions,get_startLifetime
90502,Functions,get_rotation3D
90506,Functions,GetCurrentSize
90507,Functions,GetCurrentColor
90525,Functions,get_curveMin
90526,Functions,get_constant
90527,Functions,get_curve
90575,Functions,GetMeshes
90576,Functions,GetMeshes_Injected
90580,Functions,get_appConfig
90626,Functions,GetISOCodeFromLangStruct
90647,Functions,get_ConfigManagerImpl
90652,Functions,<get_ConfigManagerImpl>b__9_0
90666,Functions,<GetKeys>b__34_0
90673,CombatStats,TouchPhase
90679,Functions,get_fingerId
90680,Functions,get_rawPosition
90682,Functions,get_tapCount
90683,Functions,get_phase
90684,Functions,get_maximumPossiblePressure
90715,Functions,GetKeyInt
90716,Functions,GetKeyUpInt
90717,Functions,GetKeyDownInt
90718,Functions,GetKeyUp
90719,Functions,GetKeyDown
90721,Functions,get_simulateTouchEnabled
90722,Functions,GetMousePresentInternal
90723,Functions,GetTouchSupportedInternal
90725,Functions,GetTouch_Injected
90726,Functions,GetLastPenContactEvent_Injected
90727,Functions,get_mouseScrollDelta_Injected
90728,Functions,get_compositionCursorPos_Injected
90732,Functions,UpdateMouse
90740,Functions,s_GetMouseState
90746,Functions,GetKeyString__Unmanaged
90747,Functions,GetKeyUpString__Unmanaged
90748,Functions,GetKeyDownString__Unmanaged
90750,Functions,GetAxis__Unmanaged
90751,Functions,GetAxisRaw__Unmanaged
90753,Functions,GetButton__Unmanaged
90754,Functions,GetButtonDown__Unmanaged
90755,Functions,GetButtonUp__Unmanaged
90756,Functions,GetAxis_Injected
90757,Functions,GetAxisRaw_Injected
90758,Functions,GetButtonDown_Injected
90768,CombatStats,FindAllRefreshPositions
90771,Functions,GetAllTileData
90775,CombatStats,m_RefreshPos
90778,Functions,get_colliderType
90781,Functions,GetTileData
90787,Functions,GetTileDataNoRef
90789,Functions,GetTileAnimationData
90790,Functions,GetTileAnimationDataNoRef
90792,Functions,GetTileAnimationDataRef
90797,Functions,get_bufferSyncTile
90810,Functions,GetLoopEndedForTileAnimationCallbackSettings
90812,Functions,GetSyncTileCallbackSettings
90838,Functions,UpdatePhysics
90852,CombatStats,m_AnimationSpeed
90856,Functions,get_terrainData
90857,Functions,get_allowAutoConnect
90858,Functions,get_groupingID
90860,Functions,get_activeTerrains
90861,Functions,get_terrainData_Injected
90862,Functions,get_allowAutoConnect_Injected
90863,Functions,get_groupingID_Injected
90881,Functions,GetBoundaryValue
90882,Functions,GetAlphamapResolutionInternal
90883,Functions,get_users
90884,Functions,GetAlphamapResolutionInternal_Injected
90885,Functions,get_users_Injected
90914,Functions,GetTerrain
90920,Functions,get_terrainTiles
91019,Economy,PackageManagerBaseAnalytic
91022,Economy,PackageManagerAddPackageAnalytic
91023,Economy,CreatePackageManagerAddPackageAnalytic
91024,Economy,PackageManagerTestAnalytic
91025,Economy,CreatePackageManagerTestAnalytic
91026,Economy,PackageManagerRemovePackageAnalytic
91027,Economy,CreatePackageManagerRemovePackageAnalytic
91028,Economy,PackageManagerResolvePackageAnalytic
91029,Economy,CreatePackageManagerResolvePackageAnalytic
91038,Economy,PackageManagerEmbedPackageAnalytic
91039,Economy,CreatePackageManagerEmbedPackageAnalytic
91040,Economy,PackageManagerResetPackageAnalytic
91041,Economy,CreatePackageManagerResetPackageAnalytic
91042,Economy,PackageManagerResolveErrorPackageAnalytic
91043,Economy,CreatePackageManagerResolveErrorPackageAnalytic
91044,Economy,PackageManagerStartServerPackageAnalytic
91045,Economy,CreatePackageManagerStartServerPackageAnalytic
91060,Economy,AssetExportAnalytic
91061,Economy,CreateAssetExportAnalytic
91106,Economy,set_HasExplicitThis
91111,Economy,<HasExplicitThis>k__BackingField
91115,Economy,HasExplicitThis
91117,Functions,set_TargetType
91118,Functions,<TargetType>k__BackingField
91158,Functions,get_IsRunningOnMainThread
91168,Functions,GetGameObjects
91205,Functions,GetRecordPath
91228,Functions,GetId_Injected
91239,Functions,GetIntegratedSubsystemByPtr
91261,CombatStats,SubsystemDescriptorWithProvider
91262,CombatStats,SubsystemWithProvider
91268,Functions,get_stoppingDistance
91269,Functions,get_remainingDistance
91270,Functions,get_pathStatus
91271,CombatStats;Functions,get_speed
91272,CombatStats;Functions,get_angularSpeed
91273,Functions,set_updateRotation
91276,Functions,get_stoppingDistance_Injected
91277,Functions,get_velocity_Injected
91279,Functions,get_remainingDistance_Injected
91280,Functions,get_pathStatus_Injected
91281,CombatStats;Functions,get_speed_Injected
91282,CombatStats;Functions,get_angularSpeed_Injected
91283,Functions,set_updateRotation_Injected
91288,CombatStats,angularSpeed
91289,Functions,updateRotation
91294,Functions,ClearPreUpdateListeners
91295,CombatStats;Functions,Internal_CallOnNavMeshPreUpdate
91298,Functions,CalculatePath
91299,Functions,CalculatePathInternal
91301,Functions,CalculatePathInternal_Injected
91303,Functions,onPreUpdate
91304,CombatStats;Functions,OnNavMeshPreUpdate
91305,CombatStats,NavMeshPathStatus
91307,CombatStats,PathPartial
91309,CombatStats,NavMeshPath
91310,CombatStats,InitializeNavMeshPath
91311,CombatStats,DestroyNavMeshPath
91315,CombatStats,navMeshPath
91324,Functions,get_DefaultLogger
91325,Functions,get_UnityLogger
91332,Functions,get_EditorSerializationFormat
91334,Functions,get_BuildSerializationFormat
91361,Functions,updateBounds
91364,Functions,get_characterCountVisible
91366,Functions,GetLines
91370,Functions,get_verts
91371,Functions,get_characters
91372,Functions,get_lines
91373,Functions,get_rectExtents
91374,Functions,get_lineCount
91381,Functions,GetVerticesInternal
91382,Functions,GetCharactersInternal
91383,Functions,GetLinesInternal
91384,Functions,get_rectExtents_Injected
91385,Functions,get_characterCount_Injected
91386,Functions,get_lineCount_Injected
91388,Functions,GetVerticesInternal_Injected
91389,Functions,GetCharactersInternal_Injected
91390,Functions,GetLinesInternal_Injected
91422,Functions,get_dynamic
91424,Functions,GetDefault
91425,Functions,GetPathsToOSFonts
91426,Functions,GetOSFallbacks
91428,Functions,get_material_Injected
91429,Functions,get_dynamic_Injected
91430,Functions,GetDefault_Injected
91439,Functions,wasLastUpdatedFromServer
91440,Functions,RemoteSettingsUpdated
91443,Functions,RemoteSettingsUpdateCompleted
91444,Functions,Updated
91446,Functions,UpdatedEventHandler
91448,Functions,RemoteConfigSettingsUpdated
91471,Progression,CallSessionStateChanged
91473,Progression,sessionStateChanged
91475,Progression,SessionStateChanged
91483,CombatStats;Functions,_requiresRestartFromSpawnPoint
91492,Functions,GetTween
91493,Functions,GetFullWps
91497,Functions,upDirection
91513,Economy,ExpandThenContract
91521,Functions,hasOnUpdate
91531,CombatStats;Functions,RestartFromSpawnPoint
91546,Functions,GetAssetBundle
91549,Functions,get_assetBundle
91550,Functions,get_assetBundle_Injected
91555,Functions,GetAllScenePaths
91556,Functions,GetAllScenePaths_Injected
91563,Functions,NativeUpdateCallback
91569,Functions,NativeInputUpdateType
91573,Functions,NotifyBeforeUpdate
91577,Functions,ShouldRunUpdate
91579,Functions,onBeforeUpdate
91580,Functions,onShouldRunUpdate
91588,Heroes,LoadImage
91590,Heroes,LoadImage_Injected
91594,Functions,get_eyeTextureDesc
91595,Functions,get_eyeTextureDesc_Injected
91604,Functions,get_ActionScheduler
91606,Functions,get_InstallationId
91608,Functions,get_ProjectConfig
91610,Functions,get_Environments
91612,Functions,get_ExternalUserId
91615,Functions,get_DiagnosticsFactory
91617,Functions,get_MetricsFactory
91619,Functions,get_UnityThreadUtils
91628,Functions,GetSerializedConfigOrEmptyAsync
91655,Functions,<GetSerializedConfigOrEmptyAsync>d__54
91662,Functions,get_IsSuccessful
91664,Functions,GetResultImpl
91676,Functions,skipFinalUpdate
91704,Functions,<GetAssetBundle>d__12
91710,CombatStats,ScrollSpeed
91725,Economy,ExecuteExpiredActions
91727,Functions,UpdateCurrentPlayerLoopWith
91734,Economy,m_ExpiredActions
91741,Functions,GetParentIndex
91742,Functions,GetLeftChildIndex
91743,Functions,GetRightChildIndex
91744,Functions,<MinHeapify>g__UpdateSmallestIndex|21_0
91745,Functions,<MinHeapify>g__UpdateSmallestIfCandidateIsSmaller|21_1
91763,Functions,get_ConfigurationLoader
91767,Functions,GetConfigAsync
91774,Functions,<GetConfigAsync>d__2
91776,Functions,GetFileTextFromStreamingAssetsAsync
91788,Functions,get_InstantiationCompletion
91790,Functions,get_s_Services
91802,Functions,get_UnityThreadScheduler
91804,Functions,get_IsRunningOnUnityThread
91874,Functions,get_EditorBuildTarget
91875,Functions,set_EditorBuildTarget
91876,Functions,get_SelectedAppIndex
91878,Functions,get_AppIds
91880,Functions,get_AppLabels
91882,Functions,get_ClientTokens
91884,Functions,get_IsValidAppId
91886,Functions,get_Logging
91888,Functions,get_Xfbml
91890,Functions,get_AndroidKeystorePath
91892,Functions,get_IosURLSuffix
91894,Functions,get_ChannelUrl
91895,Functions,get_FrictionlessRequests
91897,Functions,get_AppLinkSchemes
91899,Functions,get_UploadAccessToken
91901,Functions,get_AutoLogAppEventsEnabled
91903,Functions,get_AdvertiserIDCollectionEnabled
91905,Functions,get_NullableInstance
91922,Functions,editorBuildTargetName
91923,Functions,EditorBuildTarget
91939,Functions,BuildTarget
91948,Functions,get_Schemes
91956,Functions,GetReviewInfo
91984,Functions,get_bundleID
91989,Functions,get_receiptCreationDate
92002,Functions,get_quantity
92004,Functions,get_productID
92006,Functions,get_originalTransactionIdentifier
92008,Functions,get_purchaseDate
92011,Economy;Functions,get_subscriptionExpirationDate
92012,Economy,set_subscriptionExpirationDate
92013,Functions,get_cancellationDate
92015,Functions,get_isFreeTrial
92017,Functions,get_productType
92019,Economy;Functions,get_isIntroductoryPricePeriod
92020,Economy,set_isIntroductoryPricePeriod
92026,Economy,<subscriptionExpirationDate>k__BackingField
92030,Economy,<isIntroductoryPricePeriod>k__BackingField
92033,Economy,subscriptionExpirationDate
92035,Economy,isIntroductoryPricePeriod
92038,Functions,get_orderID
92040,Functions,get_packageName
92059,Functions,GetUnityActivity
92060,Functions,GetSharedPreferences
92062,Functions,SharedPreferencesGetString
92067,Functions,get_IdentifierForInstallAndroid
92125,Economy,isNameSetExplicitly
92128,Functions,get_IsRequired
92130,Functions,get_EmitDefaultValue
92135,Economy,isValueSetExplicitly
92156,Functions,<PackageTags>k__BackingField
92183,Functions,GetConsentState
92184,Progression,OnConsentStateChanged
92185,Functions,GetConsentState_Injected
92186,Progression,consentStateChanged
92197,Functions,get_installationId
92198,Functions,GetInstallationId
92199,Functions,GetInstallationId_Injected
96089,Heroes,&herotd.combatbundle$herotd.powerbundle.herotd.efficiencybundle
96090,Heroes,herotd.skipads.herotd.offlineunlimited
96091,Heroes;CombatStats,herotd.damage3x
96093,Heroes;Economy,herotd.gems1
96094,Heroes;Economy,herotd.gems2
96095,Heroes;Economy,herotd.gems3
96096,Heroes;Economy,herotd.gems4
96097,Heroes;Economy,herotd.gems5
96098,Bosses;Heroes;Progression;Economy;Functions,"herotd.respack4 herotd.runepack4""herotd.tokenpack4&herotd.tournrewards(herotd.pvpboss2xperm"
96102,Heroes;CombatStats,<color=orange>
96116,Economy,production&com.example.50.gems*com.example.1000.gems$com.example.no.ads4com.example.adventure.pass*com.example.double.xp
96128,Functions,EpicToonFX|ETFXTarget
96138,Heroes,FlatKit|FogImageEffect
96139,Heroes,FlatKit|OutlineImageEffect
96141,WavePerks,|AnimationCardOpener
96167,Economy;Functions,TSamples.Purchasing.AppleAppStore.GettingIntroductoryPrices|GettingIntroductoryPrices
96178,Heroes,7Unity.Advertisement.IosSupport.Samples|AutoSwitchLayout
96215,CombatStats,&TMPro.Examples|TextMeshProFloatingText
96226,Automation,|AutomationActiveHudCell
96227,Automation,|AutomationActiveHudPanel
96228,Automation,|AutomationFunctionActiveCell
96229,Automation,|AutomationFunctionCell
96230,Automation,|AutomationFunctionDetailsMenu
96231,Automation,|AutomationInfoPanel
96232,Automation,|AutomationPanel
96233,Automation,|AutomationUpgradeActiveCell
96234,Automation,|AutomationUpgradeCell
96241,Bosses,|BossPanel
96242,Bosses,|BossPanelSidePanel
96253,Functions,|EnemyTargetedCircle
96259,Heroes,|Hero
96260,Heroes,|HeroBuildCell
96261,Heroes,|HeroBuildMenu
96262,Heroes,|HeroData
96263,Heroes,|HeroManager
96264,Heroes,|HeroMenu
96265,Heroes,|HeroMenuAttributeCell
96266,Heroes,|HeroMenuButton
96267,Heroes,|HeroMenuInfoPanel
96268,Heroes;Progression;Functions,|HeroMenuRankPanel
96269,Heroes,|HeroMenuSettingsPanel
96270,Heroes,|HeroMenuSynergyCell
96271,Heroes,|HeroMenuSynergyPanel
96272,Heroes,|HeroObjTracker
96273,Heroes,|HeroPlacement
96274,Heroes,|HeroSelectedCombatStyleCell
96275,Heroes,|HeroSelectedCombatStylePanel
96276,Heroes;Progression;Functions,|HeroSelectedLevelMilestoneCell
96277,Heroes;Functions,|HeroSelectedLevelMultCell
96278,Heroes;Functions,|HeroSelectedLevelPanel
96279,Heroes;Functions,"""HeroSelectedLevelPanel|NewHeroData"
96280,Heroes,|HeroSelectedPanel
96281,Heroes;Progression;Functions,|HeroSelectedRankPanel
96282,Heroes,|HeroSelectedStatsPanel
96283,Heroes,|HeroSelectedSynergyCell
96284,Heroes,!|HeroSelectedSynergyCellMinimized
96285,Heroes,|HeroSelectedSynergyPanel
96286,Heroes;Functions,|HeroSelectedTargetingPanel
96289,CombatStats,|HotkeySpellsPanel
96294,Heroes,|ImagesManager
96304,Progression,|MapPerkUpgradeCell
96305,Progression,|MapPerkUpgradePanel
96306,Functions,|MapPlacementBonusButton
96307,Progression;Economy;Functions,|MapPlacementBonusPrestigeMenu
96310,Heroes,|Map_AstralSwitch
96324,Progression,|NewRunesCell
96325,Progression,|NewRunesPanel
96334,Progression,|PlayerBattlepassCell
96335,Progression,|PlayerBattlepassPanel
96336,Progression,|PlayerBattlepassParent
96343,Heroes,|PresetsHeroPanel
96346,CombatStats,|PresetsSpellPanel
96347,Progression,|PrestigePanel
96350,Heroes,|PromoHeroPanel
96357,Progression,|PvpTournamentPanel
96358,Bosses,|PvpWeeklyBossPanel
96365,CombatStats,|SpellButton
96370,Heroes;CombatStats,|TextDamage
96377,Functions,-UnityGamingServices|UpdateLeaderboardResponse
96382,Economy,|UpgradesGemsCell
96383,Economy,|UpgradesGemsPanel
96385,Progression,|UpgradesMasteryCell
96386,Progression,|UpgradesMasteryPanel
96390,Progression,|UpgradesResearchCell
96391,Progression;CombatStats,|UpgradesResearchPanel
96392,Progression,|UpgradesRunesCell
96393,Progression,|UpgradesRunesPanel
96394,CombatStats,|UpgradesSpellsCell
96395,CombatStats,|UpgradesSpellsPanel
96396,Progression,|UpgradesTechCell
96397,Progression;CombatStats,|UpgradesTechPanel
96398,Progression,|UpgradesTournamentCell
96399,Progression,|UpgradesTournamentPanel
96400,Bosses,|UpgradesUltimusCell
96401,Bosses,|UpgradesUltimusPanel
96405,Progression;WavePerks,|WavePerkPriorityCell
96406,Progression;WavePerks,|WavePerkPriorityPanel
96407,Progression;WavePerks,|WavePerksCard
96408,Progression;WavePerks,|WavePerksCell
96409,Progression;WavePerks,|WavePerksPanel
96421,Functions,/\Assets\Epic Toon FX\Demo\Scripts\ETFXTarget.cs
96431,Heroes,Q\Assets\FlatKit\[Render Pipeline] Built-in\ImageEffects\Scripts\FogImageEffect.cs
96432,Heroes,U\Assets\FlatKit\[Render Pipeline] Built-in\ImageEffects\Scripts\OutlineImageEffect.cs
96434,WavePerks,A\Assets\GUI Kit Pro - Knight Fight\Scripts\AnimationCardOpener.cs
96460,Economy;Functions,\Assets\Samples\In-App Purchasing\5.2.1\Apple App Store - 05 Getting Introductory Subscription Prices\GettingIntroductoryPrices.cs
96471,Heroes,^\Assets\Samples\iOS 14 Advertising Support\1.0.1\01 Context Screen\Scripts\AutoSwitchLayout.cs
96503,CombatStats,I\Assets\TextMesh Pro\Examples & Extras\Scripts\TextMeshProFloatingText.cs
96504,CombatStats;Functions,A\Assets\TextMesh Pro\Examples & Extras\Scripts\TextMeshSpawner.cs
96513,Automation,",\Assets\_1scripts\AutomationActiveHudCell.cs"
96514,Automation,-\Assets\_1scripts\AutomationActiveHudPanel.cs
96515,Automation,1\Assets\_1scripts\AutomationFunctionActiveCell.cs
96516,Automation,+\Assets\_1scripts\AutomationFunctionCell.cs
96517,Automation,2\Assets\_1scripts\AutomationFunctionDetailsMenu.cs
96518,Automation,(\Assets\_1scripts\AutomationInfoPanel.cs
96519,Automation,$\Assets\_1scripts\AutomationPanel.cs
96520,Automation,0\Assets\_1scripts\AutomationUpgradeActiveCell.cs
96521,Automation,*\Assets\_1scripts\AutomationUpgradeCell.cs
96523,Bosses,\Assets\_1scripts\BossPanel.cs
96524,Bosses,'\Assets\_1scripts\BossPanelSidePanel.cs
96534,Functions,(\Assets\_1scripts\EnemyTargetedCircle.cs
96540,Heroes,\Assets\_1scripts\Hero.cs
96541,Heroes,"""\Assets\_1scripts\HeroBuildCell.cs"
96542,Heroes,"""\Assets\_1scripts\HeroBuildMenu.cs"
96543,Heroes,\Assets\_1scripts\HeroData.cs
96544,Heroes,\Assets\_1scripts\HeroManager.cs
96545,Heroes,\Assets\_1scripts\HeroMenu.cs
96546,Heroes,*\Assets\_1scripts\HeroMenuAttributeCell.cs
96547,Heroes,#\Assets\_1scripts\HeroMenuButton.cs
96548,Heroes,&\Assets\_1scripts\HeroMenuInfoPanel.cs
96549,Heroes;Progression;Functions,&\Assets\_1scripts\HeroMenuRankPanel.cs
96550,Heroes,*\Assets\_1scripts\HeroMenuSettingsPanel.cs
96551,Heroes,(\Assets\_1scripts\HeroMenuSynergyCell.cs
96552,Heroes,)\Assets\_1scripts\HeroMenuSynergyPanel.cs
96553,Heroes,#\Assets\_1scripts\HeroObjTracker.cs
96554,Heroes,"""\Assets\_1scripts\HeroPlacement.cs"
96555,Heroes,0\Assets\_1scripts\HeroSelectedCombatStyleCell.cs
96556,Heroes,1\Assets\_1scripts\HeroSelectedCombatStylePanel.cs
96557,Heroes;Progression;Functions,3\Assets\_1scripts\HeroSelectedLevelMilestoneCell.cs
96558,Heroes;Functions,.\Assets\_1scripts\HeroSelectedLevelMultCell.cs
96559,Heroes;Functions,+\Assets\_1scripts\HeroSelectedLevelPanel.cs
96560,Heroes,&\Assets\_1scripts\HeroSelectedPanel.cs
96561,Heroes;Progression;Functions,*\Assets\_1scripts\HeroSelectedRankPanel.cs
96562,Heroes,+\Assets\_1scripts\HeroSelectedStatsPanel.cs
96563,Heroes,",\Assets\_1scripts\HeroSelectedSynergyCell.cs"
96564,Heroes,5\Assets\_1scripts\HeroSelectedSynergyCellMinimized.cs
96565,Heroes,-\Assets\_1scripts\HeroSelectedSynergyPanel.cs
96566,Heroes;Functions,/\Assets\_1scripts\HeroSelectedTargetingPanel.cs
96569,CombatStats,&\Assets\_1scripts\HotkeySpellsPanel.cs
96572,Heroes,"""\Assets\_1scripts\ImagesManager.cs"
96582,Progression,'\Assets\_1scripts\MapPerkUpgradeCell.cs
96583,Progression,(\Assets\_1scripts\MapPerkUpgradePanel.cs
96584,Functions,",\Assets\_1scripts\MapPlacementBonusButton.cs"
96585,Progression;Economy;Functions,2\Assets\_1scripts\MapPlacementBonusPrestigeMenu.cs
96588,Heroes,%\Assets\_1scripts\Map_AstralSwitch.cs
96602,Progression,!\Assets\_1scripts\NewRunesCell.cs
96603,Progression,"""\Assets\_1scripts\NewRunesPanel.cs"
96612,Progression,)\Assets\_1scripts\PlayerBattlepassCell.cs
96613,Progression,*\Assets\_1scripts\PlayerBattlepassPanel.cs
96614,Progression,+\Assets\_1scripts\PlayerBattlepassParent.cs
96621,Heroes,%\Assets\_1scripts\PresetsHeroPanel.cs
96624,CombatStats,&\Assets\_1scripts\PresetsSpellPanel.cs
96625,Progression,"""\Assets\_1scripts\PrestigePanel.cs"
96628,Heroes,#\Assets\_1scripts\PromoHeroPanel.cs
96635,Progression,'\Assets\_1scripts\PvpTournamentPanel.cs
96636,Bosses,'\Assets\_1scripts\PvpWeeklyBossPanel.cs
96643,CombatStats,\Assets\_1scripts\SpellButton.cs
96648,Heroes;CombatStats,\Assets\_1scripts\TextDamage.cs
96656,Economy,%\Assets\_1scripts\UpgradesGemsCell.cs
96657,Economy,&\Assets\_1scripts\UpgradesGemsPanel.cs
96659,Progression,(\Assets\_1scripts\UpgradesMasteryCell.cs
96660,Progression,)\Assets\_1scripts\UpgradesMasteryPanel.cs
96664,Progression,)\Assets\_1scripts\UpgradesResearchCell.cs
96665,Progression;CombatStats,*\Assets\_1scripts\UpgradesResearchPanel.cs
96666,Progression,&\Assets\_1scripts\UpgradesRunesCell.cs
96667,Progression,'\Assets\_1scripts\UpgradesRunesPanel.cs
96668,CombatStats,'\Assets\_1scripts\UpgradesSpellsCell.cs
96669,CombatStats,(\Assets\_1scripts\UpgradesSpellsPanel.cs
96670,Progression,%\Assets\_1scripts\UpgradesTechCell.cs
96671,Progression;CombatStats,&\Assets\_1scripts\UpgradesTechPanel.cs
96672,Progression,+\Assets\_1scripts\UpgradesTournamentCell.cs
96673,Progression,",\Assets\_1scripts\UpgradesTournamentPanel.cs"
96674,Bosses,(\Assets\_1scripts\UpgradesUltimusCell.cs
96675,Bosses,)\Assets\_1scripts\UpgradesUltimusPanel.cs
96679,Progression;WavePerks,)\Assets\_1scripts\WavePerkPriorityCell.cs
96680,Progression;WavePerks,*\Assets\_1scripts\WavePerkPriorityPanel.cs
96681,Progression;WavePerks,"""\Assets\_1scripts\WavePerksCard.cs"
96682,Progression;WavePerks,"""\Assets\_1scripts\WavePerksCell.cs"
96683,Progression;WavePerks,#\Assets\_1scripts\WavePerksPanel.cs
96694,CombatStats,"&(,.026HPRTXZ\^`jlnprtv"
96876,CombatStats,Hp88
96906,CombatStats,8Hp8
96934,CombatStats,!88Hp
97369,Functions,"&HandleEventBubbleUp,HandleEventTrickleDown(ExecuteDefaultAction8ExecuteDefaultActionAtTarget"
97378,Functions,~Cannot modify VisualElement hierarchy during layout calculation
97399,CombatStats,HashProvider
97437,Heroes;CombatStats,Content-Range
97438,Economy,Expires
97453,Economy,Expect
97458,Heroes;CombatStats,If-Range&If-Unmodified-Since
97461,Heroes;CombatStats,Range
97466,Heroes;CombatStats,Accept-Ranges
97487,WavePerks,Discard
97489,Economy,Expires
97508,CombatStats,ahplA
97534,Economy,agemO
97558,CombatStats,ahpla
97643,Economy,agemo
97744,CombatStats,"""$&(*,.02468:<>@BDFHJLNPRTVXZ\^`bdfhprtvxz|~"
97810,CombatStats,#TMPro|TMP_GlyphPairAdjustmentRecord
97924,Progression,T\Library\PackageCache\com.unity.ugui@8ccc29d23a79\Runtime\TMP\TMP_SpriteCharacter.cs
97938,Functions,R\Library\PackageCache\com.unity.ugui@8ccc29d23a79\Runtime\TMP\TMP_UpdateManager.cs
97939,Functions,T\Library\PackageCache\com.unity.ugui@8ccc29d23a79\Runtime\TMP\TMP_UpdateRegistery.cs
97944,CombatStats,L\Library\PackageCache\com.unity.ugui@8ccc29d23a79\Runtime\TMP\TextMeshPro.cs
97945,CombatStats,P\Library\PackageCache\com.unity.ugui@8ccc29d23a79\Runtime\TMP\TextMeshProUGUI.cs
97962,Functions,3PlayFab.ClientModels|AddOrUpdateContactEmailRequest
97963,Functions,2PlayFab.ClientModels|AddOrUpdateContactEmailResult
97968,Economy,2PlayFab.ClientModels|AddUserVirtualCurrencyRequest
97970,Economy;Functions,(PlayFab.ClientModels|AdRewardItemGranted
97971,Economy;Functions,$PlayFab.ClientModels|AdRewardResults
98014,Functions,*PlayFab.ClientModels|GetAccountInfoRequest
98015,Functions,)PlayFab.ClientModels|GetAccountInfoResult
98016,Functions,+PlayFab.ClientModels|GetAdPlacementsRequest
98017,Functions,*PlayFab.ClientModels|GetAdPlacementsResult
98018,Functions,+PlayFab.ClientModels|GetCatalogItemsRequest
98019,Functions,*PlayFab.ClientModels|GetCatalogItemsResult
98020,Functions,",PlayFab.ClientModels|GetCharacterDataRequest"
98021,Functions,+PlayFab.ClientModels|GetCharacterDataResult
98022,Functions,1PlayFab.ClientModels|GetCharacterInventoryRequest
98023,Functions,0PlayFab.ClientModels|GetCharacterInventoryResult
98024,Functions,3PlayFab.ClientModels|GetCharacterLeaderboardRequest
98025,Functions,2PlayFab.ClientModels|GetCharacterLeaderboardResult
98026,Functions,2PlayFab.ClientModels|GetCharacterStatisticsRequest
98027,Functions,1PlayFab.ClientModels|GetCharacterStatisticsResult
98028,Functions,1PlayFab.ClientModels|GetContentDownloadUrlRequest
98029,Functions,0PlayFab.ClientModels|GetContentDownloadUrlResult
98030,Functions,<PlayFab.ClientModels|GetFriendLeaderboardAroundPlayerRequest
98031,Functions,;PlayFab.ClientModels|GetFriendLeaderboardAroundPlayerResult
98032,Functions,0PlayFab.ClientModels|GetFriendLeaderboardRequest
98033,Functions,*PlayFab.ClientModels|GetFriendsListRequest
98034,Functions,)PlayFab.ClientModels|GetFriendsListResult
98035,Functions,9PlayFab.ClientModels|GetLeaderboardAroundCharacterRequest
98036,Functions,8PlayFab.ClientModels|GetLeaderboardAroundCharacterResult
98037,Functions,6PlayFab.ClientModels|GetLeaderboardAroundPlayerRequest
98038,Functions,5PlayFab.ClientModels|GetLeaderboardAroundPlayerResult
98039,Functions,<PlayFab.ClientModels|GetLeaderboardForUsersCharactersRequest
98040,Functions,;PlayFab.ClientModels|GetLeaderboardForUsersCharactersResult
98041,Functions,*PlayFab.ClientModels|GetLeaderboardRequest
98042,Functions,)PlayFab.ClientModels|GetLeaderboardResult
98043,Functions,+PlayFab.ClientModels|GetPaymentTokenRequest
98044,Functions,*PlayFab.ClientModels|GetPaymentTokenResult
98045,Functions,8PlayFab.ClientModels|GetPhotonAuthenticationTokenRequest
98046,Functions,7PlayFab.ClientModels|GetPhotonAuthenticationTokenResult
98047,Functions,1PlayFab.ClientModels|GetPlayerCombinedInfoRequest
98048,Functions,7PlayFab.ClientModels|GetPlayerCombinedInfoRequestParams
98049,Functions,0PlayFab.ClientModels|GetPlayerCombinedInfoResult
98050,Functions,7PlayFab.ClientModels|GetPlayerCombinedInfoResultPayload
98051,Functions,",PlayFab.ClientModels|GetPlayerProfileRequest"
98052,Functions,+PlayFab.ClientModels|GetPlayerProfileResult
98053,Functions,-PlayFab.ClientModels|GetPlayerSegmentsRequest
98054,Functions,",PlayFab.ClientModels|GetPlayerSegmentsResult"
98055,Functions,/PlayFab.ClientModels|GetPlayerStatisticsRequest
98056,Functions,.PlayFab.ClientModels|GetPlayerStatisticsResult
98057,Functions,6PlayFab.ClientModels|GetPlayerStatisticVersionsRequest
98058,Functions,5PlayFab.ClientModels|GetPlayerStatisticVersionsResult
98059,Functions,)PlayFab.ClientModels|GetPlayerTagsRequest
98060,Functions,(PlayFab.ClientModels|GetPlayerTagsResult
98061,Functions,+PlayFab.ClientModels|GetPlayerTradesRequest
98062,Functions,",PlayFab.ClientModels|GetPlayerTradesResponse"
98063,Functions,8PlayFab.ClientModels|GetPlayFabIDsFromFacebookIDsRequest
98064,Functions,7PlayFab.ClientModels|GetPlayFabIDsFromFacebookIDsResult
98065,Functions,DPlayFab.ClientModels|GetPlayFabIDsFromFacebookInstantGamesIdsRequest
98066,Functions,CPlayFab.ClientModels|GetPlayFabIDsFromFacebookInstantGamesIdsResult
98067,Functions,:PlayFab.ClientModels|GetPlayFabIDsFromGameCenterIDsRequest
98068,Functions,9PlayFab.ClientModels|GetPlayFabIDsFromGameCenterIDsResult
98069,Functions,7PlayFab.ClientModels|GetPlayFabIDsFromGenericIDsRequest
98070,Functions,6PlayFab.ClientModels|GetPlayFabIDsFromGenericIDsResult
98071,Functions,6PlayFab.ClientModels|GetPlayFabIDsFromGoogleIDsRequest
98072,Functions,5PlayFab.ClientModels|GetPlayFabIDsFromGoogleIDsResult
98073,Functions,EPlayFab.ClientModels|GetPlayFabIDsFromGooglePlayGamesPlayerIDsRequest
98074,Functions,DPlayFab.ClientModels|GetPlayFabIDsFromGooglePlayGamesPlayerIDsResult
98075,Functions,:PlayFab.ClientModels|GetPlayFabIDsFromKongregateIDsRequest
98076,Functions,9PlayFab.ClientModels|GetPlayFabIDsFromKongregateIDsResult
98077,Functions,FPlayFab.ClientModels|GetPlayFabIDsFromNintendoServiceAccountIdsRequest
98078,Functions,EPlayFab.ClientModels|GetPlayFabIDsFromNintendoServiceAccountIdsResult
98079,Heroes;Functions,DPlayFab.ClientModels|GetPlayFabIDsFromNintendoSwitchDeviceIdsRequest
98080,Heroes;Functions,CPlayFab.ClientModels|GetPlayFabIDsFromNintendoSwitchDeviceIdsResult
98081,Functions,:PlayFab.ClientModels|GetPlayFabIDsFromPSNAccountIDsRequest
98082,Functions,9PlayFab.ClientModels|GetPlayFabIDsFromPSNAccountIDsResult
98083,Functions,9PlayFab.ClientModels|GetPlayFabIDsFromPSNOnlineIDsRequest
98084,Functions,8PlayFab.ClientModels|GetPlayFabIDsFromPSNOnlineIDsResult
98085,Functions,5PlayFab.ClientModels|GetPlayFabIDsFromSteamIDsRequest
98086,Functions,4PlayFab.ClientModels|GetPlayFabIDsFromSteamIDsResult
98087,Heroes;Functions,6PlayFab.ClientModels|GetPlayFabIDsFromTwitchIDsRequest
98088,Heroes;Functions,5PlayFab.ClientModels|GetPlayFabIDsFromTwitchIDsResult
98089,Functions,8PlayFab.ClientModels|GetPlayFabIDsFromXboxLiveIDsRequest
98090,Functions,7PlayFab.ClientModels|GetPlayFabIDsFromXboxLiveIDsResult
98091,Functions,",PlayFab.ClientModels|GetPublisherDataRequest"
98092,Functions,+PlayFab.ClientModels|GetPublisherDataResult
98093,Functions,'PlayFab.ClientModels|GetPurchaseRequest
98094,Functions,&PlayFab.ClientModels|GetPurchaseResult
98095,Functions,%PlayFab.ClientModels|GetSegmentResult
98096,Functions,.PlayFab.ClientModels|GetSharedGroupDataRequest
98097,Functions,-PlayFab.ClientModels|GetSharedGroupDataResult
98098,Functions,)PlayFab.ClientModels|GetStoreItemsRequest
98099,Functions,(PlayFab.ClientModels|GetStoreItemsResult
98100,Functions,#PlayFab.ClientModels|GetTimeRequest
98101,Functions,"""PlayFab.ClientModels|GetTimeResult"
98102,Functions,(PlayFab.ClientModels|GetTitleDataRequest
98103,Functions,'PlayFab.ClientModels|GetTitleDataResult
98104,Functions,(PlayFab.ClientModels|GetTitleNewsRequest
98105,Functions,'PlayFab.ClientModels|GetTitleNewsResult
98106,Functions,-PlayFab.ClientModels|GetTitlePublicKeyRequest
98107,Functions,",PlayFab.ClientModels|GetTitlePublicKeyResult"
98108,Functions,*PlayFab.ClientModels|GetTradeStatusRequest
98109,Functions,+PlayFab.ClientModels|GetTradeStatusResponse
98110,Functions,'PlayFab.ClientModels|GetUserDataRequest
98111,Functions,&PlayFab.ClientModels|GetUserDataResult
98112,Functions,",PlayFab.ClientModels|GetUserInventoryRequest"
98113,Functions,+PlayFab.ClientModels|GetUserInventoryResult
98142,Heroes,6PlayFab.ClientModels|LinkNintendoSwitchDeviceIdRequest
98143,Heroes,5PlayFab.ClientModels|LinkNintendoSwitchDeviceIdResult
98149,Heroes,-PlayFab.ClientModels|LinkTwitchAccountRequest
98150,Heroes,",PlayFab.ClientModels|LinkTwitchAccountResult"
98169,Heroes,;PlayFab.ClientModels|LoginWithNintendoSwitchDeviceIdRequest
98171,CombatStats,",PlayFab.ClientModels|LoginWithPlayFabRequest"
98172,CombatStats,(PlayFab.ClientModels|LoginWithPSNRequest
98174,Heroes,+PlayFab.ClientModels|LoginWithTwitchRequest
98179,Economy,4PlayFab.ClientModels|ModifyUserVirtualCurrencyResult
98182,Heroes;CombatStats,0PlayFab.ClientModels|NintendoSwitchPlayFabIdPair
98201,CombatStats,/PlayFab.ClientModels|RefreshPSNAuthTokenRequest
98220,Economy;Functions,",PlayFab.ClientModels|RewardAdActivityRequest"
98221,Economy;Functions,+PlayFab.ClientModels|RewardAdActivityResult
98229,Functions,*PlayFab.ClientModels|SharedGroupDataRecord
98234,Functions,$PlayFab.ClientModels|StatisticUpdate
98240,Economy,7PlayFab.ClientModels|SubtractUserVirtualCurrencyRequest
98245,Heroes;CombatStats,(PlayFab.ClientModels|TwitchPlayFabIdPair
98266,Heroes,8PlayFab.ClientModels|UnlinkNintendoSwitchDeviceIdRequest
98267,Heroes,7PlayFab.ClientModels|UnlinkNintendoSwitchDeviceIdResult
98273,Heroes,/PlayFab.ClientModels|UnlinkTwitchAccountRequest
98274,Heroes,.PlayFab.ClientModels|UnlinkTwitchAccountResult
98280,Functions,+PlayFab.ClientModels|UpdateAvatarUrlRequest
98281,Progression;Functions,/PlayFab.ClientModels|UpdateCharacterDataRequest
98282,Progression;Functions,.PlayFab.ClientModels|UpdateCharacterDataResult
98283,Progression;Functions,5PlayFab.ClientModels|UpdateCharacterStatisticsRequest
98284,Progression;Functions,4PlayFab.ClientModels|UpdateCharacterStatisticsResult
98285,Functions,2PlayFab.ClientModels|UpdatePlayerStatisticsRequest
98286,Functions,1PlayFab.ClientModels|UpdatePlayerStatisticsResult
98287,Functions,1PlayFab.ClientModels|UpdateSharedGroupDataRequest
98288,Functions,0PlayFab.ClientModels|UpdateSharedGroupDataResult
98289,Functions,*PlayFab.ClientModels|UpdateUserDataRequest
98290,Functions,)PlayFab.ClientModels|UpdateUserDataResult
98291,Functions,6PlayFab.ClientModels|UpdateUserTitleDisplayNameRequest
98292,Functions,5PlayFab.ClientModels|UpdateUserTitleDisplayNameResult
98305,Heroes,4PlayFab.ClientModels|UserNintendoSwitchAccountIdInfo
98306,Heroes,3PlayFab.ClientModels|UserNintendoSwitchDeviceIdInfo
98314,Heroes,#PlayFab.ClientModels|UserTwitchInfo
98326,Economy;Functions,0PlayFab.ClientModels|VirtualCurrencyRechargeTime
98416,CombatStats,XhHp
98509,CombatStats,hHpX
98511,CombatStats,+2Hp
98550,CombatStats,lpHP
98556,CombatStats,+HpXhE
98623,Progression;Functions,ranks|
98624,Progression;Functions,ranks|
98671,Functions,^\Library\PackageCache\com.unity.ugui@8ccc29d23a79\Runtime\UGUI\UI\Core\CanvasUpdateRegistry.cs
98680,Functions,[\Library\PackageCache\com.unity.ugui@8ccc29d23a79\Runtime\UGUI\UI\Core\FontUpdateTracker.cs
98687,Heroes,O\Library\PackageCache\com.unity.ugui@8ccc29d23a79\Runtime\UGUI\UI\Core\Image.cs
98708,Heroes,R\Library\PackageCache\com.unity.ugui@8ccc29d23a79\Runtime\UGUI\UI\Core\RawImage.cs
98727,Bosses,`\Library\PackageCache\com.unity.ugui@8ccc29d23a79\Runtime\UGUI\UI\Core\VertexModifiers\Shadow.cs
98745,Functions,/UnityEngine.EventSystems|IUpdateSelectedHandler
98752,Economy,?UnityEngine.EventSystems.EventSystem|UIToolkitOverrideConfigOld
98787,Functions,#UnityEngine.UI|CanvasUpdateRegistry
98835,Progression,4UnityEngine.UI.MaskableGraphic|CullStateChangedEvent
98893,CombatStats,Y\Assets\Plugins\CodeStage\AntiCheatToolkit\Runtime\Scripts\Detectors\SpeedHackDetector.cs
98905,Bosses,h\Assets\Plugins\CodeStage\AntiCheatToolkit\Runtime\Scripts\Genuine\CodeHash\Filtering\FiltersProducer.cs
98991,CombatStats,U\Assets\Plugins\CodeStage\AntiCheatToolkit\Runtime\Scripts\Time\SpeedHackProofTime.cs
99017,CombatStats,/CodeStage.AntiCheat.Detectors|SpeedHackDetector
99030,Bosses,4CodeStage.AntiCheat.Genuine.CodeHash|FiltersProducer
99126,CombatStats,+CodeStage.AntiCheat.Time|SpeedHackProofTime
99154,CombatStats,:\Assets\Plugins\Demigiant\DOTweenPro\DOTweenTextMeshPro.cs
99162,Heroes,G\Assets\Plugins\Easy performant outline\Demo\Scripts\UsecaseSwitcher.cs
99170,Functions,@\Assets\Plugins\Easy performant outline\Scripts\OutlineTarget.cs
99173,Functions,F\Assets\Plugins\Easy performant outline\Scripts\RenderTargetUtility.cs
99176,Functions,F\Assets\Plugins\Easy performant outline\Scripts\TargetStateListener.cs
99206,Heroes,|UsecaseSwitcher
99216,Functions,+EPOOutline.OutlineEffect|OutlineTargetGroup
99217,CombatStats,EPOOutline|MeshPool
99219,Functions,EPOOutline|OutlineTarget
99222,Functions,EPOOutline|RenderTargetUtility
99223,Functions,0EPOOutline.RenderTargetUtility|RenderTextureInfo
99229,Functions,EPOOutline|TargetStateListener
99230,Functions,'EPOOutline.TargetStateListener|Callback
99271,Functions,level
99292,Economy;Functions,MaxSdkBase|Reward
99303,Economy;Functions,MaxSdkCallbacks|Rewarded
99362,Functions,!AdjustSdk|AdjustLogLevelExtension
99388,Functions,(\Assets\Adjust\Scripts\AdjustLogLevel.cs
99397,Heroes,3\Assets\AssetKits\ParticleImage\Runtime\Particle.cs
99398,Heroes,8\Assets\AssetKits\ParticleImage\Runtime\ParticleImage.cs
99399,Heroes,@\Assets\AssetKits\ParticleImage\Runtime\ParticleTrailRenderer.cs
99400,Heroes,8\Assets\AssetKits\ParticleImage\Runtime\Utility\Noise.cs
99401,Heroes,?\Assets\AssetKits\ParticleImage\Runtime\Utility\ParticlePool.cs
99402,Heroes,AssetKits.ParticleImage|Particle
99403,Heroes,+AssetKits.ParticleImage.Particle|TrailPoint
99404,Heroes,#AssetKits.ParticleImage|SpriteSheet
99405,Heroes,%AssetKits.ParticleImage|ParticleImage
99406,Heroes,AssetKits.ParticleImage|Burst
99407,Heroes;CombatStats,"""AssetKits.ParticleImage|SpeedRange"
99408,Heroes,AssetKits.ParticleImage|Module
99409,Heroes,",AssetKits.ParticleImage|SeparatedMinMaxCurve"
99410,Heroes,"""AssetKits.ParticleImage|Extensions"
99411,Heroes,-AssetKits.ParticleImage|ParticleTrailRenderer
99412,Heroes,AssetKits.ParticleImage|Noise
99413,Heroes,$AssetKits.ParticleImage|ParticlePool
99423,Economy,1?exP
99637,Functions,"""af_level_achieved&af_add_payment_info"
99647,Functions,af_update@af_opened_from_push_notification&af_location_changed.af_location_coordinates
99649,Functions,af_level
99652,Economy,af_price
99656,Economy,af_currency
109125,CombatStats,*Camera movement speed
109126,CombatStats,Speed of the quick camera movement when holding the 'Left Shift' key
109127,CombatStats,Boost speed
109151,Bosses;Economy,Gold Boss
109152,Bosses;Economy,Energy Boss
109153,Bosses;Economy,Exp Boss
109154,Bosses;Progression,Runes Boss
109155,Bosses;Progression,Tech Boss
109156,Bosses,Ultimus Boss
109157,Bosses,Supreme Ultimus
109160,Economy,Expanded Panel
109180,CombatStats;Functions,Spawn Stuff
109182,CombatStats;Functions,Spawn Enemies
109184,Bosses,Ultra Bosses
109187,CombatStats,Enemy Hp Bar
109188,CombatStats,Skill Effects
109193,CombatStats,Spells
109194,Progression,Prestige
109198,Progression;CombatStats,Skill Mastery
109199,Automation,Automation
109205,Progression;Functions,Level Milestones
109206,Heroes,Synergy Heroes
109210,Functions,Target Enemy
109217,Progression;Functions,Rank
109219,Progression;CombatStats,Skill Mastery
109222,Functions,Level
109225,Heroes,Hero Placements
109226,Heroes,Active Heroes
109227,Heroes;Progression,Hero Milestones
109229,Heroes,Hero Synergies
109231,Functions,Target Enemy
109232,Heroes,Hero Prefabs
109235,Heroes,Hero Buttons
109237,Heroes,",Manually Set This Hero"
109239,Progression,Mastery
109241,CombatStats,Skill
109242,Progression;CombatStats,Skill Mastery
109244,Progression,Milestones
109249,Heroes,This Hero
109250,Heroes,Synergy Hero 1
109251,Heroes,Synergy Hero 2
109252,Heroes,Synergy Hero 3
109259,Functions,Level Panel
109260,Functions,Level Mult
109261,Progression,Milestones Panel
109262,Progression,Milestones Panel
109264,Heroes,This Hero
109267,Heroes,"""Retire Hero Panel"
109269,Progression;Functions,Rank Panel
109271,CombatStats,Skill
109272,Progression;CombatStats,Skill Mastery
109279,CombatStats,Spells
109280,Progression,Runes
109283,Bosses,"""Ultimus Materials"
109313,Progression;Functions,Rank
109314,Economy;Functions,Rewards
109331,Functions,.Central Update Managers
109335,Heroes,"""Melee Projectiles"
109336,Heroes,Mage Projectiles
109337,Heroes;CombatStats,"""Range Projectiles"
109339,CombatStats,Skill Lists
109340,CombatStats,Skill Prefabs
109341,CombatStats,Spells
109350,Economy;Functions,Reward
109357,Progression,Prestige Panel
109363,Heroes;CombatStats,Damage
109368,Bosses;Progression,(Supreme Tech Changes
109369,Progression,Rune Pack Texts
109371,Bosses,*Supreme Token Changes
109372,Economy,Loc Prices
109380,Bosses;Progression,(Supreme Tech Changes
109381,Progression,Rune Pack Texts
109383,Bosses,*Supreme Token Changes
109384,Economy,Loc Prices
109388,Progression;Functions,6Rank Panel (active tourney)
109389,Economy;Functions,BRewards Panel (completed tourney)
109394,Progression;Functions,:Main Panel - Rank and Results
109396,Economy;Functions,Rewards Pop-Up
109397,Economy;Functions,@Rewards Pop-Up (v1) [DEPRECATED]
109410,Economy,Gems
109412,Bosses;Progression,6Supreme Tech Added to Pack4
109413,Progression,Runes
109427,Progression,Wave Panel
109432,Heroes,Hero Panels
109434,Automation,"""Automation Panels"
109436,Progression,Prestige Panels
109445,Economy,Gem Weekend Sale
109449,Heroes,Hero Promo Packs
109452,Progression,Battlepass Panel
109468,Bosses,Supreme Boss
109469,Bosses;Progression,Supreme Tech
109482,Bosses,>Original Panels before Supremes
109484,Bosses,0End Panels with Supremes
109485,Bosses,Supreme Panel
109486,Bosses,$Supreme II Changes
109493,Bosses,Supreme Panel
109494,Functions,Level Mult
109500,Bosses,Supreme Panel
109507,Functions,Having this enabled run the system in LateUpdate rather than in Update making it faster but less precise (more clunky)
109509,Functions,Having this enabled run the system in LateUpdate rather than in Update making it faster but less precise (more clunky)
109512,CombatStats;Functions,Spawn Settings
109513,CombatStats;Functions,Spawn Settings
109514,CombatStats;Functions,Spawn Settings
109515,CombatStats;Functions,LMissile spawns at attached game object
109516,CombatStats;Functions,Spawn options
109518,Functions,4Effect shown on target hit
109519,CombatStats;Functions,<Effect shown on target respawn
109528,Functions,currLevel
109529,Functions,statBonus
109579,Economy,\CAS support is experimental (and unsupported).
109580,Economy,\CAS support is experimental (and unsupported).
109679,Functions,Fcall InternalGetResourceSet instead
109682,Functions,xsee GetInvalidPathChars and GetInvalidFileNameChars methods.
109697,Functions,zGetHashCode() on ReadOnlySpan will always throw an exception.
109699,Functions,jGetHashCode() on Span will always throw an exception.
109725,Functions,Vcall into KeyPairPersistence to get details
109925,Functions,>UIE-get-started-with-runtime-ui
109929,Functions,>UIE-get-started-with-runtime-ui
110109,Functions,targetDisplay
110113,Functions,targetDisplay
110117,Functions,targetDisplay
110120,Functions,targetDisplay
110126,Heroes,dAuto-switch (redirect from EventSystem if present)
110141,Functions,zUse Enum.GetValues(typeof(FilterFunctionType)).Length instead
110185,Functions,@Use HandleEventBubbleUpDisabled.
110186,Functions,@Use HandleEventBubbleUpDisabled.
110367,Functions,targetDisplay
110371,Functions,targetDisplay
110375,Functions,targetDisplay
110378,Functions,targetDisplay
110552,Functions,This method has been deprecated. Use GetInvocationTarget instead.  http://go.microsoft.com/fwlink/?linkid=14202
110612,Functions,:Use BeginGetHostEntry instead
110613,Functions,:Use BeginGetHostEntry instead
110614,Functions,6Use EndGetHostEntry instead
110615,Functions,6Use EndGetHostEntry instead
110616,Functions,0Use GetHostEntry instead
110617,Functions,0Use GetHostEntry instead
110618,Functions,0Use GetHostEntry instead
110619,Functions,0Use GetHostEntry instead
110633,Functions,"This class is obsolete, use System.Configuration!System.Configuration.ConfigurationErrorsException.GetFilename instead"
110634,Functions,"This class is obsolete, use System.Configuration!System.Configuration.ConfigurationErrorsException.GetLinenumber instead"
110635,Functions,"This method is obsolete, it has been replaced by System.Configuration!System.Configuration.ConfigurationManager.GetSection"
110747,Functions,targetNamespace
110924,Functions,GetDataSetSchema
110929,Functions,$GetDataTableSchema
110957,Functions,GetXsdType
110958,Functions,GetXsdType
110959,Functions,GetXsdType
110960,Functions,GetXsdType
110962,Functions,GetXsdType
110964,Functions,GetXsdType
110965,Functions,GetXsdType
110966,Functions,GetXsdType
110967,Functions,GetXsdType
110968,Functions,GetXsdType
110969,Functions,GetXsdType
110970,Functions,GetXsdType
110971,Functions,GetXsdType
110972,Functions,GetXsdType
110973,Functions,GetXsdType
110974,Functions,GetXsdType
110998,Functions,2GetManagedArchiveSystem()U
111008,Economy,ZRuntime/Export/BurstLike/BurstLike.bindings.h
111013,Economy,\Runtime/Export/Unsafe/UnsafeUtility.bindings.h
111016,Functions,6BurstCompilerService::Get()U
111026,Functions,0Runtime/Input/GetInput.h
111037,Functions,>Runtime/Input/TargetFrameRate.h
111041,Economy,bRuntime/Export/Application/Application.bindings.h
111044,Economy,\Runtime/Export/Bootstrap/BootConfig.bindings.h
111052,Economy,ZRuntime/Export/Camera/CullingGroup.bindings.h
111054,Economy,JRuntime/Export/Debug/Debug.bindings.h
111055,Economy,JRuntime/Export/Debug/Debug.bindings.h
111073,Economy,NRuntime/Export/Gizmos/Gizmos.bindings.h
111080,Functions,$GetScreenManager()U
111091,Functions,GetGfxDevice()U
111094,Functions,*GetLightmapSettings()
111096,Economy,VRuntime/Export/Graphics/Graphics.bindings.h
111097,Functions,(GetQualitySettings()U
111110,Functions,&GetRenderSettings()U
111126,Economy,bRuntime/Export/Graphics/GraphicsBuffer.bindings.h
111129,Economy,PRuntime/Export/Graphics/Light.bindings.h
111131,Economy,bRuntime/Export/Graphics/GraphicsBuffer.bindings.h
111155,Economy,RRuntime/Export/Hashing/Hash128.bindings.h
111157,Economy,LRuntime/Export/Input/Cursor.bindings.h
111158,Economy,`Runtime/Export/Logging/UnityLogWriter.bindings.h
111164,Economy,NRuntime/Export/Math/Gradient.bindings.h
111188,Functions,*GetObjectDispatcher()U
111192,Economy,Runtime/Export/PlayerConnection/PlayerConnectionInternal.bindings.h
111195,Economy,NRuntime/Export/Random/Random.bindings.h
111197,Economy,ZRuntime/Export/Resources/Resources.bindings.h
111198,Economy,ZRuntime/Export/Resources/Resources.bindings.h
111202,Economy,dRuntime/Export/Scripting/AsyncOperation.bindings.h
111210,Economy,ZRuntime/Export/Scripting/Component.bindings.h
111215,Economy,\Runtime/Export/Scripting/GameObject.bindings.h
111223,Economy,VRuntime/Export/Scripting/ScriptingRuntime.h
111227,Economy,jRuntime/Export/Scripting/UnityEngineObject.bindings.h
111231,Economy,bRuntime/Export/Graphics/GraphicsBuffer.bindings.h
111237,Functions,0Runtime/Input/GetInput.h
111245,Functions,GetTimeManager()U
111248,Economy,Runtime/Export/TouchScreenKeyboard/TouchScreenKeyboard.bindings.h
111267,Economy,XRuntime/Export/SceneManager/Scene.bindings.h
111272,Economy,fRuntime/Export/SceneManager/SceneManager.bindings.h
111273,Economy,fRuntime/Export/SceneManager/SceneManager.bindings.h
111275,Economy;Functions,BUnityEngine.Experimental.LowLevel
111276,Economy;Functions,BUnityEngine.Experimental.LowLevel
111277,Economy;Functions,BUnityEngine.Experimental.LowLevel
111278,Economy,FUnityEngine.Experimental.PlayerLoop
111279,Economy,FUnityEngine.Experimental.PlayerLoop
111280,Functions,TangoUpdate has been deprecated. Use ARCoreUpdate instead (UnityUpgradable) -> UnityEngine.PlayerLoop.EarlyUpdate/ARCoreUpdate
111281,Economy,FUnityEngine.Experimental.PlayerLoop
111282,Economy,FUnityEngine.Experimental.PlayerLoop
111283,Economy,FUnityEngine.Experimental.PlayerLoop
111284,Economy,FUnityEngine.Experimental.PlayerLoop
111285,Economy,FUnityEngine.Experimental.PlayerLoop
111287,CombatStats,NRuntime/Director/Core/HPlayableOutput.h
111288,CombatStats,BRuntime/Director/Core/HPlayable.h
111289,Economy,`Runtime/Export/Director/PlayableGraph.bindings.h
111290,CombatStats,LRuntime/Director/Core/HPlayableGraph.h
111291,CombatStats,LRuntime/Director/Core/HPlayableGraph.h
111292,Economy,bRuntime/Export/Director/PlayableHandle.bindings.h
111293,CombatStats,BRuntime/Director/Core/HPlayable.h
111294,CombatStats,BRuntime/Director/Core/HPlayable.h
111295,Economy,nRuntime/Export/Director/PlayableOutputHandle.bindings.h
111296,CombatStats,NRuntime/Director/Core/HPlayableOutput.h
111301,Economy,DUnityEngine.Experimental.Rendering
111306,Functions,*GetGraphicsSettings()U
111309,Economy,rRuntime/Export/Graphics/RenderingCommandBuffer.bindings.h
111313,Economy,Runtime/Export/RenderPipeline/ScriptableRenderPipeline.bindings.h
111316,Economy,Runtime/Export/RenderPipeline/ScriptableRenderContext.bindings.h
111330,CombatStats,BRuntime/Director/Core/HPlayable.h
111332,Economy,bRuntime/Export/Director/CameraPlayable.bindings.h
111333,Economy,rRuntime/Export/Director/MaterialEffectPlayable.bindings.h
111335,CombatStats,BRuntime/Director/Core/HPlayable.h
111338,CombatStats,BRuntime/Director/Core/HPlayable.h
111340,Economy,nRuntime/Export/Director/TextureMixerPlayable.bindings.h
111342,Economy,pRuntime/Export/Director/TexturePlayableOutput.bindings.h
111354,Economy,8UnityEngine.Experimental.U2D
111358,Functions,.GetSpriteAtlasManager()U
111365,Functions,priorityLevels
111369,Economy,lWebPlayer export is no longer supported in Unity 5.4+.
111370,Economy;Functions,Dashboard widget on Mac OS X export is no longer supported in Unity 5.4+.
111371,Economy,lWebPlayer export is no longer supported in Unity 5.4+.
111372,Economy,hXbox360 export is no longer supported in Unity 5.5+.
111373,Economy,bPS3 export is no longer supported in Unity >=5.5.
111374,Economy,bNaCl export is no longer supported in Unity 5.0+.
111375,Economy;CombatStats,pFlashPlayer export is no longer supported in Unity 5.0+.
111380,Economy,zBlackBerryPlayer export is no longer supported in Unity 5.4+.
111381,Economy,vTizenPlayer export is no longer supported in Unity 2017.3+.
111383,Economy,bPSM export is no longer supported in Unity >= 5.3
111384,Economy,~SamsungTVPlayer export is no longer supported in Unity 2017.3+.
111452,Economy,Future versions of Unity are expected to always throw exceptions and not have this field.
111493,Functions,4GetIsExecutingScriptingJob
111494,Functions,"""GetJobWorkerIndex"
111495,Functions,",GetJobWorkerIndexCount"
111504,Functions,JSpritesBindings::GetSecondaryTextures
111505,Functions,GetPixelsToUnits
111506,Functions,GetAlphaTexture
111507,Functions,GetPivotInPixels
111508,Functions,JSpriteAccessLegacy::GetSpriteVertices
111509,Functions,HSpriteAccessLegacy::GetSpriteIndices
111510,Functions,@SpriteAccessLegacy::GetSpriteUVs
111511,Functions,`GetTagManager().GetSortingLayerValueFromUniqueID
111515,Functions,HAnimationCurveBindings::GetKeysArray
111517,Functions,GetKeyCount
111518,Functions,<AnimationCurveBindings::GetKey
111519,Functions,FAnimationCurveBindings::GetHashCode
111520,Functions,GetPreInfinity
111522,Functions,GetPostInfinity
111525,Functions,BGetInputManager().QuitApplication
111529,Functions,GetAppDataPath
111530,Functions,",GetStreamingAssetsPath"
111531,Functions,PGetPersistentDataPathApplicationSpecific
111532,Functions,DGetPlayerSettings().GetAbsoluteURL
111535,Functions,JApplication_Bindings::GetUnityVersion
111536,Functions,>GetApplicationInfo().GetVersion
111537,Functions,JGetApplicationInfo().GetInstallerName
111538,Functions,ZGetApplicationInfo().GetApplicationIdentifier
111539,Functions,FGetApplicationInfo().GetInstallMode
111540,Functions,FGetApplicationInfo().GetSandboxType
111541,Functions,DGetPlayerSettings().GetProductName
111542,Functions,DGetPlayerSettings().GetCompanyName
111543,Functions,JGetPlayerSettings().GetCloudProjectId
111545,Functions,$GetTargetFrameRate
111546,Functions,$SetTargetFrameRate
111548,Functions,<systeminfo::GetRuntimePlatform
111549,Functions,Z(SystemLanguage)systeminfo::GetSystemLanguage
111550,Functions,.GetInternetReachability
111552,Functions,",CalculateRenderingPath"
111553,Functions,HCameraScripting::GetScaledPixelWidth
111554,Functions,JCameraScripting::GetScaledPixelHeight
111555,Functions,.GetCurrentTargetTexture
111557,Functions,(GetCurrentCameraPPtr
111558,Functions,FCameraScripting::GetAllCamerasCount
111559,Functions,<CameraScripting::GetAllCameras
111575,Functions,GetWidth
111576,Functions,GetHeight
111577,Functions,GetDPI
111579,Functions,\GraphicsScripting::GetMaxDrawMeshInstanceCount
111593,Functions,&GetPlayerSettings()U
111594,Functions,GetColorSpace
111605,Functions,BRendererScripting::GetWorldBounds
111607,Functions,<RendererScripting::GetMaterial
111608,Functions,HRendererScripting::GetSharedMaterial
111618,Functions,VGetFirstPropertyNameIdByAttributeFromScript
111623,Functions,HMaterialScripting::GetShaderKeywords
111629,Functions,$GetFloatFromScript
111630,Functions,$GetColorFromScript
111631,Functions,(GetTextureFromScript
111632,Functions,DGetTextureScaleAndOffsetFromScript
111638,Bosses;Functions,GetShadowType
111639,Bosses,BLight_Bindings::SetShadowStrength
111640,Functions,(GetSubMeshStartIndex
111646,Functions,8MeshScripting::GetIndexCount
111647,Functions,2MeshScripting::GetIndices
111657,Functions,GetVertexCount
111658,Functions,GetSubMeshCount
111661,Functions,2MeshScripting::GetSubMesh
111662,Functions,4MeshScripting::GetLodCount
111664,Functions,"""RecalculateBounds"
111666,Functions,GetWrapModeU
111667,Functions,GetTexelSize
111668,Functions,4GetActiveTextureColorSpace
111670,Functions,GetTextureFormat
111676,Functions,GetPixel
111677,Functions,GetPixelBilinear
111687,Functions,NRenderTexture::GetActiveAsRenderTexture
111689,Functions,LRenderTextureScripting::GetColorBuffer
111690,Functions,LRenderTextureScripting::GetDepthBuffer
111693,Functions,(GetRenderTextureDesc
111694,Functions,hGetRenderBufferManager().GetTextures().GetTempBuffer
111695,Functions,pGetRenderBufferManager().GetTextures().ReleaseTempBuffer
111706,Functions,HGradient_Bindings::GetColorKeysArray
111708,Functions,HGradient_Bindings::GetAlphaKeysArray
111743,Functions,DGetShaderNameRegistry().FindShader
111746,Functions,6GetScriptingBuiltinResource
111750,Functions,GetProgress
111754,Functions,GetTransform
111755,Functions,GetGameObject
111758,Functions,PGameObjectBindings::GetComponentFromType
111759,Functions,PGameObjectBindings::GetComponentFastPath
111760,Functions,TGameObjectBindings::GetComponentInChildren
111761,Functions,PGameObjectBindings::GetComponentInParent
111762,Functions,RGameObjectBindings::GetComponentsInternal
111763,Functions,VGameObjectBindings::TryGetComponentFromType
111764,Functions,VGameObjectBindings::TryGetComponentFastPath
111766,Functions,@GameObjectBindings::GetTransform
111770,Functions,4GameObjectBindings::GetTag
111774,Functions,8GameObjectBindings::GetScene
111776,Functions,GetTagManager()U
111788,Functions,FGetSceneManager().DontDestroyOnLoad
111791,Functions,FObject::GetOffsetOfInstanceIdMember
111796,Functions,DUnityEngineObjectBindings::GetName
111808,Functions,6systeminfo::GetBatteryLevel
111809,Functions,<systeminfo::GetOperatingSystem
111810,Functions,Hsysteminfo::GetOperatingSystemFamily
111811,Functions,8systeminfo::GetProcessorType
111812,Functions,Hsysteminfo::GetProcessorFrequencyMHz
111813,Functions,:systeminfo::GetProcessorCount
111814,Functions,>systeminfo::GetPhysicalMemoryMB
111815,Functions,Jsysteminfo::GetDeviceUniqueIdentifier
111816,Functions,4systeminfo::GetDeviceModel
111820,Functions,2systeminfo::GetDeviceType
111821,Functions,XScriptingGraphicsCaps::GetGraphicsMemorySize
111822,Functions,XScriptingGraphicsCaps::GetGraphicsDeviceName
111823,Functions,\ScriptingGraphicsCaps::GetGraphicsDeviceVendor
111824,Functions,TScriptingGraphicsCaps::GetGraphicsDeviceID
111825,Functions,`ScriptingGraphicsCaps::GetGraphicsDeviceVendorID
111826,Functions,XScriptingGraphicsCaps::GetGraphicsDeviceType
111827,Functions,^ScriptingGraphicsCaps::GetGraphicsDeviceVersion
111828,Functions,ZScriptingGraphicsCaps::GetGraphicsShaderLevel
111829,Functions,^ScriptingGraphicsCaps::GetGraphicsMultiThreaded
111834,Functions,PScriptingGraphicsCaps::GetMaxTextureSize
111835,Functions,\ScriptingGraphicsCaps::GetMaxRenderTextureSize
111838,Functions,TScriptingGraphicsCaps::GetCompatibleFormat
111839,Functions,PScriptingGraphicsCaps::GetGraphicsFormat
111843,Functions,GetText
111846,Functions,.GetInputFieldAppearance
111849,Functions,"""GetKeyboardStatus"
111851,Functions,CanGetSelection
111855,Functions,GetChildrenCount
111856,Functions,$GetWorldScaleLossy
111858,Functions,GetChild
111862,Functions,lTransformAccessArrayBindings::GetSortedTransformAccess
111863,Functions,dTransformAccessArrayBindings::GetSortedToUserIndex
111864,Functions,NTransformAccessArrayBindings::GetLength
111871,Functions,"""GetSceneManager()U"
111872,Functions,GetSceneCount
111875,Functions,NPlayableHandleBindings::GetPlayableType
111893,Functions,8GetSettingsForRenderPipeline
111902,Functions,zRenderingCommandBuffer_Bindings::GetTemporaryRTWithDescriptor
111913,Functions,*GetReflectionProbes()U
111929,Functions,.MeshUpdateFlags.Default
111930,Functions,.MeshUpdateFlags.Default
111931,Functions,.MeshUpdateFlags.Default
111932,Functions,.MeshUpdateFlags.Default
111933,Functions,.MeshUpdateFlags.Default
111934,Functions,.MeshUpdateFlags.Default
111935,Functions,.MeshUpdateFlags.Default
111936,Functions,.MeshUpdateFlags.Default
111937,Functions,.MeshUpdateFlags.Default
111939,Functions,.MeshUpdateFlags.Default
112000,Functions,"^Use AnimationUtility.SetKeyLeftTangentMode, AnimationUtility.SetKeyRightTangentMode, AnimationUtility.GetKeyLeftTangentMode or AnimationUtility.GetKeyRightTangentMode instead."
112006,Functions,StereoTargetEye
112058,Heroes,BUnityEngine.ImageConversionModule
112108,Heroes,0UnityEngine.SwitchModule
112109,Heroes,2UnityEngine.Switch2Module
112171,Automation,2Unity.WindowsMRAutomation
112271,CombatStats,DUI (Canvas)/Dropdown - TextMeshPro
112272,CombatStats,JUI (Canvas)/TextMeshPro - Input Field
112273,CombatStats,https://docs.unity3d.com/Packages/com.unity.ugui@2.0/manual/TextMeshPro/index.html
112274,CombatStats,https://docs.unity3d.com/Packages/com.unity.ugui@2.0/manual/TextMeshPro/Settings.html
112275,CombatStats,https://docs.unity3d.com/Packages/com.unity.ugui@2.0/manual/TextMeshPro/Sprites.html
112280,CombatStats,.Mesh/TextMeshPro - Text
112281,CombatStats,https://docs.unity3d.com/Packages/com.unity.ugui@2.0/manual/TextMeshPro/index.html
112282,CombatStats,FUI (Canvas)/TextMeshPro - Text (UI)
112283,CombatStats,https://docs.unity3d.com/Packages/com.unity.ugui@2.0/manual/TextMeshPro/index.html
112303,CombatStats,0Unity.TextMeshPro.Editor
112326,Functions,"LogLevel has been deprecated, please use UnityEngine.Debug.Log for your logging needs."
112329,Functions,"{GetValue(),nq}"
112330,Functions,"{GetName(),nq}"
112331,Functions,",{GetDisplayType(), nq}"
112378,Functions,BSON reading and writing has been moved to its own package. See https://www.nuget.org/packages/Newtonsoft.Json.Bson for more details.
112379,Functions,BSON reading and writing has been moved to its own package. See https://www.nuget.org/packages/Newtonsoft.Json.Bson for more details.
112380,Functions,BSON reading and writing has been moved to its own package. See https://www.nuget.org/packages/Newtonsoft.Json.Bson for more details.
112382,Functions,HDefaultMembersSearchFlags is obsolete. To modify the members serialized inherit from DefaultContractResolver and override the GetSerializableMembers method instead.
112549,Functions,4TextLib::GetCharacterCount
112555,Functions,nTextSelectionService::GetCursorLogicalIndexFromPosition
112556,Functions,nTextSelectionService::GetCursorPositionFromLogicalIndex
112559,Functions,XTextSelectionService::GetHighlightRectangles
112560,Functions,bTextSelectionService::GetCharacterHeightFromIndex
112561,Functions,PTextSelectionService::GetStartOfNextWord
112562,Functions,TTextSelectionService::GetEndOfPreviousWord
112563,Functions,dTextSelectionService::GetFirstCharacterIndexOnLine
112564,Functions,bTextSelectionService::GetLastCharacterIndexOnLine
112565,Functions,FTextSelectionService::GetLineHeight
112566,Functions,fTextSelectionService::GetLineNumberFromLogicalIndex
112602,CombatStats,"""Unity.TextMeshPro"
112607,CombatStats,.Unity.TextMeshPro.Tests
112623,Heroes,"""UI (Canvas)/Image"
112633,Heroes,*UI (Canvas)/Raw Image
112646,Bosses,4UI (Canvas)/Effects/Shadow
112746,CombatStats,hPlease use sortOrderPriority and renderOrderPriority
112766,CombatStats,bCode Stage/Anti-Cheat Toolkit/Speed Hack Detector
112767,CombatStats,https://codestage.net/uas_files/actk/api/class_code_stage_1_1_anti_cheat_1_1_detectors_1_1_speed_hack_detector.html
112783,CombatStats,Allowed speed multiplier threshold. Do not set to too low values (e.g. 0 or 0.00*) since there are timer fluctuations on different hardware.
112784,CombatStats,Maximum false positives count allowed before registering speed hack.
112790,Functions,Method to use for url request. Use Head method if possible and fall back to get if server does not reply or block head requests.
112813,Functions,pDetector will survive new level (scene) load if checked.
112815,Functions,Please use generic Set instead. This API will be removed in next updates.
112816,Functions,Please use generic Get instead. This API will be removed in next updates.
112817,Functions,Please use generic Set instead. This API will be removed in next updates.
112818,Functions,Please use generic Get instead. This API will be removed in next updates.
112819,Functions,Please use generic Set instead. This API will be removed in next updates.
112820,Functions,Please use generic Get instead. This API will be removed in next updates.
112821,Functions,Please use generic Set instead. This API will be removed in next updates.
112822,Functions,Please use generic Get instead. This API will be removed in next updates.
112823,Functions,Please use generic Set instead. This API will be removed in next updates.
112824,Functions,Please use generic Get instead. This API will be removed in next updates.
112825,Functions,Please use generic Set instead. This API will be removed in next updates.
112826,Functions,Please use generic Get instead. This API will be removed in next updates.
112827,Functions,Please use generic Set instead. This API will be removed in next updates.
112828,Functions,Please use generic Get instead. This API will be removed in next updates.
112829,Functions,Please use generic Set instead. This API will be removed in next updates.
112830,Functions,Please use generic Get instead. This API will be removed in next updates.
112831,Functions,Please use generic Set instead. This API will be removed in next updates.
112832,Functions,Please use generic Get instead. This API will be removed in next updates.
112833,Functions,Please use generic Set instead. This API will be removed in next updates.
112834,Functions,Please use generic Get instead. This API will be removed in next updates.
112835,Functions,Please use generic Set instead. This API will be removed in next updates.
112836,Functions,Please use generic Get instead. This API will be removed in next updates.
112837,Functions,Please use generic Get instead. This API will be removed in next updates.
112838,Functions,Please use generic Set instead. This API will be removed in next updates.
112839,Functions,Please use generic Get instead. This API will be removed in next updates.
112840,Functions,Please use generic Get instead. This API will be removed in next updates.
112841,Functions,Please use generic Set instead. This API will be removed in next updates.
112842,Functions,Please use generic Get instead. This API will be removed in next updates.
112843,Functions,Please use generic Get instead. This API will be removed in next updates.
112844,Functions,Please use generic Set instead. This API will be removed in next updates. Be careful with Color and Color32 difference!
112845,Functions,Please use generic Get instead. This API will be removed in next updates. Be careful with Color and Color32 difference!
112846,Functions,Please use generic Get instead. This API will be removed in next updates. Be careful with Color and Color32 difference!
112847,Functions,Please use generic Set instead. This API will be removed in next updates.
112848,Functions,Please use generic Get instead. This API will be removed in next updates.
112849,Functions,Please use generic Get instead. This API will be removed in next updates.
112851,Functions,This API is redundant and does not perform any actions. It will be removed in future updates.
112852,Functions,This API is redundant and does not perform any actions. It will be removed in future updates.
112856,Functions,bPlease use new GetEncrypted(out key) API instead.
112858,Functions,This API is redundant and does not perform any actions. It will be removed in future updates.
112859,Functions,This API is redundant and does not perform any actions. It will be removed in future updates.
112862,Functions,"Please use new Encrypt(value, key) or Decrypt(value, key) APIs instead. This API will be removed in future updates."
112863,Functions,"Please use new Encrypt(value, key) or Decrypt(value, key) APIs instead. This API will be removed in future updates."
112865,Functions,bPlease use new GetEncrypted(out key) API instead.
112867,Functions,This API is redundant and does not perform any actions. It will be removed in future updates.
112868,Functions,This API is redundant and does not perform any actions. It will be removed in future updates.
112870,Functions,"Please use new Encrypt(value, key) or Decrypt(value, key) APIs instead. This API will be removed in future updates."
112872,Functions,bPlease use new GetEncrypted(out key) API instead.
112874,Functions,This API is redundant and does not perform any actions. It will be removed in future updates.
112875,Functions,This API is redundant and does not perform any actions. It will be removed in future updates.
112879,Functions,bPlease use new GetEncrypted(out key) API instead.
112881,Functions,This API is redundant and does not perform any actions. It will be removed in future updates.
112882,Functions,This API is redundant and does not perform any actions. It will be removed in future updates.
112886,Functions,bPlease use new GetEncrypted(out key) API instead.
112888,Functions,This API is redundant and does not perform any actions. It will be removed in future updates.
112889,Functions,This API is redundant and does not perform any actions. It will be removed in future updates.
112893,Functions,bPlease use new GetEncrypted(out key) API instead.
112895,Functions,This API is redundant and does not perform any actions. It will be removed in future updates.
112896,Functions,This API is redundant and does not perform any actions. It will be removed in future updates.
112900,Functions,bPlease use new GetEncrypted(out key) API instead.
112902,Functions,This API is redundant and does not perform any actions. It will be removed in future updates.
112903,Functions,This API is redundant and does not perform any actions. It will be removed in future updates.
112907,Functions,bPlease use new GetEncrypted(out key) API instead.
112909,Functions,This API is redundant and does not perform any actions. It will be removed in future updates.
112910,Functions,This API is redundant and does not perform any actions. It will be removed in future updates.
112913,Functions,bPlease use new GetEncrypted(out key) API instead.
112915,Functions,This API is redundant and does not perform any actions. It will be removed in future updates.
112916,Functions,This API is redundant and does not perform any actions. It will be removed in future updates.
112918,Functions,"Please use new Encrypt(value, key) or Decrypt(value, key) APIs instead. This API will be removed in future updates."
112920,Functions,bPlease use new GetEncrypted(out key) API instead.
112922,Functions,This API is redundant and does not perform any actions. It will be removed in future updates.
112923,Functions,This API is redundant and does not perform any actions. It will be removed in future updates.
112925,Functions,"Please use new Encrypt(value, key) or Decrypt(value, key) APIs instead. This API will be removed in future updates."
112927,Functions,bPlease use new GetEncrypted(out key) API instead.
112932,Functions,This API is redundant and does not perform any actions. It will be removed in future updates.
112933,Functions,This API is redundant and does not perform any actions. It will be removed in future updates.
112935,Functions,"Please use new Encrypt(value, key) or Decrypt(value, key) APIs instead. This API will be removed in future updates."
112936,Functions,bPlease use new GetEncrypted(out key) API instead.
112938,Functions,This API is redundant and does not perform any actions. It will be removed in future updates.
112939,Functions,This API is redundant and does not perform any actions. It will be removed in future updates.
112943,Functions,bPlease use new GetEncrypted(out key) API instead.
112945,Functions,This API is redundant and does not perform any actions. It will be removed in future updates.
112946,Functions,This API is redundant and does not perform any actions. It will be removed in future updates.
112950,Functions,bPlease use new GetEncrypted(out key) API instead.
112952,Functions,This API is redundant and does not perform any actions. It will be removed in future updates.
112953,Functions,This API is redundant and does not perform any actions. It will be removed in future updates.
112955,Functions,"Please use new Encrypt(value, key) or Decrypt(value, key) APIs instead. This API will be removed in future updates."
112957,Functions,bPlease use new GetEncrypted(out key) API instead.
112959,Functions,This API is redundant and does not perform any actions. It will be removed in future updates.
112960,Functions,This API is redundant and does not perform any actions. It will be removed in future updates.
112963,Functions,bPlease use new GetEncrypted(out key) API instead.
112965,Functions,This API is redundant and does not perform any actions. It will be removed in future updates.
112966,Functions,This API is redundant and does not perform any actions. It will be removed in future updates.
112969,Functions,bPlease use new GetEncrypted(out key) API instead.
112971,Functions,This API is redundant and does not perform any actions. It will be removed in future updates.
112972,Functions,This API is redundant and does not perform any actions. It will be removed in future updates.
112975,Functions,bPlease use new GetEncrypted(out key) API instead.
112977,Functions,This API is redundant and does not perform any actions. It will be removed in future updates.
112978,Functions,This API is redundant and does not perform any actions. It will be removed in future updates.
112981,Functions,bPlease use new GetEncrypted(out key) API instead.
112986,Functions,|Please use GetOnlineTimeCoroutine or GetOnlineTimeTask instead
112999,Functions,~Please use DeviceLockSettings.DeviceLockLevel property instead.
113023,Functions,RHow quickly the SlowUpdate segment ticks.
113025,Functions,A count of the number of Update coroutines that are currently running.
113026,Functions,A count of the number of FixedUpdate coroutines that are currently running.
113027,Functions,A count of the number of LateUpdate coroutines that are currently running.
113028,Functions,A count of the number of SlowUpdate coroutines that are currently running.
113056,CombatStats,hFixed incorrect spelling. Use BlurIterations instead
113057,CombatStats,lFixed incorrect spelling. Use DilateIterations instead
113093,Functions,.FileStorageSetupDetails
113096,Functions,",GetDownloadUrl400OneOf"
113097,Functions,.GetFileMetadata400OneOf
113098,Functions,&GetItems400Response
113099,Functions,GetItemsResponse
113100,Functions,",GetItemsResponse_links"
113101,Functions,GetKeys400OneOf
113102,Functions,GetKeysResponse
113103,Functions,(GetUploadUrl400OneOf
113318,Economy,lisExpired is deprecated. Please use IsExpired instead.
113320,Economy;Functions,|getExpireDate is deprecated. Please use GetExpireDate instead.
113322,Economy,"""introductoryPrice.introductoryPricePeriod.introductoryPriceCycles"
113380,Functions,pUse DragUpdated instead (UnityUpgradable) -> DragUpdated
113410,Functions,"""GUIEvent::GetType"
113412,Functions,0GUIEvent::GetCommandName
113416,Functions,6GUIEvent::GetTypeForControl
113423,Functions,DGetGUIState().SetNameOfNextControl
113424,Functions,xGetGUIState().m_CanvasGUIState.m_GUIClipState.GetVisibleRect
113427,Functions,lGetGUIState().m_CanvasGUIState.m_GUIClipState.GetCount
113428,Functions,xGetGUIState().m_CanvasGUIState.m_GUIClipState.UnclipToWindow
113429,Functions,vGetGUIState().m_CanvasGUIState.m_GUIClipState.GetUserMatrix
113439,Functions,FGUIStyle_Bindings::GetStyleStatePtr
113440,Functions,FGUIStyle_Bindings::GetRectOffsetPtr
113446,Functions,HGUIStyle_Bindings::Internal_CalcSize
113447,Functions,fGUIStyle_Bindings::Internal_CalcSizeWithConstraints
113448,Functions,LGUIStyle_Bindings::Internal_CalcHeight
113449,Functions,VGUIStyle_Bindings::Internal_CalcMinMaxWidth
113450,Functions,ZGUIStyle_Bindings::Internal_GetTextRectOffset
113453,Functions,`GUIStyle_Bindings::Internal_GetCursorFlashOffset
113455,Functions,0GUIStyle::GetDefaultFont
113460,Functions,GetCopyBuffer
113462,Functions,4GetGUIState().GetControlID
113500,Heroes,m_ImagePosition
113513,Functions,<GetGUIState().m_PixelsPerPoint
113514,Functions,4GetGUIState().m_OnGUIDepth
113515,Functions,XGetGUIState().m_CanvasGUIState.m_IsMouseUsed
113516,Functions,"""GetInputManager()U"
113535,Heroes,2UnityEngine.Switch2Module
113536,Heroes,0UnityEngine.SwitchModule
113614,Heroes,BUnityEngine.ImageConversionModule
113729,Automation,2Unity.WindowsMRAutomation
113765,Heroes;CombatStats;Functions,BGetLeaderboardPlayerRange400OneOf
113766,Functions,BGetLeaderboardPlayerScore400OneOf
113767,Functions,8GetLeaderboardScores400OneOf
113768,Functions,PGetLeaderboardVersionPlayerScore400OneOf
113769,Functions,FGetLeaderboardVersionScores400OneOf
113770,Functions,<GetLeaderboardVersions400OneOf
113841,Progression;Functions,rank
113844,Functions,updatedTime
113865,Progression;Functions,rank
113904,Progression;Functions,rank
113907,Functions,updatedTime
113929,Progression;Functions,rank
114093,Functions,LUse the MinValueGetter member instead.
114094,Functions,LUse the MaxValueGetter member instead.
114095,Functions,RUse the MinMaxValueGetter member instead.
114097,Functions,BUse the MinGetter member instead.
114098,Functions,BUse the MaxGetter member instead.
114099,Functions,FUse the ColorGetter member instead.
114100,Functions,ZUse the BackgroundColorGetter member instead.
114101,Functions,^Use the CustomValueStringGetter member instead.
114102,Functions,BUse the MinGetter member instead.
114103,Functions,BUse the MaxGetter member instead.
114107,Functions,HUse the FilterGetter member instead.
114110,Functions,HUse the ValuesGetter member instead.
114132,Functions,",GameStateHelper::Get()U"
114155,Heroes,2UnityEngine.Switch2Module
114156,Heroes,0UnityEngine.SwitchModule
114261,Heroes,BUnityEngine.ImageConversionModule
114351,Automation,2Unity.WindowsMRAutomation
114412,Functions,"LThis API has been deprecated and will be removed in a future release. Please use UpdateBannerPosition(string adUnitIdentifier, AdViewPosition bannerPosition) instead."
114420,Functions,*GetPhysicsManager2D()U
114432,Functions,"""PhysicsLowLevel2DU"
114433,Functions,dModules/Physics2D/LowLevel/PhysicsWorldManager2D.h
114434,Functions,\Modules/Physics2D/LowLevel/PhysicsLowLevel2D.h
114478,Functions,>GetRayIntersectionArray_Binding
114481,Functions,:GetRayIntersectionAll_Binding
114482,Functions,GetRayIntersectionNonAlloc is deprecated. Please use GetRayIntersection.
114483,Functions,GetRayIntersectionNonAlloc is deprecated. Please use GetRayIntersection.
114484,Functions,BPhysicsBody::GetDefaultDefinition
114486,Functions,0PhysicsBody::GetBodyType
114487,Functions,<PhysicsBody::GetCallbackTarget
114488,Functions,DPhysicsChain::GetDefaultDefinition
114490,Functions,4PhysicsJoint::GetJointType
114491,Functions,>PhysicsJoint::GetCallbackTarget
114492,Functions,TPhysicsDistanceJoint::GetDefaultDefinition
114493,Functions,TPhysicsRelativeJoint::GetDefaultDefinition
114494,Functions,PPhysicsSliderJoint::GetDefaultDefinition
114495,Functions,NPhysicsHingeJoint::GetDefaultDefinition
114496,Functions,NPhysicsFixedJoint::GetDefaultDefinition
114497,Functions,NPhysicsWheelJoint::GetDefaultDefinition
114500,Functions,.PhysicsRotate::GetAngle
114503,CombatStats;Functions,HPhysicsLowLevel2D::GetBypassLowLevel
114504,Functions,",GetPhysicsLowLevel2D()U"
114505,Functions,",GetPhysicsLowLevel2D()U"
114506,Functions,JPhysicsLowLevel2D::IsRenderingAllowed
114508,Functions,VGetPhysicsLowLevel2D()->GetWorldManager2D()U
114509,Functions,DPhysicsShape::GetDefaultDefinition
114510,Functions,NPhysicsShape::GetDefaultSurfaceMaterial
114512,Functions,4PhysicsShape::GetShapeType
114513,Functions,>PhysicsShape::GetCallbackTarget
114514,Functions,XPhysicsLowLevel2D::PhysicsContactId::IsValid
114515,Functions,DPhysicsWorld::GetDefaultDefinition
114518,Functions,TPhysicsWorld::GetBodyUpdateCallbackTargets
114519,Functions,NPhysicsWorld::GetTriggerCallbackTargets
114520,Functions,NPhysicsWorld::GetContactCallbackTargets
114521,Functions,\PhysicsWorld::GetJointThresholdCallbackTargets
114522,Functions,>PhysicsWorld::GetRenderMaterial
114534,Functions,",GetPhysics2DSettings()"
114537,Heroes,2UnityEngine.Switch2Module
114538,Heroes,0UnityEngine.SwitchModule
114642,Heroes,BUnityEngine.ImageConversionModule
114734,Automation,2Unity.WindowsMRAutomation
114770,Heroes,@UI/Particle Image/Particle Image
114771,Heroes,@UI/Particle Image/Trail Renderer
114779,Functions,"""UpdateNameRequest"
114809,Functions,"""passwordUpdatedAt"
114927,Functions,messagetype
114980,Functions,GetResult
115008,Automation,2Unity.WindowsMRAutomation
115030,Heroes,2UnityEngine.Switch2Module
115032,Heroes,0UnityEngine.SwitchModule
115146,Heroes,BUnityEngine.ImageConversionModule
115220,Economy,expires_in
115287,Functions,vModules/HierarchyCore/Public/HierarchyPropertyStorageType.h
115298,Progression,"IntegrateChanges is obsolete, it is replaced by adding commands into the hierarchy node type handler's CommandList."
115299,Progression,lHierarchyNodeTypeHandlerBaseBindings::IntegrateChanges
115300,Functions,UpdateNeeded
115304,Functions,^HierarchyBindings::GetNodeTypeHandlersBaseCount
115305,Functions,\HierarchyBindings::GetNodeTypeHandlersBaseSpan
115309,Progression,NHierarchyBindings::EnumerateChildrenPtr
115310,Functions,LHierarchyBindings::GetOrCreateProperty
115312,Functions,BHierarchyBindings::GetPropertyRaw
115314,Functions,UpdateNeeded
115318,Functions,UpdateNeeded
115373,Functions,&GetPhysicsManager()U
115392,Functions,GetRigidbody
115446,Heroes,2UnityEngine.Switch2Module
115447,Heroes,0UnityEngine.SwitchModule
115552,Heroes,BUnityEngine.ImageConversionModule
115629,Automation,2Unity.WindowsMRAutomation
115702,Economy,FUnityEngine.Experimental.Animations
115706,CombatStats,BRuntime/Director/Core/HPlayable.h
115712,CombatStats,BRuntime/Director/Core/HPlayable.h
115716,CombatStats,BRuntime/Director/Core/HPlayable.h
115719,CombatStats,NRuntime/Director/Core/HPlayableOutput.h
115723,CombatStats,LRuntime/Director/Core/HPlayableGraph.h
115728,CombatStats,BRuntime/Director/Core/HPlayable.h
115729,CombatStats,BRuntime/Director/Core/HPlayable.h
115733,Economy,FUnityEngine.Experimental.Animations
115735,CombatStats,LRuntime/Director/Core/HPlayableGraph.h
115736,CombatStats,BRuntime/Director/Core/HPlayable.h
115738,Economy,FUnityEngine.Experimental.Animations
115763,Functions,XAnimatorBindings::GetCurrentAnimatorClipInfo
115787,Heroes,2UnityEngine.Switch2Module
115788,Heroes,0UnityEngine.SwitchModule
115893,Heroes,BUnityEngine.ImageConversionModule
115958,Automation,2Unity.WindowsMRAutomation
116081,Functions,targetGlyphID
116092,Functions,^TextCore::FontEngine::TryGetSystemFontReference
116093,Functions,BTextCore::FontEngine::GetFaceInfo
116094,Functions,DTextCore::FontEngine::GetFontFaces
116095,Functions,TTextCore::FontEngine::GetVariantGlyphIndex
116097,Functions,FTextCore::FontEngine::GetGlyphIndex
116099,Functions,bTextCore::FontEngine::TryGetGlyphWithUnicodeValue
116100,Functions,^TextCore::FontEngine::TryGetGlyphWithIndexValue
116107,Functions,nTextCore::FontEngine::GetAllLigatureSubstitutionRecords
116115,Functions,bTextCore::FontEngine::GetAllPairAdjustmentRecords
116120,Functions,nTextCore::FontEngine::GetAllMarkToBaseAdjustmentRecords
116126,Functions,nTextCore::FontEngine::GetAllMarkToMarkAdjustmentRecords
116141,CombatStats,"""Unity.TextMeshPro"
116163,Functions,0UI::GetDefaultUIMaterial
116164,Functions,DUI::GetETC1SupportedCanvasMaterial
116200,Automation,2Unity.WindowsMRAutomation
116320,Heroes,0UnityEngine.SwitchModule
116332,Heroes,BUnityEngine.ImageConversionModule
116346,Heroes,2UnityEngine.Switch2Module
116401,Functions,"""GetAudioManager()U"
116411,CombatStats,BRuntime/Director/Core/HPlayable.h
116413,CombatStats,BRuntime/Director/Core/HPlayable.h
116431,Functions,GetDSPTime
116442,Heroes,2UnityEngine.Switch2Module
116443,Heroes,0UnityEngine.SwitchModule
116548,Heroes,BUnityEngine.ImageConversionModule
116617,Automation,2Unity.WindowsMRAutomation
116675,Functions,8XRInputTrackingFacade::Get()U
116681,Functions,*XRInputDevices::Get()U
116687,Functions,*XRInputDevices::Get()U
116690,Functions,*XRInputDevices::Get()U
116697,Functions,*XRInputDevices::Get()U
116764,Heroes,BUnityEngine.ImageConversionModule
116795,Automation,2Unity.WindowsMRAutomation
116902,Heroes,2UnityEngine.Switch2Module
116903,Heroes,0UnityEngine.SwitchModule
116975,CombatStats,$rotationalSpeedSet
116985,CombatStats;Functions,hParticleSystemScriptBindings::GetParticleCurrentSize
116986,Functions,jParticleSystemScriptBindings::GetParticleCurrentColor
116987,Functions,TParticleSystemScriptBindings::GetParticles
116994,Functions,^ParticleSystemRendererScriptBindings::GetMeshes
117012,Heroes,2UnityEngine.Switch2Module
117013,Heroes,0UnityEngine.SwitchModule
117118,Heroes,BUnityEngine.ImageConversionModule
117223,Automation,2Unity.WindowsMRAutomation
117246,Functions,GetMousePresent
117248,Functions,GetTouchCount
117312,Heroes,0UnityEngine.SwitchModule
117322,Heroes,2UnityEngine.Switch2Module
117332,Automation,2Unity.WindowsMRAutomation
117465,Heroes,BUnityEngine.ImageConversionModule
117516,Automation,2Unity.WindowsMRAutomation
117538,Heroes,0UnityEngine.SwitchModule
117555,Heroes,2UnityEngine.Switch2Module
117694,Heroes,BUnityEngine.ImageConversionModule
117724,Functions,(GetITerrainManager()U
117729,Economy,FUnityEngine.Experimental.TerrainAPI
117732,Economy,FUnityEngine.Experimental.TerrainAPI
117734,Functions,",GetHeightmap().GetSize"
117735,Functions,PGetSplatDatabase().GetAlphamapResolution
117740,Heroes,2UnityEngine.Switch2Module
117741,Heroes,0UnityEngine.SwitchModule
117846,Heroes,BUnityEngine.ImageConversionModule
117922,Automation,2Unity.WindowsMRAutomation
118046,Heroes,2UnityEngine.Switch2Module
118048,Heroes,0UnityEngine.SwitchModule
118124,Automation,2Unity.WindowsMRAutomation
118196,Heroes,BUnityEngine.ImageConversionModule
118203,Heroes,2UnityEngine.Switch2Module
118204,Heroes,0UnityEngine.SwitchModule
118253,Heroes,BUnityEngine.ImageConversionModule
118367,Automation,2Unity.WindowsMRAutomation
118439,CombatStats,DUse SubsystemWithProvider instead.
118440,CombatStats,XUse SubsystemDescriptorWithProvider instead.
118472,Automation,2Unity.WindowsMRAutomation
118495,Heroes,2UnityEngine.Switch2Module
118496,Heroes,0UnityEngine.SwitchModule
118620,Heroes,BUnityEngine.ImageConversionModule
118686,CombatStats,BModules/AI/NavMeshPath.bindings.h
118687,CombatStats,`NavMeshPathScriptBindings::InitializeNavMeshPath
118688,CombatStats,ZNavMeshPathScriptBindings::DestroyNavMeshPath
118689,CombatStats,^NavMeshPathScriptBindings::ClearCornersInternal
118702,Heroes,0UnityEngine.SwitchModule
118713,Heroes,2UnityEngine.Switch2Module
118751,Heroes,BUnityEngine.ImageConversionModule
118861,Automation,2Unity.WindowsMRAutomation
118911,Functions,6Unity.AI.Navigation.Updater
118934,Functions,\Enabling this will hide all warning messages that show up when the SerializeField and the ShowInInspector attributes are used together on non-serialized fields or properties.U
119046,Heroes,2UnityEngine.Switch2Module
119047,Heroes,0UnityEngine.SwitchModule
119125,Automation,2Unity.WindowsMRAutomation
119196,Heroes,BUnityEngine.ImageConversionModule
119238,Automation,2Unity.WindowsMRAutomation
119331,Heroes,BUnityEngine.ImageConversionModule
119434,Heroes,0UnityEngine.SwitchModule
119435,Heroes,2UnityEngine.Switch2Module
119466,Automation,2Unity.WindowsMRAutomation
119561,Heroes,BUnityEngine.ImageConversionModule
119659,Heroes,2UnityEngine.Switch2Module
119662,Heroes,0UnityEngine.SwitchModule
119678,Economy,TRuntime/Scripting/ScriptingExportUtility.h
119683,Functions,GetAllScenePaths
119720,Automation,2Unity.WindowsMRAutomation
119737,Heroes,2UnityEngine.Switch2Module
119738,Heroes,0UnityEngine.SwitchModule
119853,Heroes,BUnityEngine.ImageConversionModule
119918,Automation,2Unity.WindowsMRAutomation
120044,Heroes,BUnityEngine.ImageConversionModule
120120,Heroes,0UnityEngine.SwitchModule
120126,Heroes,2UnityEngine.Switch2Module
120146,Heroes,Modules/ImageConversion/ScriptBindings/ImageConversion.bindings.h
120147,Heroes,HImageConversionBindings::EncodeToJPG
120148,Heroes,DImageConversionBindings::LoadImage
120157,Automation,2Unity.WindowsMRAutomation
120289,Heroes,BUnityEngine.ImageConversionModule
120291,Heroes,4Unity.ImageConversionTests
120334,Heroes,0UnityEngine.SwitchModule
120335,Heroes,2UnityEngine.Switch2Module
120386,Functions,.GetIVRDeviceScripting()U
120388,Functions,.GetIVRDeviceScripting()U
120423,Automation,2Unity.WindowsMRAutomation
120546,Heroes,BUnityEngine.ImageConversionModule
120590,Heroes,0UnityEngine.SwitchModule
120591,Heroes,2UnityEngine.Switch2Module
120622,Functions,"If true, the Outline and Background RectTransforms will update to match the outline and border width."
120637,Automation,2Unity.WindowsMRAutomation
120765,Heroes,BUnityEngine.ImageConversionModule
120811,Heroes,0UnityEngine.SwitchModule
120812,Heroes,2UnityEngine.Switch2Module
120873,Automation,2Unity.WindowsMRAutomation
120983,Heroes,BUnityEngine.ImageConversionModule
121079,Heroes,2UnityEngine.Switch2Module
121083,Heroes,0UnityEngine.SwitchModule
121090,Economy,8UnityEngine.Experimental.U2D
121095,Automation,2Unity.WindowsMRAutomation
121220,Heroes,BUnityEngine.ImageConversionModule
121293,Heroes,2UnityEngine.Switch2Module
121300,Heroes,0UnityEngine.SwitchModule
121390,Functions,*GetConsentStateStatic
121397,Functions,RUnityEngine_Identifiers_GetInstallationId
121452,CombatStats,<%Qphph%Q%Q
121480,CombatStats,X%Qphph%Q%Q
121502,CombatStats,<phph
121798,CombatStats,Xphph
121855,CombatStats,Xehehphph
121856,CombatStats,Xphph>i>i%QTiTi%Qoioi%Qqiqi%Qqi%Qqiqi
